[17:19:18] [main/INFO] (FabricLoader/GameProvider) Loading Minecraft 1.21.8 with Fabric Loader 0.16.14
[17:19:18] [main/DEBUG] (FabricLoader/GamePatch) Found game constructor: net.minecraft.client.main.Main -> net.minecraft.client.MinecraftClient
[17:19:18] [main/DEBUG] (FabricLoader/GamePatch) Patching game constructor <init>(Lnet/minecraft/client/RunArgs;)V
[17:19:18] [main/DEBUG] (FabricLoader/GamePatch) Run directory field is thought to be net/minecraft/client/MinecraftClient/runDirectory
[17:19:18] [main/DEBUG] (FabricLoader/GamePatch) Applying brand name hook to net/minecraft/client/ClientBrandRetriever::getClientModName
[17:19:18] [main/DEBUG] (FabricLoader/GamePatch) Applying brand name hook to net/minecraft/server/MinecraftServer::getServerModName
[17:19:18] [main/DEBUG] (FabricLoader/Mappings) Loading mappings took 102 ms
[17:19:18] [main/DEBUG] (FabricLoader/GamePatch) Patched 3 classs
[17:19:18] [main/DEBUG] (FabricLoader/Discovery) Mod discovery time: 18,5 ms
[17:19:18] [main/DEBUG] (FabricLoader/Resolution) Mod resolution time: 48,9 ms
[17:19:18] [main/INFO] (FabricLoader) Loading 50 mods:
	- fabric-api 0.131.0+1.21.8
	- fabric-api-base 0.5.0+cd8c0daa2c
	- fabric-api-lookup-api-v1 1.6.101+946bf4c32c
	- fabric-biome-api-v1 16.0.11+946bf4c32c
	- fabric-block-api-v1 1.1.3+946bf4c32c
	- fabric-block-view-api-v2 1.0.31+946bf4c32c
	- fabric-client-gametest-api-v1 4.2.5+8a98c3fc2c
	- fabric-command-api-v2 2.3.1+52fff9ec2c
	- fabric-content-registries-v0 10.0.19+946bf4c32c
	- fabric-convention-tags-v1 2.1.41+7f945d5b2c
	- fabric-convention-tags-v2 2.15.6+eb5df52f2c
	- fabric-crash-report-info-v1 0.3.15+946bf4c32c
	- fabric-data-attachment-api-v1 1.8.11+946bf4c32c
	- fabric-data-generation-api-v1 23.2.6+0b1ef9762c
	- fabric-dimensions-v1 4.0.19+946bf4c32c
	- fabric-entity-events-v1 2.1.2+c9e472732c
	- fabric-events-interaction-v0 4.0.24+946bf4c32c
	- fabric-game-rule-api-v1 1.0.73+c64c9c5b2c
	- fabric-gametest-api-v1 3.1.10+39ce47f52c
	- fabric-item-api-v1 11.5.0+02ce13f42c
	- fabric-item-group-api-v1 4.2.14+c5f9bbc12c
	- fabric-key-binding-api-v1 1.0.65+946bf4c32c
	- fabric-lifecycle-events-v1 2.6.4+db4dfd852c
	- fabric-loot-api-v2 3.0.56+3f89f5a52c
	- fabric-loot-api-v3 2.0.3+946bf4c32c
	- fabric-message-api-v1 6.1.2+946bf4c32c
	- fabric-model-loading-api-v1 5.2.6+946bf4c32c
	- fabric-networking-api-v1 5.0.2+946bf4c32c
	- fabric-object-builder-api-v1 21.1.8+946bf4c32c
	- fabric-particles-v1 4.1.8+946bf4c32c
	- fabric-recipe-api-v1 8.1.15+946bf4c32c
	- fabric-registry-sync-v0 6.1.28+946bf4c32c
	- fabric-renderer-api-v1 7.0.3+208eed172c
	- fabric-renderer-indigo 4.0.3+946bf4c32c
	- fabric-rendering-fluids-v1 3.1.31+fa6cb72b2c
	- fabric-rendering-v1 12.5.0+fbe231d52c
	- fabric-resource-conditions-api-v1 5.0.25+98e6d6db2c
	- fabric-resource-loader-v0 3.1.12+020423442c
	- fabric-screen-api-v1 2.1.1+277ecf7d2c
	- fabric-screen-handler-api-v1 1.3.137+946bf4c32c
	- fabric-sound-api-v1 1.0.42+946bf4c32c
	- fabric-tag-api-v1 1.2.2+946bf4c32c
	- fabric-transfer-api-v1 6.0.6+946bf4c32c
	- fabric-transitive-access-wideners-v1 6.4.1+ac3e15d12c
	- fabricloader 0.16.14
	- java 21
	- minecraft 1.21.8
	- mixinextras 0.4.1
	- modmenu 15.0.0-beta.3
	- noflamesmoke 1.1.0
[17:19:18] [main/DEBUG] (FabricLoader/Knot) Adding J:\SAH-Mods\NoFlameSmoke\noflamesmoke\.gradle\loom-cache\remapped_mods\net_fabricmc_yarn_1_21_8_1_21_8_build_1_v2\net\fabricmc\fabric-api\fabric-content-registries-v0\10.0.19+946bf4c32c\fabric-content-registries-v0-10.0.19+946bf4c32c.jar to classpath.
[17:19:18] [main/DEBUG] (FabricLoader/Knot) Adding J:\SAH-Mods\NoFlameSmoke\noflamesmoke\.gradle\loom-cache\remapped_mods\net_fabricmc_yarn_1_21_8_1_21_8_build_1_v2\net\fabricmc\fabric-api\fabric-resource-loader-v0\3.1.12+020423442c\fabric-resource-loader-v0-3.1.12+020423442c.jar to classpath.
[17:19:18] [main/DEBUG] (FabricLoader/Knot) Adding J:\SAH-Mods\NoFlameSmoke\noflamesmoke\build\resources\main to classpath.
[17:19:18] [main/DEBUG] (FabricLoader/Knot) Adding J:\SAH-Mods\NoFlameSmoke\noflamesmoke\.gradle\loom-cache\remapped_mods\net_fabricmc_yarn_1_21_8_1_21_8_build_1_v2\com\terraformersmc\modmenu\15.0.0-beta.3\modmenu-15.0.0-beta.3.jar to classpath.
[17:19:18] [main/DEBUG] (FabricLoader/Knot) Adding J:\SAH-Mods\NoFlameSmoke\noflamesmoke\.gradle\loom-cache\remapped_mods\net_fabricmc_yarn_1_21_8_1_21_8_build_1_v2\net\fabricmc\fabric-api\fabric-client-gametest-api-v1\4.2.5+8a98c3fc2c\fabric-client-gametest-api-v1-4.2.5+8a98c3fc2c.jar to classpath.
[17:19:18] [main/DEBUG] (FabricLoader/Knot) Adding J:\SAH-Mods\NoFlameSmoke\noflamesmoke\.gradle\loom-cache\remapped_mods\net_fabricmc_yarn_1_21_8_1_21_8_build_1_v2\net\fabricmc\fabric-api\fabric-dimensions-v1\4.0.19+946bf4c32c\fabric-dimensions-v1-4.0.19+946bf4c32c.jar to classpath.
[17:19:18] [main/DEBUG] (FabricLoader/Knot) Adding J:\SAH-Mods\NoFlameSmoke\noflamesmoke\.gradle\loom-cache\remapped_mods\net_fabricmc_yarn_1_21_8_1_21_8_build_1_v2\net\fabricmc\fabric-api\fabric-sound-api-v1\1.0.42+946bf4c32c\fabric-sound-api-v1-1.0.42+946bf4c32c.jar to classpath.
[17:19:18] [main/DEBUG] (FabricLoader/Knot) Adding J:\SAH-Mods\NoFlameSmoke\noflamesmoke\.gradle\loom-cache\remapped_mods\net_fabricmc_yarn_1_21_8_1_21_8_build_1_v2\net\fabricmc\fabric-api\fabric-gametest-api-v1\3.1.10+39ce47f52c\fabric-gametest-api-v1-3.1.10+39ce47f52c.jar to classpath.
[17:19:18] [main/DEBUG] (FabricLoader/Knot) Adding J:\SAH-Mods\NoFlameSmoke\noflamesmoke\.gradle\loom-cache\remapped_mods\net_fabricmc_yarn_1_21_8_1_21_8_build_1_v2\net\fabricmc\fabric-api\fabric-networking-api-v1\5.0.2+946bf4c32c\fabric-networking-api-v1-5.0.2+946bf4c32c.jar to classpath.
[17:19:18] [main/DEBUG] (FabricLoader/Knot) Adding J:\SAH-Mods\NoFlameSmoke\noflamesmoke\.gradle\loom-cache\remapped_mods\net_fabricmc_yarn_1_21_8_1_21_8_build_1_v2\net\fabricmc\fabric-api\fabric-data-attachment-api-v1\1.8.11+946bf4c32c\fabric-data-attachment-api-v1-1.8.11+946bf4c32c.jar to classpath.
[17:19:18] [main/DEBUG] (FabricLoader/Knot) Adding J:\SAH-Mods\NoFlameSmoke\noflamesmoke\.gradle\loom-cache\remapped_mods\net_fabricmc_yarn_1_21_8_1_21_8_build_1_v2\net\fabricmc\fabric-api\fabric-rendering-v1\12.5.0+fbe231d52c\fabric-rendering-v1-12.5.0+fbe231d52c.jar to classpath.
[17:19:18] [main/DEBUG] (FabricLoader/Knot) Adding J:\SAH-Mods\NoFlameSmoke\noflamesmoke\.gradle\loom-cache\remapped_mods\net_fabricmc_yarn_1_21_8_1_21_8_build_1_v2\net\fabricmc\fabric-api\fabric-renderer-api-v1\7.0.3+208eed172c\fabric-renderer-api-v1-7.0.3+208eed172c.jar to classpath.
[17:19:18] [main/DEBUG] (FabricLoader/Knot) Adding J:\SAH-Mods\NoFlameSmoke\noflamesmoke\.gradle\loom-cache\remapped_mods\net_fabricmc_yarn_1_21_8_1_21_8_build_1_v2\net\fabricmc\fabric-api\fabric-message-api-v1\6.1.2+946bf4c32c\fabric-message-api-v1-6.1.2+946bf4c32c.jar to classpath.
[17:19:18] [main/DEBUG] (FabricLoader/Knot) Adding J:\SAH-Mods\NoFlameSmoke\noflamesmoke\.gradle\loom-cache\remapped_mods\net_fabricmc_yarn_1_21_8_1_21_8_build_1_v2\net\fabricmc\fabric-api\fabric-registry-sync-v0\6.1.28+946bf4c32c\fabric-registry-sync-v0-6.1.28+946bf4c32c.jar to classpath.
[17:19:18] [main/DEBUG] (FabricLoader/Knot) Adding J:\SAH-Mods\NoFlameSmoke\noflamesmoke\.gradle\loom-cache\remapped_mods\net_fabricmc_yarn_1_21_8_1_21_8_build_1_v2\net\fabricmc\fabric-api\fabric-data-generation-api-v1\23.2.6+0b1ef9762c\fabric-data-generation-api-v1-23.2.6+0b1ef9762c.jar to classpath.
[17:19:18] [main/DEBUG] (FabricLoader/Knot) Adding J:\SAH-Mods\NoFlameSmoke\noflamesmoke\.gradle\loom-cache\remapped_mods\net_fabricmc_yarn_1_21_8_1_21_8_build_1_v2\net\fabricmc\fabric-api\fabric-api-base\0.5.0+cd8c0daa2c\fabric-api-base-0.5.0+cd8c0daa2c.jar to classpath.
[17:19:18] [main/DEBUG] (FabricLoader/Knot) Adding J:\SAH-Mods\NoFlameSmoke\noflamesmoke\.gradle\loom-cache\remapped_mods\net_fabricmc_yarn_1_21_8_1_21_8_build_1_v2\net\fabricmc\fabric-api\fabric-game-rule-api-v1\1.0.73+c64c9c5b2c\fabric-game-rule-api-v1-1.0.73+c64c9c5b2c.jar to classpath.
[17:19:18] [main/DEBUG] (FabricLoader/Knot) Adding J:\SAH-Mods\NoFlameSmoke\noflamesmoke\.gradle\loom-cache\remapped_mods\net_fabricmc_yarn_1_21_8_1_21_8_build_1_v2\net\fabricmc\fabric-api\fabric-particles-v1\4.1.8+946bf4c32c\fabric-particles-v1-4.1.8+946bf4c32c.jar to classpath.
[17:19:18] [main/DEBUG] (FabricLoader/Knot) Adding J:\SAH-Mods\NoFlameSmoke\noflamesmoke\.gradle\loom-cache\remapped_mods\net_fabricmc_yarn_1_21_8_1_21_8_build_1_v2\net\fabricmc\fabric-api\fabric-item-api-v1\11.5.0+02ce13f42c\fabric-item-api-v1-11.5.0+02ce13f42c.jar to classpath.
[17:19:18] [main/DEBUG] (FabricLoader/Knot) Adding J:\SAH-Mods\NoFlameSmoke\noflamesmoke\.gradle\loom-cache\remapped_mods\net_fabricmc_yarn_1_21_8_1_21_8_build_1_v2\net\fabricmc\fabric-api\fabric-resource-conditions-api-v1\5.0.25+98e6d6db2c\fabric-resource-conditions-api-v1-5.0.25+98e6d6db2c.jar to classpath.
[17:19:18] [main/DEBUG] (FabricLoader/Knot) Adding J:\SAH-Mods\NoFlameSmoke\noflamesmoke\.gradle\loom-cache\remapped_mods\net_fabricmc_yarn_1_21_8_1_21_8_build_1_v2\net\fabricmc\fabric-api\fabric-transitive-access-wideners-v1\6.4.1+ac3e15d12c\fabric-transitive-access-wideners-v1-6.4.1+ac3e15d12c.jar to classpath.
[17:19:18] [main/DEBUG] (FabricLoader/Knot) Adding J:\SAH-Mods\NoFlameSmoke\noflamesmoke\.gradle\loom-cache\remapped_mods\net_fabricmc_yarn_1_21_8_1_21_8_build_1_v2\net\fabricmc\fabric-api\fabric-loot-api-v2\3.0.56+3f89f5a52c\fabric-loot-api-v2-3.0.56+3f89f5a52c.jar to classpath.
[17:19:18] [main/DEBUG] (FabricLoader/Knot) Adding C:\Users\Simon\.gradle\caches\modules-2\files-2.1\io.github.llamalad7\mixinextras-fabric\0.4.1\8d1a9e96afb990367fa1f904d17580d164da72e3\mixinextras-fabric-0.4.1.jar to classpath.
[17:19:18] [main/DEBUG] (FabricLoader/Knot) Adding J:\SAH-Mods\NoFlameSmoke\noflamesmoke\.gradle\loom-cache\remapped_mods\net_fabricmc_yarn_1_21_8_1_21_8_build_1_v2\net\fabricmc\fabric-api\fabric-loot-api-v3\2.0.3+946bf4c32c\fabric-loot-api-v3-2.0.3+946bf4c32c.jar to classpath.
[17:19:18] [main/DEBUG] (FabricLoader/Knot) Adding J:\SAH-Mods\NoFlameSmoke\noflamesmoke\.gradle\loom-cache\remapped_mods\net_fabricmc_yarn_1_21_8_1_21_8_build_1_v2\net\fabricmc\fabric-api\fabric-api-lookup-api-v1\1.6.101+946bf4c32c\fabric-api-lookup-api-v1-1.6.101+946bf4c32c.jar to classpath.
[17:19:18] [main/DEBUG] (FabricLoader/Knot) Adding J:\SAH-Mods\NoFlameSmoke\noflamesmoke\.gradle\loom-cache\remapped_mods\net_fabricmc_yarn_1_21_8_1_21_8_build_1_v2\net\fabricmc\fabric-api\fabric-key-binding-api-v1\1.0.65+946bf4c32c\fabric-key-binding-api-v1-1.0.65+946bf4c32c.jar to classpath.
[17:19:18] [main/DEBUG] (FabricLoader/Knot) Adding J:\SAH-Mods\NoFlameSmoke\noflamesmoke\.gradle\loom-cache\remapped_mods\net_fabricmc_yarn_1_21_8_1_21_8_build_1_v2\net\fabricmc\fabric-api\fabric-events-interaction-v0\4.0.24+946bf4c32c\fabric-events-interaction-v0-4.0.24+946bf4c32c.jar to classpath.
[17:19:18] [main/DEBUG] (FabricLoader/Knot) Adding J:\SAH-Mods\NoFlameSmoke\noflamesmoke\.gradle\loom-cache\remapped_mods\net_fabricmc_yarn_1_21_8_1_21_8_build_1_v2\net\fabricmc\fabric-api\fabric-convention-tags-v2\2.15.6+eb5df52f2c\fabric-convention-tags-v2-2.15.6+eb5df52f2c.jar to classpath.
[17:19:18] [main/DEBUG] (FabricLoader/Knot) Adding J:\SAH-Mods\NoFlameSmoke\noflamesmoke\.gradle\loom-cache\remapped_mods\net_fabricmc_yarn_1_21_8_1_21_8_build_1_v2\net\fabricmc\fabric-api\fabric-model-loading-api-v1\5.2.6+946bf4c32c\fabric-model-loading-api-v1-5.2.6+946bf4c32c.jar to classpath.
[17:19:18] [main/DEBUG] (FabricLoader/Knot) Adding J:\SAH-Mods\NoFlameSmoke\noflamesmoke\.gradle\loom-cache\remapped_mods\net_fabricmc_yarn_1_21_8_1_21_8_build_1_v2\net\fabricmc\fabric-api\fabric-recipe-api-v1\8.1.15+946bf4c32c\fabric-recipe-api-v1-8.1.15+946bf4c32c.jar to classpath.
[17:19:18] [main/DEBUG] (FabricLoader/Knot) Adding J:\SAH-Mods\NoFlameSmoke\noflamesmoke\.gradle\loom-cache\remapped_mods\net_fabricmc_yarn_1_21_8_1_21_8_build_1_v2\net\fabricmc\fabric-api\fabric-biome-api-v1\16.0.11+946bf4c32c\fabric-biome-api-v1-16.0.11+946bf4c32c.jar to classpath.
[17:19:18] [main/DEBUG] (FabricLoader/Knot) Adding J:\SAH-Mods\NoFlameSmoke\noflamesmoke\.gradle\loom-cache\remapped_mods\net_fabricmc_yarn_1_21_8_1_21_8_build_1_v2\net\fabricmc\fabric-api\fabric-crash-report-info-v1\0.3.15+946bf4c32c\fabric-crash-report-info-v1-0.3.15+946bf4c32c.jar to classpath.
[17:19:18] [main/DEBUG] (FabricLoader/Knot) Adding J:\SAH-Mods\NoFlameSmoke\noflamesmoke\.gradle\loom-cache\remapped_mods\net_fabricmc_yarn_1_21_8_1_21_8_build_1_v2\net\fabricmc\fabric-api\fabric-convention-tags-v1\2.1.41+7f945d5b2c\fabric-convention-tags-v1-2.1.41+7f945d5b2c.jar to classpath.
[17:19:18] [main/DEBUG] (FabricLoader/Knot) Adding J:\SAH-Mods\NoFlameSmoke\noflamesmoke\.gradle\loom-cache\remapped_mods\net_fabricmc_yarn_1_21_8_1_21_8_build_1_v2\net\fabricmc\fabric-api\fabric-lifecycle-events-v1\2.6.4+db4dfd852c\fabric-lifecycle-events-v1-2.6.4+db4dfd852c.jar to classpath.
[17:19:18] [main/DEBUG] (FabricLoader/Knot) Adding J:\SAH-Mods\NoFlameSmoke\noflamesmoke\.gradle\loom-cache\remapped_mods\net_fabricmc_yarn_1_21_8_1_21_8_build_1_v2\net\fabricmc\fabric-api\fabric-block-view-api-v2\1.0.31+946bf4c32c\fabric-block-view-api-v2-1.0.31+946bf4c32c.jar to classpath.
[17:19:18] [main/DEBUG] (FabricLoader/Knot) Adding J:\SAH-Mods\NoFlameSmoke\noflamesmoke\.gradle\loom-cache\remapped_mods\net_fabricmc_yarn_1_21_8_1_21_8_build_1_v2\net\fabricmc\fabric-api\fabric-screen-handler-api-v1\1.3.137+946bf4c32c\fabric-screen-handler-api-v1-1.3.137+946bf4c32c.jar to classpath.
[17:19:18] [main/DEBUG] (FabricLoader/Knot) Adding J:\SAH-Mods\NoFlameSmoke\noflamesmoke\.gradle\loom-cache\remapped_mods\net_fabricmc_yarn_1_21_8_1_21_8_build_1_v2\net\fabricmc\fabric-api\fabric-rendering-fluids-v1\3.1.31+fa6cb72b2c\fabric-rendering-fluids-v1-3.1.31+fa6cb72b2c.jar to classpath.
[17:19:18] [main/DEBUG] (FabricLoader/Knot) Adding J:\SAH-Mods\NoFlameSmoke\noflamesmoke\.gradle\loom-cache\remapped_mods\net_fabricmc_yarn_1_21_8_1_21_8_build_1_v2\net\fabricmc\fabric-api\fabric-screen-api-v1\2.1.1+277ecf7d2c\fabric-screen-api-v1-2.1.1+277ecf7d2c.jar to classpath.
[17:19:18] [main/DEBUG] (FabricLoader/Knot) Adding J:\SAH-Mods\NoFlameSmoke\noflamesmoke\.gradle\loom-cache\remapped_mods\net_fabricmc_yarn_1_21_8_1_21_8_build_1_v2\net\fabricmc\fabric-api\fabric-command-api-v2\2.3.1+52fff9ec2c\fabric-command-api-v2-2.3.1+52fff9ec2c.jar to classpath.
[17:19:18] [main/DEBUG] (FabricLoader/Knot) Adding J:\SAH-Mods\NoFlameSmoke\noflamesmoke\.gradle\loom-cache\remapped_mods\net_fabricmc_yarn_1_21_8_1_21_8_build_1_v2\net\fabricmc\fabric-api\fabric-entity-events-v1\2.1.2+c9e472732c\fabric-entity-events-v1-2.1.2+c9e472732c.jar to classpath.
[17:19:18] [main/DEBUG] (FabricLoader/Knot) Adding J:\SAH-Mods\NoFlameSmoke\noflamesmoke\.gradle\loom-cache\remapped_mods\net_fabricmc_yarn_1_21_8_1_21_8_build_1_v2\net\fabricmc\fabric-api\fabric-renderer-indigo\4.0.3+946bf4c32c\fabric-renderer-indigo-4.0.3+946bf4c32c.jar to classpath.
[17:19:18] [main/DEBUG] (FabricLoader/Knot) Adding J:\SAH-Mods\NoFlameSmoke\noflamesmoke\.gradle\loom-cache\remapped_mods\net_fabricmc_yarn_1_21_8_1_21_8_build_1_v2\net\fabricmc\fabric-api\fabric-api\0.131.0+1.21.8\fabric-api-0.131.0+1.21.8.jar to classpath.
[17:19:18] [main/DEBUG] (FabricLoader/Knot) Adding J:\SAH-Mods\NoFlameSmoke\noflamesmoke\.gradle\loom-cache\remapped_mods\net_fabricmc_yarn_1_21_8_1_21_8_build_1_v2\net\fabricmc\fabric-api\fabric-transfer-api-v1\6.0.6+946bf4c32c\fabric-transfer-api-v1-6.0.6+946bf4c32c.jar to classpath.
[17:19:18] [main/DEBUG] (FabricLoader/Knot) Adding J:\SAH-Mods\NoFlameSmoke\noflamesmoke\.gradle\loom-cache\remapped_mods\net_fabricmc_yarn_1_21_8_1_21_8_build_1_v2\net\fabricmc\fabric-api\fabric-object-builder-api-v1\21.1.8+946bf4c32c\fabric-object-builder-api-v1-21.1.8+946bf4c32c.jar to classpath.
[17:19:18] [main/DEBUG] (FabricLoader/Knot) Adding J:\SAH-Mods\NoFlameSmoke\noflamesmoke\.gradle\loom-cache\remapped_mods\net_fabricmc_yarn_1_21_8_1_21_8_build_1_v2\net\fabricmc\fabric-api\fabric-tag-api-v1\1.2.2+946bf4c32c\fabric-tag-api-v1-1.2.2+946bf4c32c.jar to classpath.
[17:19:18] [main/DEBUG] (FabricLoader/Knot) Adding J:\SAH-Mods\NoFlameSmoke\noflamesmoke\.gradle\loom-cache\remapped_mods\net_fabricmc_yarn_1_21_8_1_21_8_build_1_v2\net\fabricmc\fabric-api\fabric-item-group-api-v1\4.2.14+c5f9bbc12c\fabric-item-group-api-v1-4.2.14+c5f9bbc12c.jar to classpath.
[17:19:18] [main/DEBUG] (FabricLoader/Knot) Adding J:\SAH-Mods\NoFlameSmoke\noflamesmoke\.gradle\loom-cache\remapped_mods\net_fabricmc_yarn_1_21_8_1_21_8_build_1_v2\net\fabricmc\fabric-api\fabric-block-api-v1\1.1.3+946bf4c32c\fabric-block-api-v1-1.1.3+946bf4c32c.jar to classpath.
[17:19:18] [main/DEBUG] (FabricLoader/Entrypoint) Registering new-style initializer com.sah.noflamesmoke.integration.ModMenuEntry for mod noflamesmoke (key modmenu)
[17:19:18] [main/DEBUG] (FabricLoader/Entrypoint) Registering new-style initializer com.sah.noflamesmoke.NoFlameSmokeMod for mod noflamesmoke (key client)
[17:19:18] [main/DEBUG] (FabricLoader/Entrypoint) Registering new-style initializer com.terraformersmc.modmenu.ModMenuModMenuCompat for mod modmenu (key modmenu)
[17:19:18] [main/DEBUG] (FabricLoader/Entrypoint) Registering new-style initializer com.terraformersmc.modmenu.ModMenu for mod modmenu (key client)
[17:19:18] [main/DEBUG] (FabricLoader/Entrypoint) Registering new-style initializer net.fabricmc.fabric.impl.gametest.FabricGameTestModInitializer for mod fabric-gametest-api-v1 (key main)
[17:19:18] [main/DEBUG] (FabricLoader/Entrypoint) Registering new-style initializer net.fabricmc.fabric.impl.networking.client.ClientNetworkingImpl::clientInit for mod fabric-networking-api-v1 (key client)
[17:19:18] [main/DEBUG] (FabricLoader/Entrypoint) Registering new-style initializer net.fabricmc.fabric.impl.networking.CommonPacketsImpl::init for mod fabric-networking-api-v1 (key main)
[17:19:18] [main/DEBUG] (FabricLoader/Entrypoint) Registering new-style initializer net.fabricmc.fabric.impl.networking.NetworkingImpl::init for mod fabric-networking-api-v1 (key main)
[17:19:18] [main/DEBUG] (FabricLoader/Entrypoint) Registering new-style initializer net.fabricmc.fabric.impl.attachment.client.AttachmentSyncClient for mod fabric-data-attachment-api-v1 (key client)
[17:19:18] [main/DEBUG] (FabricLoader/Entrypoint) Registering new-style initializer net.fabricmc.fabric.impl.attachment.AttachmentEntrypoint for mod fabric-data-attachment-api-v1 (key main)
[17:19:18] [main/DEBUG] (FabricLoader/Entrypoint) Registering new-style initializer net.fabricmc.fabric.impl.attachment.sync.AttachmentSync for mod fabric-data-attachment-api-v1 (key main)
[17:19:18] [main/DEBUG] (FabricLoader/Entrypoint) Registering new-style initializer net.fabricmc.fabric.impl.client.rendering.hud.HudStatusBarHeightRegistryImpl for mod fabric-rendering-v1 (key client)
[17:19:18] [main/DEBUG] (FabricLoader/Entrypoint) Registering new-style initializer net.fabricmc.fabric.impl.renderer.DebugHudClient for mod fabric-renderer-api-v1 (key client)
[17:19:18] [main/DEBUG] (FabricLoader/Entrypoint) Registering new-style initializer net.fabricmc.fabric.impl.client.registry.sync.FabricRegistryClientInit for mod fabric-registry-sync-v0 (key client)
[17:19:18] [main/DEBUG] (FabricLoader/Entrypoint) Registering new-style initializer net.fabricmc.fabric.impl.registry.sync.FabricRegistryInit for mod fabric-registry-sync-v0 (key main)
[17:19:18] [main/DEBUG] (FabricLoader/Entrypoint) Registering new-style initializer net.fabricmc.fabric.impl.client.particle.ExtendedBlockStateParticleEffectSyncClient for mod fabric-particles-v1 (key client)
[17:19:18] [main/DEBUG] (FabricLoader/Entrypoint) Registering new-style initializer net.fabricmc.fabric.impl.particle.ExtendedBlockStateParticleEffectSync for mod fabric-particles-v1 (key main)
[17:19:18] [main/DEBUG] (FabricLoader/Entrypoint) Registering new-style initializer net.fabricmc.fabric.impl.resource.conditions.ResourceConditionsImpl for mod fabric-resource-conditions-api-v1 (key main)
[17:19:18] [main/DEBUG] (FabricLoader/Entrypoint) Registering new-style initializer net.fabricmc.fabric.impl.loot.v2.LootInitializer for mod fabric-loot-api-v2 (key main)
[17:19:18] [main/DEBUG] (FabricLoader/Entrypoint) Registering new-style initializer net.fabricmc.fabric.impl.lookup.ApiLookupImpl for mod fabric-api-lookup-api-v1 (key main)
[17:19:18] [main/DEBUG] (FabricLoader/Entrypoint) Registering new-style initializer net.fabricmc.fabric.impl.event.interaction.InteractionEventsRouter for mod fabric-events-interaction-v0 (key main)
[17:19:18] [main/DEBUG] (FabricLoader/Entrypoint) Registering new-style initializer net.fabricmc.fabric.impl.tag.convention.v2.TranslationConventionLogWarnings for mod fabric-convention-tags-v2 (key main)
[17:19:18] [main/DEBUG] (FabricLoader/Entrypoint) Registering new-style initializer net.fabricmc.fabric.impl.client.model.loading.CustomUnbakedBlockStateModelInit for mod fabric-model-loading-api-v1 (key client)
[17:19:18] [main/DEBUG] (FabricLoader/Entrypoint) Registering new-style initializer net.fabricmc.fabric.impl.recipe.ingredient.client.CustomIngredientSyncClient for mod fabric-recipe-api-v1 (key client)
[17:19:18] [main/DEBUG] (FabricLoader/Entrypoint) Registering new-style initializer net.fabricmc.fabric.impl.recipe.ingredient.CustomIngredientInit for mod fabric-recipe-api-v1 (key main)
[17:19:18] [main/DEBUG] (FabricLoader/Entrypoint) Registering new-style initializer net.fabricmc.fabric.impl.recipe.ingredient.CustomIngredientSync for mod fabric-recipe-api-v1 (key main)
[17:19:18] [main/DEBUG] (FabricLoader/Entrypoint) Registering new-style initializer net.fabricmc.fabric.impl.tag.convention.ConventionLogWarnings for mod fabric-convention-tags-v1 (key main)
[17:19:18] [main/DEBUG] (FabricLoader/Entrypoint) Registering new-style initializer net.fabricmc.fabric.impl.client.event.lifecycle.ClientLifecycleEventsImpl for mod fabric-lifecycle-events-v1 (key client)
[17:19:18] [main/DEBUG] (FabricLoader/Entrypoint) Registering new-style initializer net.fabricmc.fabric.impl.event.lifecycle.LifecycleEventsImpl for mod fabric-lifecycle-events-v1 (key main)
[17:19:18] [main/DEBUG] (FabricLoader/Entrypoint) Registering new-style initializer net.fabricmc.fabric.impl.screenhandler.client.ClientNetworking for mod fabric-screen-handler-api-v1 (key client)
[17:19:18] [main/DEBUG] (FabricLoader/Entrypoint) Registering new-style initializer net.fabricmc.fabric.impl.screenhandler.Networking for mod fabric-screen-handler-api-v1 (key main)
[17:19:18] [main/DEBUG] (FabricLoader/Entrypoint) Registering new-style initializer net.fabricmc.fabric.impl.client.indigo.Indigo for mod fabric-renderer-indigo (key client)
[17:19:18] [main/DEBUG] (FabricLoader/Entrypoint) Registering new-style initializer net.fabricmc.fabric.impl.tag.TagInit for mod fabric-tag-api-v1 (key main)
[17:19:18] [main/INFO] (FabricLoader/Mixin) SpongePowered MIXIN Subsystem Version=0.8.7 Source=file:/C:/Users/Simon/.gradle/caches/modules-2/files-2.1/net.fabricmc/sponge-mixin/0.15.5+mixin.0.8.7/22f9eb729e216a091673a574a5906dc1b9027fb3/sponge-mixin-0.15.5+mixin.0.8.7.jar Service=Knot/Fabric Env=CLIENT
[17:19:18] [main/DEBUG] (FabricLoader/Mixin) Initialising Mixin Platform Manager
[17:19:18] [main/DEBUG] (FabricLoader/Mixin) Adding mixin platform agents for container ContainerHandleURI(file:///C:/Users/Simon/.gradle/caches/modules-2/files-2.1/net.fabricmc/fabric-loader/0.16.14/5778d47f536bf2c63ed2abc1a56f5a1c129e34a/fabric-loader-0.16.14.jar)
[17:19:18] [main/DEBUG] (FabricLoader/Mixin) Instancing new MixinPlatformAgentDefault for ContainerHandleURI(file:///C:/Users/Simon/.gradle/caches/modules-2/files-2.1/net.fabricmc/fabric-loader/0.16.14/5778d47f536bf2c63ed2abc1a56f5a1c129e34a/fabric-loader-0.16.14.jar)
[17:19:18] [main/DEBUG] (FabricLoader/Mixin) MixinPlatformAgentDefault accepted container ContainerHandleURI(file:///C:/Users/Simon/.gradle/caches/modules-2/files-2.1/net.fabricmc/fabric-loader/0.16.14/5778d47f536bf2c63ed2abc1a56f5a1c129e34a/fabric-loader-0.16.14.jar)
[17:19:18] [main/DEBUG] (FabricLoader/Mixin) Instancing new MixinPlatformAgentDefault for ContainerHandleURI(file:///C:/Users/Simon/.gradle/caches/modules-2/files-2.1/net.fabricmc/fabric-loader/0.16.14/5778d47f536bf2c63ed2abc1a56f5a1c129e34a/fabric-loader-0.16.14.jar)
[17:19:18] [main/DEBUG] (FabricLoader/Mixin) MixinPlatformAgentDefault accepted container ContainerHandleURI(file:///C:/Users/Simon/.gradle/caches/modules-2/files-2.1/net.fabricmc/fabric-loader/0.16.14/5778d47f536bf2c63ed2abc1a56f5a1c129e34a/fabric-loader-0.16.14.jar)
[17:19:18] [main/DEBUG] (FabricLoader/Mixin) Processing prepare() for PlatformAgent[MixinPlatformAgentDefault:ContainerHandleURI(file:///C:/Users/Simon/.gradle/caches/modules-2/files-2.1/net.fabricmc/fabric-loader/0.16.14/5778d47f536bf2c63ed2abc1a56f5a1c129e34a/fabric-loader-0.16.14.jar)]
[17:19:18] [main/DEBUG] (FabricLoader/Mixin) Processing prepare() for PlatformAgent[MixinPlatformAgentDefault:ContainerHandleURI(file:///C:/Users/Simon/.gradle/caches/modules-2/files-2.1/net.fabricmc/fabric-loader/0.16.14/5778d47f536bf2c63ed2abc1a56f5a1c129e34a/fabric-loader-0.16.14.jar)]
[17:19:19] [main/INFO] (FabricLoader/Mixin) Loaded Fabric development mappings for mixin remapper!
[17:19:19] [main/DEBUG] (FabricLoader/Mixin) Compatibility level JAVA_21 specified by fabric-content-registries-v0.mixins.json is higher than the maximum level supported by this version of mixin (JAVA_13).
[17:19:19] [main/INFO] (FabricLoader/Mixin) Compatibility level set to JAVA_21
[17:19:19] [main/DEBUG] (FabricLoader/Mixin) Mixin config fabric-content-registries-v0.mixins.json does not specify "minVersion" or "requiredFeatures" property
[17:19:19] [main/DEBUG] (FabricLoader/Mixin) Mixin config fabric-resource-loader-v0.mixins.json does not specify "minVersion" or "requiredFeatures" property
[17:19:19] [main/DEBUG] (FabricLoader/Mixin) Mixin config fabric-resource-loader-v0.client.mixins.json does not specify "minVersion" or "requiredFeatures" property
[17:19:19] [main/DEBUG] (FabricLoader/Mixin) Mixin config fabric-client-gametest-api-v1.mixins.json does not specify "minVersion" or "requiredFeatures" property
[17:19:19] [main/DEBUG] (FabricLoader/Mixin) Mixin config fabric-dimensions-v1.mixins.json does not specify "minVersion" or "requiredFeatures" property
[17:19:19] [main/DEBUG] (FabricLoader/Mixin) Mixin config fabric-sound-api-v1.mixins.json does not specify "minVersion" or "requiredFeatures" property
[17:19:19] [main/DEBUG] (FabricLoader/Mixin) Mixin config fabric-gametest-api-v1.mixins.json does not specify "minVersion" or "requiredFeatures" property
[17:19:19] [main/DEBUG] (FabricLoader/Mixin) Mixin config fabric-networking-api-v1.mixins.json does not specify "minVersion" or "requiredFeatures" property
[17:19:19] [main/DEBUG] (FabricLoader/Mixin) Mixin config fabric-networking-api-v1.client.mixins.json does not specify "minVersion" or "requiredFeatures" property
[17:19:19] [main/DEBUG] (FabricLoader/Mixin) Mixin config fabric-data-attachment-api-v1.mixins.json does not specify "minVersion" or "requiredFeatures" property
[17:19:19] [main/DEBUG] (FabricLoader/Mixin) Mixin config fabric-data-attachment-api-v1.client.mixins.json does not specify "minVersion" or "requiredFeatures" property
[17:19:19] [main/DEBUG] (FabricLoader/Mixin) Mixin config fabric-rendering-v1.mixins.json does not specify "minVersion" or "requiredFeatures" property
[17:19:19] [main/DEBUG] (FabricLoader/Mixin) Mixin config fabric-renderer-api-v1.mixins.json does not specify "minVersion" or "requiredFeatures" property
[17:19:19] [main/DEBUG] (FabricLoader/Mixin) Mixin config fabric-message-api-v1.mixins.json does not specify "minVersion" or "requiredFeatures" property
[17:19:19] [main/DEBUG] (FabricLoader/Mixin) Mixin config fabric-message-api-v1.client.mixins.json does not specify "minVersion" or "requiredFeatures" property
[17:19:19] [main/DEBUG] (FabricLoader/Mixin) Mixin config fabric-registry-sync-v0.mixins.json does not specify "minVersion" or "requiredFeatures" property
[17:19:19] [main/DEBUG] (FabricLoader/Mixin) Mixin config fabric-registry-sync-v0.client.mixins.json does not specify "minVersion" or "requiredFeatures" property
[17:19:19] [main/DEBUG] (FabricLoader/Mixin) Mixin config fabric-data-generation-api-v1.mixins.json does not specify "minVersion" or "requiredFeatures" property
[17:19:19] [main/DEBUG] (FabricLoader/Mixin) Mixin config fabric-data-generation-api-v1.client.mixins.json does not specify "minVersion" or "requiredFeatures" property
[17:19:19] [main/DEBUG] (FabricLoader/Mixin) Mixin config fabric-game-rule-api-v1.mixins.json does not specify "minVersion" or "requiredFeatures" property
[17:19:19] [main/DEBUG] (FabricLoader/Mixin) Mixin config fabric-game-rule-api-v1.client.mixins.json does not specify "minVersion" or "requiredFeatures" property
[17:19:19] [main/DEBUG] (FabricLoader/Mixin) Mixin config fabric-particles-v1.mixins.json does not specify "minVersion" or "requiredFeatures" property
[17:19:19] [main/DEBUG] (FabricLoader/Mixin) Mixin config fabric-particles-v1.client.mixins.json does not specify "minVersion" or "requiredFeatures" property
[17:19:19] [main/DEBUG] (FabricLoader/Mixin) Mixin config fabric-item-api-v1.mixins.json does not specify "minVersion" or "requiredFeatures" property
[17:19:19] [main/DEBUG] (FabricLoader/Mixin) Mixin config fabric-item-api-v1.client.mixins.json does not specify "minVersion" or "requiredFeatures" property
[17:19:19] [main/DEBUG] (FabricLoader/Mixin) Mixin config fabric-resource-conditions-api-v1.mixins.json does not specify "minVersion" or "requiredFeatures" property
[17:19:19] [main/DEBUG] (FabricLoader/Mixin) Mixin config fabric-loot-api-v2.mixins.json does not specify "minVersion" or "requiredFeatures" property
[17:19:19] [main/DEBUG] (FabricLoader/Mixin) Mixin config fabric-loot-api-v3.mixins.json does not specify "minVersion" or "requiredFeatures" property
[17:19:19] [main/DEBUG] (FabricLoader/Mixin) Mixin config fabric-api-lookup-api-v1.mixins.json does not specify "minVersion" or "requiredFeatures" property
[17:19:19] [main/DEBUG] (FabricLoader/Mixin) Mixin config fabric-key-binding-api-v1.mixins.json does not specify "minVersion" or "requiredFeatures" property
[17:19:19] [main/DEBUG] (FabricLoader/Mixin) Mixin config fabric-events-interaction-v0.mixins.json does not specify "minVersion" or "requiredFeatures" property
[17:19:19] [main/DEBUG] (FabricLoader/Mixin) Mixin config fabric-events-interaction-v0.client.mixins.json does not specify "minVersion" or "requiredFeatures" property
[17:19:19] [main/DEBUG] (FabricLoader/Mixin) Mixin config fabric-convention-tags-api-v2.mixins.json does not specify "minVersion" or "requiredFeatures" property
[17:19:19] [main/DEBUG] (FabricLoader/Mixin) Mixin config fabric-model-loading-api-v1.mixins.json does not specify "minVersion" or "requiredFeatures" property
[17:19:19] [main/DEBUG] (FabricLoader/Mixin) Mixin config fabric-recipe-api-v1.mixins.json does not specify "minVersion" or "requiredFeatures" property
[17:19:19] [main/DEBUG] (FabricLoader/Mixin) Mixin config fabric-biome-api-v1.mixins.json does not specify "minVersion" or "requiredFeatures" property
[17:19:19] [main/DEBUG] (FabricLoader/Mixin) Mixin config fabric-crash-report-info-v1.mixins.json does not specify "minVersion" or "requiredFeatures" property
[17:19:19] [main/DEBUG] (FabricLoader/Mixin) Mixin config fabric-lifecycle-events-v1.mixins.json does not specify "minVersion" or "requiredFeatures" property
[17:19:19] [main/DEBUG] (FabricLoader/Mixin) Mixin config fabric-lifecycle-events-v1.client.mixins.json does not specify "minVersion" or "requiredFeatures" property
[17:19:19] [main/DEBUG] (FabricLoader/Mixin) Mixin config fabric-block-view-api-v2.mixins.json does not specify "minVersion" or "requiredFeatures" property
[17:19:19] [main/DEBUG] (FabricLoader/Mixin) Mixin config fabric-block-view-api-v2.client.mixins.json does not specify "minVersion" or "requiredFeatures" property
[17:19:19] [main/DEBUG] (FabricLoader/Mixin) Mixin config fabric-screen-handler-api-v1.mixins.json does not specify "minVersion" or "requiredFeatures" property
[17:19:19] [main/DEBUG] (FabricLoader/Mixin) Mixin config fabric-rendering-fluids-v1.mixins.json does not specify "minVersion" or "requiredFeatures" property
[17:19:19] [main/DEBUG] (FabricLoader/Mixin) Mixin config fabric-screen-api-v1.mixins.json does not specify "minVersion" or "requiredFeatures" property
[17:19:19] [main/DEBUG] (FabricLoader/Mixin) Mixin config fabric-command-api-v2.mixins.json does not specify "minVersion" or "requiredFeatures" property
[17:19:19] [main/DEBUG] (FabricLoader/Mixin) Mixin config fabric-command-api-v2.client.mixins.json does not specify "minVersion" or "requiredFeatures" property
[17:19:19] [main/DEBUG] (FabricLoader/Mixin) Mixin config fabric-entity-events-v1.mixins.json does not specify "minVersion" or "requiredFeatures" property
[17:19:19] [main/DEBUG] (FabricLoader/Mixin) Mixin config fabric-renderer-indigo.mixins.json does not specify "minVersion" or "requiredFeatures" property
[17:19:19] [main/DEBUG] (FabricLoader/Mixin) Mixin config fabric-transfer-api-v1.mixins.json does not specify "minVersion" or "requiredFeatures" property
[17:19:19] [main/DEBUG] (FabricLoader/Mixin) Mixin config fabric-object-builder-v1.mixins.json does not specify "minVersion" or "requiredFeatures" property
[17:19:19] [main/DEBUG] (FabricLoader/Mixin) Mixin config fabric-object-builder-v1.client.mixins.json does not specify "minVersion" or "requiredFeatures" property
[17:19:19] [main/DEBUG] (FabricLoader/Mixin) Mixin config fabric-tag-api-v1.mixins.json does not specify "minVersion" or "requiredFeatures" property
[17:19:19] [main/DEBUG] (FabricLoader/Mixin) Mixin config fabric-item-group-api-v1.mixins.json does not specify "minVersion" or "requiredFeatures" property
[17:19:19] [main/DEBUG] (FabricLoader/Mixin) Mixin config fabric-item-group-api-v1.client.mixins.json does not specify "minVersion" or "requiredFeatures" property
[17:19:19] [main/DEBUG] (FabricLoader/Mixin) Mixin config fabric-block-api-v1.mixins.json does not specify "minVersion" or "requiredFeatures" property
[17:19:19] [main/DEBUG] (FabricLoader/Knot) Adding J:\SAH-Mods\NoFlameSmoke\noflamesmoke\.gradle\loom-cache\minecraftMaven\net\minecraft\minecraft-merged-bbdd70ac6e\1.21.8-net.fabricmc.yarn.1_21_8.1.21.8+build.1-v2\minecraft-merged-bbdd70ac6e-1.21.8-net.fabricmc.yarn.1_21_8.1.21.8+build.1-v2.jar to classpath.
[17:19:19] [main/DEBUG] (FabricLoader/Knot) Adding J:\SAH-Mods\NoFlameSmoke\noflamesmoke\build\classes\java\main to classpath.
[17:19:19] [main/DEBUG] (FabricLoader/Knot) Adding J:\SAH-Mods\NoFlameSmoke\noflamesmoke\build\resources\main to classpath.
[17:19:19] [main/DEBUG] (FabricLoader/Knot) Adding C:\Users\Simon\.gradle\caches\fabric-loom\1.21.8\net.fabricmc.yarn.1_21_8.1.21.8+build.1-v2\mappings.jar to classpath.
[17:19:19] [main/DEBUG] (FabricLoader/Knot) Adding C:\Users\Simon\.gradle\caches\modules-2\files-2.1\io.github.llamalad7\mixinextras-fabric\0.4.1\8d1a9e96afb990367fa1f904d17580d164da72e3\mixinextras-fabric-0.4.1.jar to classpath.
[17:19:19] [main/DEBUG] (FabricLoader/Knot) Adding C:\Users\Simon\.gradle\caches\modules-2\files-2.1\net.fabricmc\dev-launch-injector\0.2.1+build.8\da8bef7e6e2f952da707f282bdb46882a0fce5e3\dev-launch-injector-0.2.1+build.8.jar to classpath.
[17:19:19] [main/DEBUG] (FabricLoader/Knot) Adding C:\Users\Simon\.gradle\caches\modules-2\files-2.1\com.fasterxml.jackson.core\jackson-annotations\2.13.4\858c6cc78e1f08a885b1613e1d817c829df70a6e\jackson-annotations-2.13.4.jar to classpath.
[17:19:19] [main/DEBUG] (FabricLoader/Knot) Adding C:\Users\Simon\.gradle\caches\modules-2\files-2.1\com.fasterxml.jackson.core\jackson-core\2.13.4\cf934c681294b97ef6d80082faeefbe1edadf56\jackson-core-2.13.4.jar to classpath.
[17:19:19] [main/DEBUG] (FabricLoader/Knot) Adding C:\Users\Simon\.gradle\caches\modules-2\files-2.1\com.fasterxml.jackson.core\jackson-databind\2.13.4.2\325c06bdfeb628cfb80ebaaf1a26cc1eb558a585\jackson-databind-2.13.4.2.jar to classpath.
[17:19:19] [main/DEBUG] (FabricLoader/Knot) Adding C:\Users\Simon\.gradle\caches\modules-2\files-2.1\com.github.oshi\oshi-core\6.6.5\e1099981fd15dc4236c4499d82aba1276fb43a9a\oshi-core-6.6.5.jar to classpath.
[17:19:19] [main/DEBUG] (FabricLoader/Knot) Adding C:\Users\Simon\.gradle\caches\modules-2\files-2.1\com.github.stephenc.jcip\jcip-annotations\1.0-1\ef31541dd28ae2cefdd17c7ebf352d93e9058c63\jcip-annotations-1.0-1.jar to classpath.
[17:19:19] [main/DEBUG] (FabricLoader/Knot) Adding C:\Users\Simon\.gradle\caches\modules-2\files-2.1\com.google.guava\failureaccess\1.0.2\c4a06a64e650562f30b7bf9aaec1bfed43aca12b\failureaccess-1.0.2.jar to classpath.
[17:19:19] [main/DEBUG] (FabricLoader/Knot) Adding C:\Users\Simon\.gradle\caches\modules-2\files-2.1\com.google.guava\guava\33.3.1-jre\852f8b363da0111e819460021ca693cacca3e8db\guava-33.3.1-jre.jar to classpath.
[17:19:19] [main/DEBUG] (FabricLoader/Knot) Adding C:\Users\Simon\.gradle\caches\modules-2\files-2.1\com.ibm.icu\icu4j\76.1\215f3a8e936d4069344bd75f2b1368fd58112894\icu4j-76.1.jar to classpath.
[17:19:19] [main/DEBUG] (FabricLoader/Knot) Adding C:\Users\Simon\.gradle\caches\modules-2\files-2.1\com.microsoft.azure\msal4j\1.17.2\a6211e3d71d0388929babaa0ff0951b30d001852\msal4j-1.17.2.jar to classpath.
[17:19:19] [main/DEBUG] (FabricLoader/Knot) Adding C:\Users\Simon\.gradle\caches\modules-2\files-2.1\com.mojang\blocklist\1.0.10\5c685c5ffa94c4cd39496c7184c1d122e515ecef\blocklist-1.0.10.jar to classpath.
[17:19:19] [main/DEBUG] (FabricLoader/Knot) Adding C:\Users\Simon\.gradle\caches\modules-2\files-2.1\com.mojang\brigadier\1.3.10\d15b53a14cf20fdcaa98f731af5dda654452c010\brigadier-1.3.10.jar to classpath.
[17:19:19] [main/DEBUG] (FabricLoader/Knot) Adding C:\Users\Simon\.gradle\caches\modules-2\files-2.1\com.mojang\datafixerupper\8.0.16\67d4de6d7f95d89bcf5862995fb854ebaec02a34\datafixerupper-8.0.16.jar to classpath.
[17:19:19] [main/DEBUG] (FabricLoader/Knot) Adding C:\Users\Simon\.gradle\caches\modules-2\files-2.1\com.mojang\jtracy\1.0.29\6f07dcb6a2e595c7ee2ca43b67e5d1c018ca0770\jtracy-1.0.29.jar to classpath.
[17:19:19] [main/DEBUG] (FabricLoader/Knot) Adding C:\Users\Simon\.gradle\caches\modules-2\files-2.1\com.mojang\jtracy\1.0.29\e05332cb31c7ae582dc8d8bd1bffd47c2ff7636f\jtracy-1.0.29-natives-windows.jar to classpath.
[17:19:19] [main/DEBUG] (FabricLoader/Knot) Adding C:\Users\Simon\.gradle\caches\modules-2\files-2.1\com.mojang\patchy\2.2.10\da05971b07cbb379d002cf7eaec6a2048211fefc\patchy-2.2.10.jar to classpath.
[17:19:19] [main/DEBUG] (FabricLoader/Knot) Adding C:\Users\Simon\.gradle\caches\modules-2\files-2.1\com.mojang\text2speech\1.18.11\e853a12cdd6ba4f4836e8f4bf3b37844a13482b6\text2speech-1.18.11.jar to classpath.
[17:19:19] [main/DEBUG] (FabricLoader/Knot) Adding C:\Users\Simon\.gradle\caches\modules-2\files-2.1\com.nimbusds\content-type\2.3\e3aa0be212d7a42839a8f3f506f5b990bcce0222\content-type-2.3.jar to classpath.
[17:19:19] [main/DEBUG] (FabricLoader/Knot) Adding C:\Users\Simon\.gradle\caches\modules-2\files-2.1\com.nimbusds\lang-tag\1.7\97c73ecd70bc7e8eefb26c5eea84f251a63f1031\lang-tag-1.7.jar to classpath.
[17:19:19] [main/DEBUG] (FabricLoader/Knot) Adding C:\Users\Simon\.gradle\caches\modules-2\files-2.1\com.nimbusds\nimbus-jose-jwt\9.40\42b1dfa0360e4062951b070bac52dd8d96fd7b38\nimbus-jose-jwt-9.40.jar to classpath.
[17:19:19] [main/DEBUG] (FabricLoader/Knot) Adding C:\Users\Simon\.gradle\caches\modules-2\files-2.1\com.nimbusds\oauth2-oidc-sdk\11.18\7c7ec4f4066625ff07a711ad856fa04da1ff9de\oauth2-oidc-sdk-11.18.jar to classpath.
[17:19:19] [main/DEBUG] (FabricLoader/Knot) Adding C:\Users\Simon\.gradle\caches\modules-2\files-2.1\commons-codec\commons-codec\1.17.1\973638b7149d333563584137ebf13a691bb60579\commons-codec-1.17.1.jar to classpath.
[17:19:19] [main/DEBUG] (FabricLoader/Knot) Adding C:\Users\Simon\.gradle\caches\modules-2\files-2.1\commons-io\commons-io\2.17.0\ddcc8433eb019fb48fe25207c0278143f3e1d7e2\commons-io-2.17.0.jar to classpath.
[17:19:19] [main/DEBUG] (FabricLoader/Knot) Adding C:\Users\Simon\.gradle\caches\modules-2\files-2.1\commons-logging\commons-logging\1.3.4\b9fc14968d63a8b8a8a2c1885fe3e90564239708\commons-logging-1.3.4.jar to classpath.
[17:19:19] [main/DEBUG] (FabricLoader/Knot) Adding C:\Users\Simon\.gradle\caches\modules-2\files-2.1\io.netty\netty-buffer\4.1.118.Final\7022990af1e0d449f9d5322035899745e19735c5\netty-buffer-4.1.118.Final.jar to classpath.
[17:19:19] [main/DEBUG] (FabricLoader/Knot) Adding C:\Users\Simon\.gradle\caches\modules-2\files-2.1\io.netty\netty-codec\4.1.118.Final\307f665c08ce57333121de4f460479fc0c3c94d4\netty-codec-4.1.118.Final.jar to classpath.
[17:19:19] [main/DEBUG] (FabricLoader/Knot) Adding C:\Users\Simon\.gradle\caches\modules-2\files-2.1\io.netty\netty-common\4.1.118.Final\4bb0f9899146484fa89f7b9bc27389d5b8e2ecde\netty-common-4.1.118.Final.jar to classpath.
[17:19:19] [main/DEBUG] (FabricLoader/Knot) Adding C:\Users\Simon\.gradle\caches\modules-2\files-2.1\io.netty\netty-handler\4.1.118.Final\30ebb05b6b0fb071dbfcf713017c4a767a97bb9b\netty-handler-4.1.118.Final.jar to classpath.
[17:19:19] [main/DEBUG] (FabricLoader/Knot) Adding C:\Users\Simon\.gradle\caches\modules-2\files-2.1\io.netty\netty-resolver\4.1.118.Final\28c378c19c1779eca1104b400452627f3ebc4aea\netty-resolver-4.1.118.Final.jar to classpath.
[17:19:19] [main/DEBUG] (FabricLoader/Knot) Adding C:\Users\Simon\.gradle\caches\modules-2\files-2.1\io.netty\netty-transport-classes-epoll\4.1.118.Final\376ce95507066f0e755d97c1c8bcd6c33f657617\netty-transport-classes-epoll-4.1.118.Final.jar to classpath.
[17:19:19] [main/DEBUG] (FabricLoader/Knot) Adding C:\Users\Simon\.gradle\caches\modules-2\files-2.1\io.netty\netty-transport-native-unix-common\4.1.118.Final\9da25a94e6a0edac90da0bc7894e5a54efcb866b\netty-transport-native-unix-common-4.1.118.Final.jar to classpath.
[17:19:19] [main/DEBUG] (FabricLoader/Knot) Adding C:\Users\Simon\.gradle\caches\modules-2\files-2.1\io.netty\netty-transport\4.1.118.Final\5a27232e5d08218722d94ca14f0b1b4576e7711c\netty-transport-4.1.118.Final.jar to classpath.
[17:19:19] [main/DEBUG] (FabricLoader/Knot) Adding C:\Users\Simon\.gradle\caches\modules-2\files-2.1\it.unimi.dsi\fastutil\8.5.15\1e885b40c9563ab0d3899b871fd0b30e958705dc\fastutil-8.5.15.jar to classpath.
[17:19:19] [main/DEBUG] (FabricLoader/Knot) Adding C:\Users\Simon\.gradle\caches\modules-2\files-2.1\net.java.dev.jna\jna-platform\5.15.0\86b502cad57d45da172b5e3231c537b042e296ef\jna-platform-5.15.0.jar to classpath.
[17:19:19] [main/DEBUG] (FabricLoader/Knot) Adding C:\Users\Simon\.gradle\caches\modules-2\files-2.1\net.java.dev.jna\jna\5.15.0\1ee1d80ff44f08280188f7c0e740d57207841ac\jna-5.15.0.jar to classpath.
[17:19:19] [main/DEBUG] (FabricLoader/Knot) Adding C:\Users\Simon\.gradle\caches\modules-2\files-2.1\net.minidev\accessors-smart\2.5.1\19b820261eb2e7de7d5bde11d1c06e4501dd7e5f\accessors-smart-2.5.1.jar to classpath.
[17:19:19] [main/DEBUG] (FabricLoader/Knot) Adding C:\Users\Simon\.gradle\caches\modules-2\files-2.1\net.minidev\json-smart\2.5.1\4c11d2808d009132dfbbf947ebf37de6bf266c8e\json-smart-2.5.1.jar to classpath.
[17:19:19] [main/DEBUG] (FabricLoader/Knot) Adding C:\Users\Simon\.gradle\caches\modules-2\files-2.1\net.sf.jopt-simple\jopt-simple\5.0.4\4fdac2fbe92dfad86aa6e9301736f6b4342a3f5c\jopt-simple-5.0.4.jar to classpath.
[17:19:19] [main/DEBUG] (FabricLoader/Knot) Adding C:\Users\Simon\.gradle\caches\modules-2\files-2.1\org.apache.commons\commons-compress\1.27.1\a19151084758e2fbb6b41eddaa88e7b8ff4e6599\commons-compress-1.27.1.jar to classpath.
[17:19:19] [main/DEBUG] (FabricLoader/Knot) Adding C:\Users\Simon\.gradle\caches\modules-2\files-2.1\org.apache.commons\commons-lang3\3.17.0\b17d2136f0460dcc0d2016ceefca8723bdf4ee70\commons-lang3-3.17.0.jar to classpath.
[17:19:19] [main/DEBUG] (FabricLoader/Knot) Adding C:\Users\Simon\.gradle\caches\modules-2\files-2.1\org.apache.httpcomponents\httpclient\4.5.14\1194890e6f56ec29177673f2f12d0b8e627dec98\httpclient-4.5.14.jar to classpath.
[17:19:19] [main/DEBUG] (FabricLoader/Knot) Adding C:\Users\Simon\.gradle\caches\modules-2\files-2.1\org.apache.httpcomponents\httpcore\4.4.16\51cf043c87253c9f58b539c9f7e44c8894223850\httpcore-4.4.16.jar to classpath.
[17:19:19] [main/DEBUG] (FabricLoader/Knot) Adding C:\Users\Simon\.gradle\caches\modules-2\files-2.1\org.jcraft\jorbis\0.0.17\8872d22b293e8f5d7d56ff92be966e6dc28ebdc6\jorbis-0.0.17.jar to classpath.
[17:19:19] [main/DEBUG] (FabricLoader/Knot) Adding C:\Users\Simon\.gradle\caches\modules-2\files-2.1\org.joml\joml\1.10.8\fc0a71dad90a2cf41d82a76156a0e700af8e4f8d\joml-1.10.8.jar to classpath.
[17:19:19] [main/DEBUG] (FabricLoader/Knot) Adding C:\Users\Simon\.gradle\caches\modules-2\files-2.1\org.lwjgl\lwjgl-freetype\3.3.3\a0db6c84a8becc8ca05f9dbfa985edc348a824c7\lwjgl-freetype-3.3.3.jar to classpath.
[17:19:19] [main/DEBUG] (FabricLoader/Knot) Adding C:\Users\Simon\.gradle\caches\modules-2\files-2.1\org.lwjgl\lwjgl-freetype\3.3.3\81091b006dbb43fab04c8c638e9ac87c51b4096d\lwjgl-freetype-3.3.3-natives-windows.jar to classpath.
[17:19:19] [main/DEBUG] (FabricLoader/Knot) Adding C:\Users\Simon\.gradle\caches\modules-2\files-2.1\org.lwjgl\lwjgl-freetype\3.3.3\82028265a0a2ff33523ca75137ada7dc176e5210\lwjgl-freetype-3.3.3-natives-windows-arm64.jar to classpath.
[17:19:19] [main/DEBUG] (FabricLoader/Knot) Adding C:\Users\Simon\.gradle\caches\modules-2\files-2.1\org.lwjgl\lwjgl-freetype\3.3.3\15a8c1de7f51d07a92eae7ce1222557073a0c0c3\lwjgl-freetype-3.3.3-natives-windows-x86.jar to classpath.
[17:19:19] [main/DEBUG] (FabricLoader/Knot) Adding C:\Users\Simon\.gradle\caches\modules-2\files-2.1\org.lwjgl\lwjgl-glfw\3.3.3\efa1eb78c5ccd840e9f329717109b5e892d72f8e\lwjgl-glfw-3.3.3.jar to classpath.
[17:19:19] [main/DEBUG] (FabricLoader/Knot) Adding C:\Users\Simon\.gradle\caches\modules-2\files-2.1\org.lwjgl\lwjgl-glfw\3.3.3\e449e28b4891fc423c54c85fbc5bb0b9efece67a\lwjgl-glfw-3.3.3-natives-windows.jar to classpath.
[17:19:19] [main/DEBUG] (FabricLoader/Knot) Adding C:\Users\Simon\.gradle\caches\modules-2\files-2.1\org.lwjgl\lwjgl-glfw\3.3.3\f27018dc74f6289574502b46cce55d52817554e2\lwjgl-glfw-3.3.3-natives-windows-arm64.jar to classpath.
[17:19:19] [main/DEBUG] (FabricLoader/Knot) Adding C:\Users\Simon\.gradle\caches\modules-2\files-2.1\org.lwjgl\lwjgl-glfw\3.3.3\32334f3fd5270a59bad9939a93115acb6de36dcf\lwjgl-glfw-3.3.3-natives-windows-x86.jar to classpath.
[17:19:19] [main/DEBUG] (FabricLoader/Knot) Adding C:\Users\Simon\.gradle\caches\modules-2\files-2.1\org.lwjgl\lwjgl-jemalloc\3.3.3\b543467b7ff3c6920539a88ee602d34098628be5\lwjgl-jemalloc-3.3.3.jar to classpath.
[17:19:19] [main/DEBUG] (FabricLoader/Knot) Adding C:\Users\Simon\.gradle\caches\modules-2\files-2.1\org.lwjgl\lwjgl-jemalloc\3.3.3\426222fc027602a5f21b9c0fe79cde6a4c7a011f\lwjgl-jemalloc-3.3.3-natives-windows.jar to classpath.
[17:19:19] [main/DEBUG] (FabricLoader/Knot) Adding C:\Users\Simon\.gradle\caches\modules-2\files-2.1\org.lwjgl\lwjgl-jemalloc\3.3.3\ba1f3fed0ee4be0217eaa41c5bbfb4b9b1383c33\lwjgl-jemalloc-3.3.3-natives-windows-arm64.jar to classpath.
[17:19:19] [main/DEBUG] (FabricLoader/Knot) Adding C:\Users\Simon\.gradle\caches\modules-2\files-2.1\org.lwjgl\lwjgl-jemalloc\3.3.3\f6063b6e0f23be483c5c88d84ce51b39dc69126c\lwjgl-jemalloc-3.3.3-natives-windows-x86.jar to classpath.
[17:19:19] [main/DEBUG] (FabricLoader/Knot) Adding C:\Users\Simon\.gradle\caches\modules-2\files-2.1\org.lwjgl\lwjgl-openal\3.3.3\daada81ceb5fc0c291fbfdd4433cb8d9423577f2\lwjgl-openal-3.3.3.jar to classpath.
[17:19:19] [main/DEBUG] (FabricLoader/Knot) Adding C:\Users\Simon\.gradle\caches\modules-2\files-2.1\org.lwjgl\lwjgl-openal\3.3.3\cf83862ae95d98496b26915024c7e666d8ab1c8f\lwjgl-openal-3.3.3-natives-windows.jar to classpath.
[17:19:19] [main/DEBUG] (FabricLoader/Knot) Adding C:\Users\Simon\.gradle\caches\modules-2\files-2.1\org.lwjgl\lwjgl-openal\3.3.3\8e0615235116b9e4160dfe87bec90f5f6378bf72\lwjgl-openal-3.3.3-natives-windows-arm64.jar to classpath.
[17:19:19] [main/DEBUG] (FabricLoader/Knot) Adding C:\Users\Simon\.gradle\caches\modules-2\files-2.1\org.lwjgl\lwjgl-openal\3.3.3\87b8d5050e3adb46bb58fe1cb2669a4a48fce10d\lwjgl-openal-3.3.3-natives-windows-x86.jar to classpath.
[17:19:19] [main/DEBUG] (FabricLoader/Knot) Adding C:\Users\Simon\.gradle\caches\modules-2\files-2.1\org.lwjgl\lwjgl-opengl\3.3.3\2f6b0147078396a58979125a4c947664e98293a\lwjgl-opengl-3.3.3.jar to classpath.
[17:19:19] [main/DEBUG] (FabricLoader/Knot) Adding C:\Users\Simon\.gradle\caches\modules-2\files-2.1\org.lwjgl\lwjgl-opengl\3.3.3\e6c1eec8be8a71951b830a4d69efc01c6531900c\lwjgl-opengl-3.3.3-natives-windows.jar to classpath.
[17:19:19] [main/DEBUG] (FabricLoader/Knot) Adding C:\Users\Simon\.gradle\caches\modules-2\files-2.1\org.lwjgl\lwjgl-opengl\3.3.3\65e956d3735a1abdc82eff4baec1b61174697d4b\lwjgl-opengl-3.3.3-natives-windows-arm64.jar to classpath.
[17:19:19] [main/DEBUG] (FabricLoader/Knot) Adding C:\Users\Simon\.gradle\caches\modules-2\files-2.1\org.lwjgl\lwjgl-opengl\3.3.3\d32d833dcaa2f355a886eaf21f0408b5f03241d\lwjgl-opengl-3.3.3-natives-windows-x86.jar to classpath.
[17:19:19] [main/DEBUG] (FabricLoader/Knot) Adding C:\Users\Simon\.gradle\caches\modules-2\files-2.1\org.lwjgl\lwjgl-stb\3.3.3\25dd6161988d7e65f71d5065c99902402ee32746\lwjgl-stb-3.3.3.jar to classpath.
[17:19:19] [main/DEBUG] (FabricLoader/Knot) Adding C:\Users\Simon\.gradle\caches\modules-2\files-2.1\org.lwjgl\lwjgl-stb\3.3.3\1d9facdf6541de114b0f963be33505b7679c78cb\lwjgl-stb-3.3.3-natives-windows.jar to classpath.
[17:19:19] [main/DEBUG] (FabricLoader/Knot) Adding C:\Users\Simon\.gradle\caches\modules-2\files-2.1\org.lwjgl\lwjgl-stb\3.3.3\a584ab44de569708871f0a79561f4d8c37487f2c\lwjgl-stb-3.3.3-natives-windows-arm64.jar to classpath.
[17:19:19] [main/DEBUG] (FabricLoader/Knot) Adding C:\Users\Simon\.gradle\caches\modules-2\files-2.1\org.lwjgl\lwjgl-stb\3.3.3\b5c874687b9aac1a936501d4ed2c49567fd1b575\lwjgl-stb-3.3.3-natives-windows-x86.jar to classpath.
[17:19:19] [main/DEBUG] (FabricLoader/Knot) Adding C:\Users\Simon\.gradle\caches\modules-2\files-2.1\org.lwjgl\lwjgl-tinyfd\3.3.3\82d755ca94b102e9ca77283b9e2dc46d1b15fbe5\lwjgl-tinyfd-3.3.3.jar to classpath.
[17:19:19] [main/DEBUG] (FabricLoader/Knot) Adding C:\Users\Simon\.gradle\caches\modules-2\files-2.1\org.lwjgl\lwjgl-tinyfd\3.3.3\a6697981b0449a5087c1d546fc08b4f73e8f98c9\lwjgl-tinyfd-3.3.3-natives-windows.jar to classpath.
[17:19:19] [main/DEBUG] (FabricLoader/Knot) Adding C:\Users\Simon\.gradle\caches\modules-2\files-2.1\org.lwjgl\lwjgl-tinyfd\3.3.3\a88c494f3006eb91a7433b12a3a55a9a6c20788b\lwjgl-tinyfd-3.3.3-natives-windows-arm64.jar to classpath.
[17:19:19] [main/DEBUG] (FabricLoader/Knot) Adding C:\Users\Simon\.gradle\caches\modules-2\files-2.1\org.lwjgl\lwjgl-tinyfd\3.3.3\c336c84ee88cccb495c6ffa112395509e7378e8a\lwjgl-tinyfd-3.3.3-natives-windows-x86.jar to classpath.
[17:19:19] [main/DEBUG] (FabricLoader/Knot) Adding C:\Users\Simon\.gradle\caches\modules-2\files-2.1\org.lwjgl\lwjgl\3.3.3\29589b5f87ed335a6c7e7ee6a5775f81f97ecb84\lwjgl-3.3.3.jar to classpath.
[17:19:19] [main/DEBUG] (FabricLoader/Knot) Adding C:\Users\Simon\.gradle\caches\modules-2\files-2.1\org.lwjgl\lwjgl\3.3.3\a5ed18a2b82fc91b81f40d717cb1f64c9dcb0540\lwjgl-3.3.3-natives-windows.jar to classpath.
[17:19:19] [main/DEBUG] (FabricLoader/Knot) Adding C:\Users\Simon\.gradle\caches\modules-2\files-2.1\org.lwjgl\lwjgl\3.3.3\e9aca8c5479b520a2a7f0d542a118140e812c5e8\lwjgl-3.3.3-natives-windows-arm64.jar to classpath.
[17:19:19] [main/DEBUG] (FabricLoader/Knot) Adding C:\Users\Simon\.gradle\caches\modules-2\files-2.1\org.lwjgl\lwjgl\3.3.3\9e670718e050aeaeea0c2d5b907cffb142f2e58f\lwjgl-3.3.3-natives-windows-x86.jar to classpath.
[17:19:19] [main/DEBUG] (FabricLoader/Knot) Adding C:\Users\Simon\.gradle\caches\modules-2\files-2.1\org.lz4\lz4-java\1.8.0\4b986a99445e49ea5fbf5d149c4b63f6ed6c6780\lz4-java-1.8.0.jar to classpath.
[17:19:19] [main/DEBUG] (FabricLoader/Knot) Adding C:\Users\Simon\.gradle\caches\modules-2\files-2.1\io.netty\netty-transport-native-epoll\4.1.118.Final\7e6b89e3746acb7cf6f0aad993bbd058fc6d912e\netty-transport-native-epoll-4.1.118.Final-linux-x86_64.jar to classpath.
[17:19:19] [main/DEBUG] (FabricLoader/Knot) Adding C:\Users\Simon\.gradle\caches\modules-2\files-2.1\io.netty\netty-transport-native-epoll\4.1.118.Final\82f94d0a9d837f6b6a580379373310ff7288c0f8\netty-transport-native-epoll-4.1.118.Final-linux-aarch_64.jar to classpath.
[17:19:19] [main/DEBUG] (FabricLoader/Knot) Adding J:\SAH-Mods\NoFlameSmoke\noflamesmoke\.gradle\loom-cache\remapped_mods\net_fabricmc_yarn_1_21_8_1_21_8_build_1_v2\net\fabricmc\fabric-api\fabric-api\0.131.0+1.21.8\fabric-api-0.131.0+1.21.8.jar to classpath.
[17:19:19] [main/DEBUG] (FabricLoader/Knot) Adding J:\SAH-Mods\NoFlameSmoke\noflamesmoke\.gradle\loom-cache\remapped_mods\net_fabricmc_yarn_1_21_8_1_21_8_build_1_v2\com\terraformersmc\modmenu\15.0.0-beta.3\modmenu-15.0.0-beta.3.jar to classpath.
[17:19:19] [main/DEBUG] (FabricLoader/Knot) Adding J:\SAH-Mods\NoFlameSmoke\noflamesmoke\.gradle\loom-cache\remapped_mods\net_fabricmc_yarn_1_21_8_1_21_8_build_1_v2\net\fabricmc\fabric-api\fabric-transfer-api-v1\6.0.6+946bf4c32c\fabric-transfer-api-v1-6.0.6+946bf4c32c.jar to classpath.
[17:19:19] [main/DEBUG] (FabricLoader/Knot) Adding J:\SAH-Mods\NoFlameSmoke\noflamesmoke\.gradle\loom-cache\remapped_mods\net_fabricmc_yarn_1_21_8_1_21_8_build_1_v2\net\fabricmc\fabric-api\fabric-api-lookup-api-v1\1.6.101+946bf4c32c\fabric-api-lookup-api-v1-1.6.101+946bf4c32c.jar to classpath.
[17:19:19] [main/DEBUG] (FabricLoader/Knot) Adding J:\SAH-Mods\NoFlameSmoke\noflamesmoke\.gradle\loom-cache\remapped_mods\net_fabricmc_yarn_1_21_8_1_21_8_build_1_v2\net\fabricmc\fabric-api\fabric-command-api-v2\2.3.1+52fff9ec2c\fabric-command-api-v2-2.3.1+52fff9ec2c.jar to classpath.
[17:19:19] [main/DEBUG] (FabricLoader/Knot) Adding J:\SAH-Mods\NoFlameSmoke\noflamesmoke\.gradle\loom-cache\remapped_mods\net_fabricmc_yarn_1_21_8_1_21_8_build_1_v2\net\fabricmc\fabric-api\fabric-content-registries-v0\10.0.19+946bf4c32c\fabric-content-registries-v0-10.0.19+946bf4c32c.jar to classpath.
[17:19:19] [main/DEBUG] (FabricLoader/Knot) Adding J:\SAH-Mods\NoFlameSmoke\noflamesmoke\.gradle\loom-cache\remapped_mods\net_fabricmc_yarn_1_21_8_1_21_8_build_1_v2\net\fabricmc\fabric-api\fabric-data-generation-api-v1\23.2.6+0b1ef9762c\fabric-data-generation-api-v1-23.2.6+0b1ef9762c.jar to classpath.
[17:19:19] [main/DEBUG] (FabricLoader/Knot) Adding J:\SAH-Mods\NoFlameSmoke\noflamesmoke\.gradle\loom-cache\remapped_mods\net_fabricmc_yarn_1_21_8_1_21_8_build_1_v2\net\fabricmc\fabric-api\fabric-convention-tags-v1\2.1.41+7f945d5b2c\fabric-convention-tags-v1-2.1.41+7f945d5b2c.jar to classpath.
[17:19:19] [main/DEBUG] (FabricLoader/Knot) Adding J:\SAH-Mods\NoFlameSmoke\noflamesmoke\.gradle\loom-cache\remapped_mods\net_fabricmc_yarn_1_21_8_1_21_8_build_1_v2\net\fabricmc\fabric-api\fabric-convention-tags-v2\2.15.6+eb5df52f2c\fabric-convention-tags-v2-2.15.6+eb5df52f2c.jar to classpath.
[17:19:19] [main/DEBUG] (FabricLoader/Knot) Adding J:\SAH-Mods\NoFlameSmoke\noflamesmoke\.gradle\loom-cache\remapped_mods\net_fabricmc_yarn_1_21_8_1_21_8_build_1_v2\net\fabricmc\fabric-api\fabric-data-attachment-api-v1\1.8.11+946bf4c32c\fabric-data-attachment-api-v1-1.8.11+946bf4c32c.jar to classpath.
[17:19:19] [main/DEBUG] (FabricLoader/Knot) Adding J:\SAH-Mods\NoFlameSmoke\noflamesmoke\.gradle\loom-cache\remapped_mods\net_fabricmc_yarn_1_21_8_1_21_8_build_1_v2\net\fabricmc\fabric-api\fabric-entity-events-v1\2.1.2+c9e472732c\fabric-entity-events-v1-2.1.2+c9e472732c.jar to classpath.
[17:19:19] [main/DEBUG] (FabricLoader/Knot) Adding J:\SAH-Mods\NoFlameSmoke\noflamesmoke\.gradle\loom-cache\remapped_mods\net_fabricmc_yarn_1_21_8_1_21_8_build_1_v2\net\fabricmc\fabric-api\fabric-events-interaction-v0\4.0.24+946bf4c32c\fabric-events-interaction-v0-4.0.24+946bf4c32c.jar to classpath.
[17:19:19] [main/DEBUG] (FabricLoader/Knot) Adding J:\SAH-Mods\NoFlameSmoke\noflamesmoke\.gradle\loom-cache\remapped_mods\net_fabricmc_yarn_1_21_8_1_21_8_build_1_v2\net\fabricmc\fabric-api\fabric-gametest-api-v1\3.1.10+39ce47f52c\fabric-gametest-api-v1-3.1.10+39ce47f52c.jar to classpath.
[17:19:19] [main/DEBUG] (FabricLoader/Knot) Adding J:\SAH-Mods\NoFlameSmoke\noflamesmoke\.gradle\loom-cache\remapped_mods\net_fabricmc_yarn_1_21_8_1_21_8_build_1_v2\net\fabricmc\fabric-api\fabric-item-api-v1\11.5.0+02ce13f42c\fabric-item-api-v1-11.5.0+02ce13f42c.jar to classpath.
[17:19:19] [main/DEBUG] (FabricLoader/Knot) Adding J:\SAH-Mods\NoFlameSmoke\noflamesmoke\.gradle\loom-cache\remapped_mods\net_fabricmc_yarn_1_21_8_1_21_8_build_1_v2\net\fabricmc\fabric-api\fabric-item-group-api-v1\4.2.14+c5f9bbc12c\fabric-item-group-api-v1-4.2.14+c5f9bbc12c.jar to classpath.
[17:19:19] [main/DEBUG] (FabricLoader/Knot) Adding J:\SAH-Mods\NoFlameSmoke\noflamesmoke\.gradle\loom-cache\remapped_mods\net_fabricmc_yarn_1_21_8_1_21_8_build_1_v2\net\fabricmc\fabric-api\fabric-model-loading-api-v1\5.2.6+946bf4c32c\fabric-model-loading-api-v1-5.2.6+946bf4c32c.jar to classpath.
[17:19:19] [main/DEBUG] (FabricLoader/Knot) Adding J:\SAH-Mods\NoFlameSmoke\noflamesmoke\.gradle\loom-cache\remapped_mods\net_fabricmc_yarn_1_21_8_1_21_8_build_1_v2\net\fabricmc\fabric-api\fabric-renderer-indigo\4.0.3+946bf4c32c\fabric-renderer-indigo-4.0.3+946bf4c32c.jar to classpath.
[17:19:19] [main/DEBUG] (FabricLoader/Knot) Adding J:\SAH-Mods\NoFlameSmoke\noflamesmoke\.gradle\loom-cache\remapped_mods\net_fabricmc_yarn_1_21_8_1_21_8_build_1_v2\net\fabricmc\fabric-api\fabric-renderer-api-v1\7.0.3+208eed172c\fabric-renderer-api-v1-7.0.3+208eed172c.jar to classpath.
[17:19:19] [main/DEBUG] (FabricLoader/Knot) Adding J:\SAH-Mods\NoFlameSmoke\noflamesmoke\.gradle\loom-cache\remapped_mods\net_fabricmc_yarn_1_21_8_1_21_8_build_1_v2\net\fabricmc\fabric-api\fabric-rendering-v1\12.5.0+fbe231d52c\fabric-rendering-v1-12.5.0+fbe231d52c.jar to classpath.
[17:19:19] [main/DEBUG] (FabricLoader/Knot) Adding J:\SAH-Mods\NoFlameSmoke\noflamesmoke\.gradle\loom-cache\remapped_mods\net_fabricmc_yarn_1_21_8_1_21_8_build_1_v2\net\fabricmc\fabric-api\fabric-lifecycle-events-v1\2.6.4+db4dfd852c\fabric-lifecycle-events-v1-2.6.4+db4dfd852c.jar to classpath.
[17:19:19] [main/DEBUG] (FabricLoader/Knot) Adding J:\SAH-Mods\NoFlameSmoke\noflamesmoke\.gradle\loom-cache\remapped_mods\net_fabricmc_yarn_1_21_8_1_21_8_build_1_v2\net\fabricmc\fabric-api\fabric-loot-api-v2\3.0.56+3f89f5a52c\fabric-loot-api-v2-3.0.56+3f89f5a52c.jar to classpath.
[17:19:19] [main/DEBUG] (FabricLoader/Knot) Adding J:\SAH-Mods\NoFlameSmoke\noflamesmoke\.gradle\loom-cache\remapped_mods\net_fabricmc_yarn_1_21_8_1_21_8_build_1_v2\net\fabricmc\fabric-api\fabric-loot-api-v3\2.0.3+946bf4c32c\fabric-loot-api-v3-2.0.3+946bf4c32c.jar to classpath.
[17:19:19] [main/DEBUG] (FabricLoader/Knot) Adding J:\SAH-Mods\NoFlameSmoke\noflamesmoke\.gradle\loom-cache\remapped_mods\net_fabricmc_yarn_1_21_8_1_21_8_build_1_v2\net\fabricmc\fabric-api\fabric-message-api-v1\6.1.2+946bf4c32c\fabric-message-api-v1-6.1.2+946bf4c32c.jar to classpath.
[17:19:19] [main/DEBUG] (FabricLoader/Knot) Adding J:\SAH-Mods\NoFlameSmoke\noflamesmoke\.gradle\loom-cache\remapped_mods\net_fabricmc_yarn_1_21_8_1_21_8_build_1_v2\net\fabricmc\fabric-api\fabric-particles-v1\4.1.8+946bf4c32c\fabric-particles-v1-4.1.8+946bf4c32c.jar to classpath.
[17:19:19] [main/DEBUG] (FabricLoader/Knot) Adding J:\SAH-Mods\NoFlameSmoke\noflamesmoke\.gradle\loom-cache\remapped_mods\net_fabricmc_yarn_1_21_8_1_21_8_build_1_v2\net\fabricmc\fabric-api\fabric-recipe-api-v1\8.1.15+946bf4c32c\fabric-recipe-api-v1-8.1.15+946bf4c32c.jar to classpath.
[17:19:19] [main/DEBUG] (FabricLoader/Knot) Adding J:\SAH-Mods\NoFlameSmoke\noflamesmoke\.gradle\loom-cache\remapped_mods\net_fabricmc_yarn_1_21_8_1_21_8_build_1_v2\net\fabricmc\fabric-api\fabric-object-builder-api-v1\21.1.8+946bf4c32c\fabric-object-builder-api-v1-21.1.8+946bf4c32c.jar to classpath.
[17:19:19] [main/DEBUG] (FabricLoader/Knot) Adding J:\SAH-Mods\NoFlameSmoke\noflamesmoke\.gradle\loom-cache\remapped_mods\net_fabricmc_yarn_1_21_8_1_21_8_build_1_v2\net\fabricmc\fabric-api\fabric-screen-handler-api-v1\1.3.137+946bf4c32c\fabric-screen-handler-api-v1-1.3.137+946bf4c32c.jar to classpath.
[17:19:19] [main/DEBUG] (FabricLoader/Knot) Adding J:\SAH-Mods\NoFlameSmoke\noflamesmoke\.gradle\loom-cache\remapped_mods\net_fabricmc_yarn_1_21_8_1_21_8_build_1_v2\net\fabricmc\fabric-api\fabric-registry-sync-v0\6.1.28+946bf4c32c\fabric-registry-sync-v0-6.1.28+946bf4c32c.jar to classpath.
[17:19:19] [main/DEBUG] (FabricLoader/Knot) Adding J:\SAH-Mods\NoFlameSmoke\noflamesmoke\.gradle\loom-cache\remapped_mods\net_fabricmc_yarn_1_21_8_1_21_8_build_1_v2\net\fabricmc\fabric-api\fabric-networking-api-v1\5.0.2+946bf4c32c\fabric-networking-api-v1-5.0.2+946bf4c32c.jar to classpath.
[17:19:19] [main/DEBUG] (FabricLoader/Knot) Adding J:\SAH-Mods\NoFlameSmoke\noflamesmoke\.gradle\loom-cache\remapped_mods\net_fabricmc_yarn_1_21_8_1_21_8_build_1_v2\net\fabricmc\fabric-api\fabric-rendering-fluids-v1\3.1.31+fa6cb72b2c\fabric-rendering-fluids-v1-3.1.31+fa6cb72b2c.jar to classpath.
[17:19:19] [main/DEBUG] (FabricLoader/Knot) Adding J:\SAH-Mods\NoFlameSmoke\noflamesmoke\.gradle\loom-cache\remapped_mods\net_fabricmc_yarn_1_21_8_1_21_8_build_1_v2\net\fabricmc\fabric-api\fabric-tag-api-v1\1.2.2+946bf4c32c\fabric-tag-api-v1-1.2.2+946bf4c32c.jar to classpath.
[17:19:19] [main/DEBUG] (FabricLoader/Knot) Adding J:\SAH-Mods\NoFlameSmoke\noflamesmoke\.gradle\loom-cache\remapped_mods\net_fabricmc_yarn_1_21_8_1_21_8_build_1_v2\net\fabricmc\fabric-api\fabric-resource-loader-v0\3.1.12+020423442c\fabric-resource-loader-v0-3.1.12+020423442c.jar to classpath.
[17:19:19] [main/DEBUG] (FabricLoader/Knot) Adding J:\SAH-Mods\NoFlameSmoke\noflamesmoke\.gradle\loom-cache\remapped_mods\net_fabricmc_yarn_1_21_8_1_21_8_build_1_v2\net\fabricmc\fabric-api\fabric-screen-api-v1\2.1.1+277ecf7d2c\fabric-screen-api-v1-2.1.1+277ecf7d2c.jar to classpath.
[17:19:19] [main/DEBUG] (FabricLoader/Knot) Adding J:\SAH-Mods\NoFlameSmoke\noflamesmoke\.gradle\loom-cache\remapped_mods\net_fabricmc_yarn_1_21_8_1_21_8_build_1_v2\net\fabricmc\fabric-api\fabric-api-base\0.5.0+cd8c0daa2c\fabric-api-base-0.5.0+cd8c0daa2c.jar to classpath.
[17:19:19] [main/DEBUG] (FabricLoader/Knot) Adding J:\SAH-Mods\NoFlameSmoke\noflamesmoke\.gradle\loom-cache\remapped_mods\net_fabricmc_yarn_1_21_8_1_21_8_build_1_v2\net\fabricmc\fabric-api\fabric-biome-api-v1\16.0.11+946bf4c32c\fabric-biome-api-v1-16.0.11+946bf4c32c.jar to classpath.
[17:19:19] [main/DEBUG] (FabricLoader/Knot) Adding J:\SAH-Mods\NoFlameSmoke\noflamesmoke\.gradle\loom-cache\remapped_mods\net_fabricmc_yarn_1_21_8_1_21_8_build_1_v2\net\fabricmc\fabric-api\fabric-block-api-v1\1.1.3+946bf4c32c\fabric-block-api-v1-1.1.3+946bf4c32c.jar to classpath.
[17:19:19] [main/DEBUG] (FabricLoader/Knot) Adding J:\SAH-Mods\NoFlameSmoke\noflamesmoke\.gradle\loom-cache\remapped_mods\net_fabricmc_yarn_1_21_8_1_21_8_build_1_v2\net\fabricmc\fabric-api\fabric-block-view-api-v2\1.0.31+946bf4c32c\fabric-block-view-api-v2-1.0.31+946bf4c32c.jar to classpath.
[17:19:19] [main/DEBUG] (FabricLoader/Knot) Adding J:\SAH-Mods\NoFlameSmoke\noflamesmoke\.gradle\loom-cache\remapped_mods\net_fabricmc_yarn_1_21_8_1_21_8_build_1_v2\net\fabricmc\fabric-api\fabric-client-gametest-api-v1\4.2.5+8a98c3fc2c\fabric-client-gametest-api-v1-4.2.5+8a98c3fc2c.jar to classpath.
[17:19:19] [main/DEBUG] (FabricLoader/Knot) Adding J:\SAH-Mods\NoFlameSmoke\noflamesmoke\.gradle\loom-cache\remapped_mods\net_fabricmc_yarn_1_21_8_1_21_8_build_1_v2\net\fabricmc\fabric-api\fabric-crash-report-info-v1\0.3.15+946bf4c32c\fabric-crash-report-info-v1-0.3.15+946bf4c32c.jar to classpath.
[17:19:19] [main/DEBUG] (FabricLoader/Knot) Adding J:\SAH-Mods\NoFlameSmoke\noflamesmoke\.gradle\loom-cache\remapped_mods\net_fabricmc_yarn_1_21_8_1_21_8_build_1_v2\net\fabricmc\fabric-api\fabric-dimensions-v1\4.0.19+946bf4c32c\fabric-dimensions-v1-4.0.19+946bf4c32c.jar to classpath.
[17:19:19] [main/DEBUG] (FabricLoader/Knot) Adding J:\SAH-Mods\NoFlameSmoke\noflamesmoke\.gradle\loom-cache\remapped_mods\net_fabricmc_yarn_1_21_8_1_21_8_build_1_v2\net\fabricmc\fabric-api\fabric-game-rule-api-v1\1.0.73+c64c9c5b2c\fabric-game-rule-api-v1-1.0.73+c64c9c5b2c.jar to classpath.
[17:19:19] [main/DEBUG] (FabricLoader/Knot) Adding J:\SAH-Mods\NoFlameSmoke\noflamesmoke\.gradle\loom-cache\remapped_mods\net_fabricmc_yarn_1_21_8_1_21_8_build_1_v2\net\fabricmc\fabric-api\fabric-key-binding-api-v1\1.0.65+946bf4c32c\fabric-key-binding-api-v1-1.0.65+946bf4c32c.jar to classpath.
[17:19:19] [main/DEBUG] (FabricLoader/Knot) Adding J:\SAH-Mods\NoFlameSmoke\noflamesmoke\.gradle\loom-cache\remapped_mods\net_fabricmc_yarn_1_21_8_1_21_8_build_1_v2\net\fabricmc\fabric-api\fabric-resource-conditions-api-v1\5.0.25+98e6d6db2c\fabric-resource-conditions-api-v1-5.0.25+98e6d6db2c.jar to classpath.
[17:19:19] [main/DEBUG] (FabricLoader/Knot) Adding J:\SAH-Mods\NoFlameSmoke\noflamesmoke\.gradle\loom-cache\remapped_mods\net_fabricmc_yarn_1_21_8_1_21_8_build_1_v2\net\fabricmc\fabric-api\fabric-sound-api-v1\1.0.42+946bf4c32c\fabric-sound-api-v1-1.0.42+946bf4c32c.jar to classpath.
[17:19:19] [main/DEBUG] (FabricLoader/Knot) Adding J:\SAH-Mods\NoFlameSmoke\noflamesmoke\.gradle\loom-cache\remapped_mods\net_fabricmc_yarn_1_21_8_1_21_8_build_1_v2\net\fabricmc\fabric-api\fabric-transitive-access-wideners-v1\6.4.1+ac3e15d12c\fabric-transitive-access-wideners-v1-6.4.1+ac3e15d12c.jar to classpath.
[17:19:19] [main/DEBUG] (FabricLoader/Knot) Adding C:\Users\Simon\.gradle\caches\modules-2\files-2.1\org.jline\jline-reader\3.20.0\8f15415b022a25b473e8e16c28ae913186ffb9c4\jline-reader-3.20.0.jar to classpath.
[17:19:19] [main/DEBUG] (FabricLoader/Knot) Adding C:\Users\Simon\.gradle\caches\modules-2\files-2.1\org.jline\jline-terminal\3.20.0\d0ddcc708ddf527a3454c941b7b9225cc83a15ff\jline-terminal-3.20.0.jar to classpath.
[17:19:19] [main/DEBUG] (FabricLoader/Entrypoint) No subscribers for entrypoint 'preLaunch'
[17:19:19] [main/DEBUG] (FabricLoader/Mixin) Preparing mixins for MixinEnvironment[DEFAULT]
[17:19:19] [main/DEBUG] (FabricLoader/Mixin) Selecting config fabric-content-registries-v0.mixins.json
[17:19:19] [main/DEBUG] (FabricLoader/Mixin) Selecting config fabric-resource-loader-v0.mixins.json
[17:19:19] [main/DEBUG] (FabricLoader/Mixin) Selecting config fabric-resource-loader-v0.client.mixins.json
[17:19:19] [main/DEBUG] (FabricLoader/Mixin) Selecting config noflamesmoke.mixins.json
[17:19:19] [main/DEBUG] (FabricLoader/Mixin) Selecting config mixins.modmenu.json
[17:19:19] [main/DEBUG] (FabricLoader/Mixin) Remapping refMap modmenu-refmap.json using remapper chain
[17:19:19] [main/DEBUG] (FabricLoader/Mixin) Selecting config fabric-client-gametest-api-v1.mixins.json
[17:19:19] [main/DEBUG] (FabricLoader/Mixin) Selecting config fabric-dimensions-v1.mixins.json
[17:19:19] [main/DEBUG] (FabricLoader/Mixin) Selecting config fabric-sound-api-v1.mixins.json
[17:19:19] [main/DEBUG] (FabricLoader/Mixin) Selecting config fabric-gametest-api-v1.mixins.json
[17:19:19] [main/DEBUG] (FabricLoader/Mixin) Selecting config fabric-networking-api-v1.mixins.json
[17:19:19] [main/DEBUG] (FabricLoader/Mixin) Selecting config fabric-networking-api-v1.client.mixins.json
[17:19:19] [main/DEBUG] (FabricLoader/Mixin) Selecting config fabric-data-attachment-api-v1.mixins.json
[17:19:19] [main/DEBUG] (FabricLoader/Mixin) Selecting config fabric-data-attachment-api-v1.client.mixins.json
[17:19:19] [main/DEBUG] (FabricLoader/Mixin) Selecting config fabric-rendering-v1.mixins.json
[17:19:19] [main/DEBUG] (FabricLoader/Mixin) Selecting config fabric-renderer-api-v1.mixins.json
[17:19:19] [main/DEBUG] (FabricLoader/Mixin) Selecting config fabric-message-api-v1.mixins.json
[17:19:19] [main/DEBUG] (FabricLoader/Mixin) Selecting config fabric-message-api-v1.client.mixins.json
[17:19:19] [main/DEBUG] (FabricLoader/Mixin) Selecting config fabric-registry-sync-v0.mixins.json
[17:19:19] [main/DEBUG] (FabricLoader/Mixin) Selecting config fabric-registry-sync-v0.client.mixins.json
[17:19:19] [main/DEBUG] (FabricLoader/Mixin) Selecting config fabric-data-generation-api-v1.mixins.json
[17:19:19] [main/DEBUG] (FabricLoader/Mixin) Selecting config fabric-data-generation-api-v1.client.mixins.json
[17:19:19] [main/DEBUG] (FabricLoader/Mixin) Selecting config fabric-game-rule-api-v1.mixins.json
[17:19:19] [main/DEBUG] (FabricLoader/Mixin) Selecting config fabric-game-rule-api-v1.client.mixins.json
[17:19:19] [main/DEBUG] (FabricLoader/Mixin) Selecting config fabric-particles-v1.mixins.json
[17:19:19] [main/DEBUG] (FabricLoader/Mixin) Selecting config fabric-particles-v1.client.mixins.json
[17:19:19] [main/DEBUG] (FabricLoader/Mixin) Selecting config fabric-item-api-v1.mixins.json
[17:19:19] [main/DEBUG] (FabricLoader/Mixin) Selecting config fabric-item-api-v1.client.mixins.json
[17:19:19] [main/DEBUG] (FabricLoader/Mixin) Selecting config fabric-resource-conditions-api-v1.mixins.json
[17:19:19] [main/DEBUG] (FabricLoader/Mixin) Selecting config fabric-loot-api-v2.mixins.json
[17:19:19] [main/DEBUG] (FabricLoader/Mixin) Selecting config mixinextras.init.mixins.json
[17:19:19] [main/DEBUG] (FabricLoader/MixinExtras|Service) com.llamalad7.mixinextras.service.MixinExtrasServiceImpl(version=0.4.1) is taking over from null
[17:19:19] [main/DEBUG] (FabricLoader/Mixin) Registering new injector for @Inject with org.spongepowered.asm.mixin.injection.struct.CallbackInjectionInfo
[17:19:19] [main/DEBUG] (FabricLoader/Mixin) Registering new injector for @ModifyArg with org.spongepowered.asm.mixin.injection.struct.ModifyArgInjectionInfo
[17:19:19] [main/DEBUG] (FabricLoader/Mixin) Registering new injector for @ModifyArgs with org.spongepowered.asm.mixin.injection.struct.ModifyArgsInjectionInfo
[17:19:19] [main/DEBUG] (FabricLoader/Mixin) Registering new injector for @Redirect with org.spongepowered.asm.mixin.injection.struct.RedirectInjectionInfo
[17:19:19] [main/DEBUG] (FabricLoader/Mixin) Registering new injector for @ModifyVariable with org.spongepowered.asm.mixin.injection.struct.ModifyVariableInjectionInfo
[17:19:19] [main/DEBUG] (FabricLoader/Mixin) Registering new injector for @ModifyConstant with org.spongepowered.asm.mixin.injection.struct.ModifyConstantInjectionInfo
[17:19:19] [main/DEBUG] (FabricLoader/Mixin) Selecting config fabric-loot-api-v3.mixins.json
[17:19:19] [main/DEBUG] (FabricLoader/Mixin) Selecting config fabric-api-lookup-api-v1.mixins.json
[17:19:19] [main/DEBUG] (FabricLoader/Mixin) Selecting config fabric-key-binding-api-v1.mixins.json
[17:19:19] [main/DEBUG] (FabricLoader/Mixin) Selecting config fabric-events-interaction-v0.mixins.json
[17:19:19] [main/DEBUG] (FabricLoader/Mixin) Selecting config fabric-events-interaction-v0.client.mixins.json
[17:19:19] [main/DEBUG] (FabricLoader/Mixin) Selecting config fabric-convention-tags-api-v2.mixins.json
[17:19:19] [main/DEBUG] (FabricLoader/Mixin) Selecting config fabric-model-loading-api-v1.mixins.json
[17:19:19] [main/DEBUG] (FabricLoader/Mixin) Selecting config fabric-recipe-api-v1.mixins.json
[17:19:19] [main/DEBUG] (FabricLoader/Mixin) Selecting config fabric-biome-api-v1.mixins.json
[17:19:19] [main/DEBUG] (FabricLoader/Mixin) Selecting config fabric-crash-report-info-v1.mixins.json
[17:19:19] [main/DEBUG] (FabricLoader/Mixin) Selecting config fabric-lifecycle-events-v1.mixins.json
[17:19:19] [main/DEBUG] (FabricLoader/Mixin) Selecting config fabric-lifecycle-events-v1.client.mixins.json
[17:19:19] [main/DEBUG] (FabricLoader/Mixin) Selecting config fabric-block-view-api-v2.mixins.json
[17:19:19] [main/DEBUG] (FabricLoader/Mixin) Selecting config fabric-block-view-api-v2.client.mixins.json
[17:19:19] [main/DEBUG] (FabricLoader/Mixin) Selecting config fabric-screen-handler-api-v1.mixins.json
[17:19:19] [main/DEBUG] (FabricLoader/Mixin) Selecting config fabric-rendering-fluids-v1.mixins.json
[17:19:19] [main/DEBUG] (FabricLoader/Mixin) Selecting config fabric-screen-api-v1.mixins.json
[17:19:19] [main/DEBUG] (FabricLoader/Mixin) Selecting config fabric-command-api-v2.mixins.json
[17:19:19] [main/DEBUG] (FabricLoader/Mixin) Selecting config fabric-command-api-v2.client.mixins.json
[17:19:19] [main/DEBUG] (FabricLoader/Mixin) Selecting config fabric-entity-events-v1.mixins.json
[17:19:19] [main/DEBUG] (FabricLoader/Mixin) Selecting config fabric-renderer-indigo.mixins.json
[17:19:19] [main/DEBUG] (FabricLoader/Mixin) Selecting config fabric-transfer-api-v1.mixins.json
[17:19:19] [main/DEBUG] (FabricLoader/Mixin) Selecting config fabric-object-builder-v1.mixins.json
[17:19:19] [main/DEBUG] (FabricLoader/Mixin) Selecting config fabric-object-builder-v1.client.mixins.json
[17:19:19] [main/DEBUG] (FabricLoader/Mixin) Selecting config fabric-tag-api-v1.mixins.json
[17:19:19] [main/DEBUG] (FabricLoader/Mixin) Selecting config fabric-item-group-api-v1.mixins.json
[17:19:19] [main/DEBUG] (FabricLoader/Mixin) Selecting config fabric-item-group-api-v1.client.mixins.json
[17:19:19] [main/DEBUG] (FabricLoader/Mixin) Selecting config fabric-block-api-v1.mixins.json
[17:19:19] [main/DEBUG] (FabricLoader/Mixin) Preparing fabric-content-registries-v0.mixins.json (17)
[17:19:19] [main/DEBUG] (FabricLoader/Mixin) Preparing fabric-resource-loader-v0.mixins.json (15)
[17:19:19] [main/DEBUG] (FabricLoader/Mixin) Preparing fabric-resource-loader-v0.client.mixins.json (8)
[17:19:19] [main/DEBUG] (FabricLoader/Mixin) @Mixin target net/minecraft/client/option/GameOptions$3 is public in fabric-resource-loader-v0.client.mixins.json:GameOptionsWriteVisitorMixin from mod fabric-resource-loader-v0 and should be specified in value
[17:19:19] [main/DEBUG] (FabricLoader/Mixin) Preparing noflamesmoke.mixins.json (8)
[17:19:19] [main/DEBUG] (FabricLoader/Mixin) Preparing mixins.modmenu.json (3)
[17:19:19] [main/DEBUG] (FabricLoader/Mixin) Preparing fabric-client-gametest-api-v1.mixins.json (25)
[17:19:19] [main/DEBUG] (FabricLoader/Mixin) Preparing fabric-dimensions-v1.mixins.json (4)
[17:19:19] [main/DEBUG] (FabricLoader/Mixin) Preparing fabric-sound-api-v1.mixins.json (2)
[17:19:19] [main/DEBUG] (FabricLoader/Mixin) Preparing fabric-gametest-api-v1.mixins.json (4)
[17:19:19] [main/DEBUG] (FabricLoader/Mixin) Preparing fabric-networking-api-v1.mixins.json (20)
[17:19:19] [main/DEBUG] (FabricLoader/Mixin) @Mixin target net/minecraft/network/packet/CustomPayload$1 is public in fabric-networking-api-v1.mixins.json:CustomPayloadPacketCodecMixin from mod fabric-networking-api-v1 and should be specified in value
[17:19:19] [main/DEBUG] (FabricLoader/Mixin) @Mixin target net/minecraft/server/world/ServerChunkLoadingManager$EntityTracker is public in fabric-networking-api-v1.mixins.json:accessor.EntityTrackerAccessor from mod fabric-networking-api-v1 and should be specified in value
[17:19:19] [main/DEBUG] (FabricLoader/Mixin) Preparing fabric-networking-api-v1.client.mixins.json (9)
[17:19:19] [main/DEBUG] (FabricLoader/Mixin) Preparing fabric-data-attachment-api-v1.mixins.json (14)
[17:19:19] [main/DEBUG] (FabricLoader/Mixin) Preparing fabric-data-attachment-api-v1.client.mixins.json (1)
[17:19:19] [main/DEBUG] (FabricLoader/Mixin) Preparing fabric-rendering-v1.mixins.json (23)
[17:19:19] [main/DEBUG] (FabricLoader/Mixin) Preparing fabric-renderer-api-v1.mixins.json (26)
[17:19:19] [main/DEBUG] (FabricLoader/Mixin) @Mixin target net/minecraft/client/render/model/BakedModelManager$1 is public in fabric-renderer-api-v1.mixins.json:client.sprite.BakedModelManager1Mixin from mod fabric-renderer-api-v1 and should be specified in value
[17:19:19] [main/DEBUG] (FabricLoader/Mixin) Preparing fabric-message-api-v1.mixins.json (2)
[17:19:19] [main/DEBUG] (FabricLoader/Mixin) Preparing fabric-message-api-v1.client.mixins.json (2)
[17:19:19] [main/DEBUG] (FabricLoader/Mixin) Preparing fabric-registry-sync-v0.mixins.json (16)
[17:19:19] [main/DEBUG] (FabricLoader/Mixin) Preparing fabric-registry-sync-v0.client.mixins.json (5)
[17:19:19] [main/DEBUG] (FabricLoader/Mixin) @Mixin target net/minecraft/client/network/ClientRegistries$DynamicRegistries is public in fabric-registry-sync-v0.client.mixins.json:ClientRegistriesDynamicRegistriesAccessor from mod fabric-registry-sync-v0 and should be specified in value
[17:19:19] [main/DEBUG] (FabricLoader/Mixin) Preparing fabric-data-generation-api-v1.mixins.json (17)
[17:19:19] [main/DEBUG] (FabricLoader/Mixin) @Mixin target net/minecraft/data/DataCache$CachedData is public in fabric-data-generation-api-v1.mixins.json:DataCacheCachedDataMixin from mod fabric-data-generation-api-v1 and should be specified in value
[17:19:19] [main/DEBUG] (FabricLoader/Mixin) @Mixin target net/minecraft/data/tag/ProvidedTagBuilder$1 is public in fabric-data-generation-api-v1.mixins.json:ProvidedTagBuilderMixin$ProvidedTagBuilder1Mixin from mod fabric-data-generation-api-v1 and should be specified in value
[17:19:19] [main/DEBUG] (FabricLoader/Mixin) @Mixin target net/minecraft/data/tag/ProvidedTagBuilder$2 is public in fabric-data-generation-api-v1.mixins.json:ProvidedTagBuilderMixin$ProvidedTagBuilder2Mixin from mod fabric-data-generation-api-v1 and should be specified in value
[17:19:19] [main/DEBUG] (FabricLoader/Mixin) Preparing fabric-data-generation-api-v1.client.mixins.json (4)
[17:19:19] [main/DEBUG] (FabricLoader/Mixin) Preparing fabric-game-rule-api-v1.mixins.json (5)
[17:19:19] [main/DEBUG] (FabricLoader/Mixin) @Mixin target net/minecraft/server/command/GameRuleCommand$1 is public in fabric-game-rule-api-v1.mixins.json:GameRuleCommandVisitorMixin from mod fabric-game-rule-api-v1 and should be specified in value
[17:19:19] [main/DEBUG] (FabricLoader/Mixin) Preparing fabric-game-rule-api-v1.client.mixins.json (3)
[17:19:19] [main/DEBUG] (FabricLoader/Mixin) @Mixin target net/minecraft/client/gui/screen/world/EditGameRulesScreen$RuleListWidget$1 is public in fabric-game-rule-api-v1.client.mixins.json:RuleListWidgetVisitorMixin from mod fabric-game-rule-api-v1 and should be specified in value
[17:19:19] [main/DEBUG] (FabricLoader/Mixin) Preparing fabric-particles-v1.mixins.json (8)
[17:19:19] [main/DEBUG] (FabricLoader/Mixin) Preparing fabric-particles-v1.client.mixins.json (4)
[17:19:19] [main/DEBUG] (FabricLoader/Mixin) Preparing fabric-item-api-v1.mixins.json (17)
[17:19:19] [main/DEBUG] (FabricLoader/Mixin) Preparing fabric-item-api-v1.client.mixins.json (3)
[17:19:19] [main/DEBUG] (FabricLoader/Mixin) Preparing fabric-resource-conditions-api-v1.mixins.json (7)
[17:19:19] [main/DEBUG] (FabricLoader/Mixin) Preparing fabric-loot-api-v2.mixins.json (2)
[17:19:19] [main/DEBUG] (FabricLoader/Mixin) Preparing mixinextras.init.mixins.json (0)
[17:19:19] [main/DEBUG] (FabricLoader/Mixin) Preparing fabric-loot-api-v3.mixins.json (8)
[17:19:19] [main/DEBUG] (FabricLoader/Mixin) Preparing fabric-api-lookup-api-v1.mixins.json (2)
[17:19:19] [main/DEBUG] (FabricLoader/Mixin) Preparing fabric-key-binding-api-v1.mixins.json (2)
[17:19:19] [main/DEBUG] (FabricLoader/Mixin) Preparing fabric-events-interaction-v0.mixins.json (5)
[17:19:19] [main/DEBUG] (FabricLoader/Mixin) @Mixin target net/minecraft/server/network/ServerPlayNetworkHandler$1 is public in fabric-events-interaction-v0.mixins.json:ServerPlayNetworkHandlerInteractEntityHandlerMixin from mod fabric-events-interaction-v0 and should be specified in value
[17:19:19] [main/DEBUG] (FabricLoader/Mixin) Preparing fabric-events-interaction-v0.client.mixins.json (3)
[17:19:19] [main/DEBUG] (FabricLoader/Mixin) Preparing fabric-convention-tags-api-v2.mixins.json (1)
[17:19:19] [main/DEBUG] (FabricLoader/Mixin) Preparing fabric-model-loading-api-v1.mixins.json (6)
[17:19:19] [main/DEBUG] (FabricLoader/Mixin) Preparing fabric-recipe-api-v1.mixins.json (5)
[17:19:19] [main/DEBUG] (FabricLoader/Mixin) Preparing fabric-biome-api-v1.mixins.json (9)
[17:19:19] [main/DEBUG] (FabricLoader/Mixin) @Mixin target net/minecraft/world/biome/source/MultiNoiseBiomeSourceParameterList$Preset$1 is public in fabric-biome-api-v1.mixins.json:NetherBiomePresetMixin from mod fabric-biome-api-v1 and should be specified in value
[17:19:19] [main/DEBUG] (FabricLoader/Mixin) Preparing fabric-crash-report-info-v1.mixins.json (2)
[17:19:19] [main/DEBUG] (FabricLoader/Mixin) Preparing fabric-lifecycle-events-v1.mixins.json (11)
[17:19:19] [main/DEBUG] (FabricLoader/Mixin) @Mixin target net/minecraft/server/world/ServerWorld$ServerEntityHandler is public in fabric-lifecycle-events-v1.mixins.json:ServerWorldServerEntityHandlerMixin from mod fabric-lifecycle-events-v1 and should be specified in value
[17:19:19] [main/DEBUG] (FabricLoader/Mixin) Preparing fabric-lifecycle-events-v1.client.mixins.json (7)
[17:19:19] [main/DEBUG] (FabricLoader/Mixin) @Mixin target net/minecraft/client/world/ClientWorld$ClientEntityHandler is public in fabric-lifecycle-events-v1.client.mixins.json:ClientWorldClientEntityHandlerMixin from mod fabric-lifecycle-events-v1 and should be specified in value
[17:19:19] [main/DEBUG] (FabricLoader/Mixin) Preparing fabric-block-view-api-v2.mixins.json (3)
[17:19:19] [main/DEBUG] (FabricLoader/Mixin) Preparing fabric-block-view-api-v2.client.mixins.json (2)
[17:19:19] [main/DEBUG] (FabricLoader/Mixin) Preparing fabric-screen-handler-api-v1.mixins.json (2)
[17:19:19] [main/DEBUG] (FabricLoader/Mixin) Preparing fabric-rendering-fluids-v1.mixins.json (1)
[17:19:19] [main/DEBUG] (FabricLoader/Mixin) Preparing fabric-screen-api-v1.mixins.json (7)
[17:19:19] [main/DEBUG] (FabricLoader/Mixin) Preparing fabric-command-api-v2.mixins.json (6)
[17:19:19] [main/DEBUG] (FabricLoader/Mixin) Preparing fabric-command-api-v2.client.mixins.json (2)
[17:19:19] [main/DEBUG] (FabricLoader/Mixin) Preparing fabric-entity-events-v1.mixins.json (7)
[17:19:19] [main/DEBUG] (FabricLoader/Mixin) Preparing fabric-renderer-indigo.mixins.json (8)
[17:19:19] [main/DEBUG] (FabricLoader/Mixin) Preparing fabric-transfer-api-v1.mixins.json (15)
[17:19:19] [main/DEBUG] (FabricLoader/Mixin) Preparing fabric-object-builder-v1.mixins.json (10)
[17:19:19] [main/DEBUG] (FabricLoader/Mixin) Preparing fabric-object-builder-v1.client.mixins.json (4)
[17:19:19] [main/DEBUG] (FabricLoader/Mixin) Preparing fabric-tag-api-v1.mixins.json (5)
[17:19:19] [main/DEBUG] (FabricLoader/Mixin) @Mixin target net/minecraft/registry/SimpleRegistry$2 is public in fabric-tag-api-v1.mixins.json:SimpleRegistry2Mixin from mod fabric-tag-api-v1 and should be specified in value
[17:19:19] [main/DEBUG] (FabricLoader/Mixin) @Mixin target net/minecraft/registry/SimpleRegistry$3 is public in fabric-tag-api-v1.mixins.json:SimpleRegistry3Mixin from mod fabric-tag-api-v1 and should be specified in value
[17:19:19] [main/DEBUG] (FabricLoader/Mixin) @Mixin target net/minecraft/registry/SimpleRegistry$TagLookup$2 is public in fabric-tag-api-v1.mixins.json:SimpleRegistryTagLookup2Accessor from mod fabric-tag-api-v1 and should be specified in value
[17:19:19] [main/DEBUG] (FabricLoader/Mixin) Preparing fabric-item-group-api-v1.mixins.json (3)
[17:19:19] [main/DEBUG] (FabricLoader/Mixin) Preparing fabric-item-group-api-v1.client.mixins.json (1)
[17:19:19] [main/DEBUG] (FabricLoader/Mixin) Preparing fabric-block-api-v1.mixins.json (5)
[17:19:19] [main/DEBUG] (FabricLoader/Mixin) @Mixin target net/minecraft/world/chunk/ChunkSection$BlockStateCounter is public in fabric-block-api-v1.mixins.json:ChunkSectionBlockStateCounterMixin from mod fabric-block-api-v1 and should be specified in value
[17:19:19] [main/DEBUG] (FabricLoader/Mixin) Inner class net/fabricmc/fabric/mixin/renderer/client/block/model/MultipartBlockStateModelMixin$1Key in net/fabricmc/fabric/mixin/renderer/client/block/model/MultipartBlockStateModelMixin on net/minecraft/client/render/model/MultipartBlockStateModel gets unique name net/minecraft/client/render/model/MultipartBlockStateModel$1Key$32e16b7dcac64ba297170a6cbd5a71c0
[17:19:19] [main/DEBUG] (FabricLoader/Mixin) Inner class net/fabricmc/fabric/mixin/transfer/ChiseledBookshelfBlockEntityMixin$1 in net/fabricmc/fabric/mixin/transfer/ChiseledBookshelfBlockEntityMixin on net/minecraft/block/entity/ChiseledBookshelfBlockEntity gets unique name net/minecraft/block/entity/ChiseledBookshelfBlockEntity$Anonymous$c3f56df41a7f41fbab1996521e6629d5
[17:19:19] [main/DEBUG] (FabricLoader/Mixin) Inner class net/fabricmc/fabric/mixin/itemgroup/ItemGroupsMixin$1ItemGroupPosition in net/fabricmc/fabric/mixin/itemgroup/ItemGroupsMixin on net/minecraft/item/ItemGroups gets unique name net/minecraft/item/ItemGroups$1ItemGroupPosition$c08225a6399b4091bbeaff3aab9db851
[17:19:19] [main/DEBUG] (FabricLoader/Mixin) Prepared 387 mixins in 0,457 sec (1,2ms avg) (0ms load, 0ms transform, 0ms plugin)
[17:19:19] [main/DEBUG] (io.netty.util.internal.logging.InternalLoggerFactory) Using SLF4J as the default logging framework
[17:19:19] [main/DEBUG] (io.netty.util.ResourceLeakDetector) -Dio.netty.leakDetection.level: simple
[17:19:19] [main/DEBUG] (io.netty.util.ResourceLeakDetector) -Dio.netty.leakDetection.targetRecords: 4
[17:19:20] [main/INFO] (FabricLoader/MixinExtras|Service) Initializing MixinExtras via com.llamalad7.mixinextras.service.MixinExtrasServiceImpl(version=0.4.1).
[17:19:20] [main/DEBUG] (FabricLoader/Mixin) Registering new injector for @SugarWrapper with com.llamalad7.mixinextras.sugar.impl.SugarWrapperInjectionInfo
[17:19:20] [main/DEBUG] (FabricLoader/Mixin) Registering new injector for @FactoryRedirectWrapper with com.llamalad7.mixinextras.wrapper.factory.FactoryRedirectWrapperInjectionInfo
[17:19:20] [main/DEBUG] (FabricLoader/Mixin) Mixing TaggedChoiceMixin from fabric-dimensions-v1.mixins.json into com.mojang.datafixers.types.templates.TaggedChoice
[17:19:20] [main/DEBUG] (FabricLoader/Mixin) fabric-dimensions-v1.mixins.json:TaggedChoiceMixin from mod fabric-dimensions-v1->@Inject::onApply(Lcom/mojang/datafixers/util/Pair;Lorg/spongepowered/asm/mixin/injection/callback/CallbackInfoReturnable;)V does use it's CallbackInfoReturnable
[17:19:20] [main/DEBUG] (FabricLoader/Mixin) Mixing TaggedChoiceTaggedChoiceTypeMixin from fabric-dimensions-v1.mixins.json into com.mojang.datafixers.types.templates.TaggedChoice$TaggedChoiceType
[17:19:20] [main/DEBUG] (FabricLoader/Mixin) fabric-dimensions-v1.mixins.json:TaggedChoiceTaggedChoiceTypeMixin from mod fabric-dimensions-v1->@Inject::onGetCodec(Ljava/lang/Object;Lorg/spongepowered/asm/mixin/injection/callback/CallbackInfoReturnable;)V does use it's CallbackInfoReturnable
[17:19:20] [main/DEBUG] (FabricLoader/Mixin) Mixing Schema2832Mixin from fabric-dimensions-v1.mixins.json into net.minecraft.datafixer.schema.Schema2832
[17:19:20] [main/DEBUG] (FabricLoader/Mixin) Mixing SystemDetailsMixin from fabric-crash-report-info-v1.mixins.json into net.minecraft.util.SystemDetails
[17:19:20] [main/DEBUG] (FabricLoader/Mixin) Renaming synthetic method lambda$appendMods$1(Lnet/fabricmc/loader/api/ModContainer;)Ljava/lang/String; to md9c000e$fabric-crash-report-info-v1$lambda$appendMods$1$0 in fabric-crash-report-info-v1.mixins.json:SystemDetailsMixin from mod fabric-crash-report-info-v1
[17:19:20] [main/DEBUG] (FabricLoader/Mixin) Renaming synthetic method lambda$fillSystemDetails$0()Ljava/lang/String; to md9c000e$fabric-crash-report-info-v1$lambda$fillSystemDetails$0$1 in fabric-crash-report-info-v1.mixins.json:SystemDetailsMixin from mod fabric-crash-report-info-v1
[17:19:20] [main/DEBUG] (FabricLoader/Mixin) fabric-crash-report-info-v1.mixins.json:SystemDetailsMixin from mod fabric-crash-report-info-v1->@Inject::fillSystemDetails(Lorg/spongepowered/asm/mixin/injection/callback/CallbackInfo;)V doesn't use it's CallbackInfo
[17:19:20] [main/DEBUG] (FabricLoader/Mixin) fabric-crash-report-info-v1.mixins.json:SystemDetailsMixin from mod fabric-crash-report-info-v1->@Inject::fillSystemDetails(Lorg/spongepowered/asm/mixin/injection/callback/CallbackInfo;)V has 0 override(s) in child classes
[17:19:20] [main/DEBUG] (FabricLoader/Mixin) fabric-crash-report-info-v1.mixins.json:SystemDetailsMixin from mod fabric-crash-report-info-v1->@Inject::fillSystemDetails(Lorg/spongepowered/asm/mixin/injection/callback/CallbackInfo;)V won't be passed a CallbackInfo as a result
[17:19:21] [Datafixer Bootstrap/INFO] (com.mojang.datafixers.DataFixerBuilder) 269 Datafixer optimizations took 468 milliseconds
[17:19:21] [main/DEBUG] (FabricLoader/Mixin) Mixing BootstrapMixin from fabric-registry-sync-v0.mixins.json into net.minecraft.Bootstrap
[17:19:21] [main/DEBUG] (FabricLoader/Mixin) Renaming synthetic method lambda$initialize$1(Lnet/minecraft/fluid/Fluid;)Ljava/util/Collection; to md9c000e$fabric-registry-sync-v0$lambda$initialize$1$0 in fabric-registry-sync-v0.mixins.json:BootstrapMixin from mod fabric-registry-sync-v0
[17:19:21] [main/DEBUG] (FabricLoader/Mixin) Renaming synthetic method lambda$initialize$0(Lnet/minecraft/block/Block;)Ljava/util/Collection; to md9c000e$fabric-registry-sync-v0$lambda$initialize$0$1 in fabric-registry-sync-v0.mixins.json:BootstrapMixin from mod fabric-registry-sync-v0
[17:19:21] [main/DEBUG] (FabricLoader/Mixin) fabric-registry-sync-v0.mixins.json:BootstrapMixin from mod fabric-registry-sync-v0->@Inject::initialize(Lorg/spongepowered/asm/mixin/injection/callback/CallbackInfo;)V doesn't use it's CallbackInfo
[17:19:21] [main/DEBUG] (FabricLoader/Mixin) Mixing RegistryMixin from fabric-registry-sync-v0.mixins.json into net.minecraft.registry.Registry
[17:19:21] [main/DEBUG] (FabricLoader/Mixin) Mixing RegistriesAccessor from fabric-registry-sync-v0.mixins.json into net.minecraft.registry.Registries
[17:19:21] [main/DEBUG] (FabricLoader/Mixin) Renaming @Accessor method getROOT()Lnet/minecraft/registry/MutableRegistry; to getROOT$fabric-registry-sync-v0_$md$9c000e$0 in fabric-registry-sync-v0.mixins.json:RegistriesAccessor from mod fabric-registry-sync-v0
[17:19:21] [main/DEBUG] (FabricLoader/Mixin) Mixing RegistriesMixin from fabric-registry-sync-v0.mixins.json into net.minecraft.registry.Registries
[17:19:21] [main/DEBUG] (FabricLoader/Mixin) Mixing RegistriesMixin from fabric-item-api-v1.mixins.json into net.minecraft.registry.Registries
[17:19:21] [main/DEBUG] (FabricLoader/Mixin) fabric-registry-sync-v0.mixins.json:RegistriesMixin from mod fabric-registry-sync-v0->@Inject::init(Lorg/spongepowered/asm/mixin/injection/callback/CallbackInfo;)V does use it's CallbackInfo
[17:19:21] [main/DEBUG] (FabricLoader/Mixin) fabric-item-api-v1.mixins.json:RegistriesMixin from mod fabric-item-api-v1->@Inject::modifyDefaultItemComponents(Lorg/spongepowered/asm/mixin/injection/callback/CallbackInfo;)V doesn't use it's CallbackInfo
[17:19:21] [main/DEBUG] (FabricLoader/Mixin) Mixing SimpleRegistryAccessor from fabric-registry-sync-v0.mixins.json into net.minecraft.registry.SimpleRegistry
[17:19:21] [main/DEBUG] (FabricLoader/Mixin) Mixing SimpleRegistryMixin from fabric-registry-sync-v0.mixins.json into net.minecraft.registry.SimpleRegistry
[17:19:21] [main/DEBUG] (FabricLoader/Mixin) Renaming synthetic method lambda$init$4([Lnet/fabricmc/fabric/api/event/registry/RegistryIdRemapCallback;)Lnet/fabricmc/fabric/api/event/registry/RegistryIdRemapCallback; to md9c000e$fabric-registry-sync-v0$lambda$init$4$0 in fabric-registry-sync-v0.mixins.json:SimpleRegistryMixin from mod fabric-registry-sync-v0
[17:19:21] [main/DEBUG] (FabricLoader/Mixin) Renaming synthetic method lambda$init$3([Lnet/fabricmc/fabric/api/event/registry/RegistryIdRemapCallback;Lnet/fabricmc/fabric/api/event/registry/RegistryIdRemapCallback$RemapState;)V to md9c000e$fabric-registry-sync-v0$lambda$init$3$1 in fabric-registry-sync-v0.mixins.json:SimpleRegistryMixin from mod fabric-registry-sync-v0
[17:19:21] [main/DEBUG] (FabricLoader/Mixin) Renaming synthetic method lambda$init$2(ILnet/minecraft/util/Identifier;Ljava/lang/Object;)V to md9c000e$fabric-registry-sync-v0$lambda$init$2$2 in fabric-registry-sync-v0.mixins.json:SimpleRegistryMixin from mod fabric-registry-sync-v0
[17:19:21] [main/DEBUG] (FabricLoader/Mixin) Renaming synthetic method lambda$init$1([Lnet/fabricmc/fabric/api/event/registry/RegistryEntryAddedCallback;)Lnet/fabricmc/fabric/api/event/registry/RegistryEntryAddedCallback; to md9c000e$fabric-registry-sync-v0$lambda$init$1$3 in fabric-registry-sync-v0.mixins.json:SimpleRegistryMixin from mod fabric-registry-sync-v0
[17:19:21] [main/DEBUG] (FabricLoader/Mixin) Renaming synthetic method lambda$init$0([Lnet/fabricmc/fabric/api/event/registry/RegistryEntryAddedCallback;ILnet/minecraft/util/Identifier;Ljava/lang/Object;)V to md9c000e$fabric-registry-sync-v0$lambda$init$0$4 in fabric-registry-sync-v0.mixins.json:SimpleRegistryMixin from mod fabric-registry-sync-v0
[17:19:21] [main/DEBUG] (FabricLoader/Mixin) Mixing SimpleRegistryMixin from fabric-tag-api-v1.mixins.json into net.minecraft.registry.SimpleRegistry
[17:19:21] [main/DEBUG] (FabricLoader/Mixin) fabric-registry-sync-v0.mixins.json:SimpleRegistryMixin from mod fabric-registry-sync-v0->@Inject::init(Lnet/minecraft/registry/RegistryKey;Lcom/mojang/serialization/Lifecycle;ZLorg/spongepowered/asm/mixin/injection/callback/CallbackInfo;)V doesn't use it's CallbackInfo
[17:19:21] [main/DEBUG] (FabricLoader/Mixin) fabric-registry-sync-v0.mixins.json:SimpleRegistryMixin from mod fabric-registry-sync-v0->@Inject::init(Lnet/minecraft/registry/RegistryKey;Lcom/mojang/serialization/Lifecycle;ZLorg/spongepowered/asm/mixin/injection/callback/CallbackInfo;)V has 0 override(s) in child classes
[17:19:21] [main/DEBUG] (FabricLoader/Mixin) fabric-registry-sync-v0.mixins.json:SimpleRegistryMixin from mod fabric-registry-sync-v0->@Inject::init(Lnet/minecraft/registry/RegistryKey;Lcom/mojang/serialization/Lifecycle;ZLorg/spongepowered/asm/mixin/injection/callback/CallbackInfo;)V won't be passed a CallbackInfo as a result
[17:19:21] [main/DEBUG] (FabricLoader/Mixin) fabric-registry-sync-v0.mixins.json:SimpleRegistryMixin from mod fabric-registry-sync-v0->@Inject::set(Lnet/minecraft/registry/RegistryKey;Ljava/lang/Object;Lnet/minecraft/registry/entry/RegistryEntryInfo;Lorg/spongepowered/asm/mixin/injection/callback/CallbackInfoReturnable;)V does use it's CallbackInfoReturnable
[17:19:21] [main/DEBUG] (FabricLoader/Mixin) Mixing RegistryKeysMixin from fabric-registry-sync-v0.mixins.json into net.minecraft.registry.RegistryKeys
[17:19:21] [main/DEBUG] (FabricLoader/Mixin) Mixing ArgumentTypesAccessor from fabric-command-api-v2.mixins.json into net.minecraft.command.argument.ArgumentTypes
[17:19:21] [main/DEBUG] (FabricLoader/Mixin) Renaming @Accessor method fabric_getClassMap()Ljava/util/Map; to fabric_getClassMap$fabric-command-api-v2_$md$9c000e$0 in fabric-command-api-v2.mixins.json:ArgumentTypesAccessor from mod fabric-command-api-v2
[17:19:21] [main/DEBUG] (FabricLoader/Mixin) Mixing ItemGroupsMixin from fabric-item-group-api-v1.mixins.json into net.minecraft.item.ItemGroups
[17:19:21] [main/DEBUG] (FabricLoader/Mixin) Renaming synthetic method lambda$paginateGroups$0(Lnet/minecraft/registry/entry/RegistryEntry$Reference;Lnet/minecraft/registry/entry/RegistryEntry$Reference;)I to md9c000e$fabric-item-group-api-v1$lambda$paginateGroups$0$0 in fabric-item-group-api-v1.mixins.json:ItemGroupsMixin from mod fabric-item-group-api-v1
[17:19:21] [main/DEBUG] (FabricLoader/Mixin) fabric-item-group-api-v1.mixins.json:ItemGroupsMixin from mod fabric-item-group-api-v1->@Inject::deferDuplicateCheck(Lorg/spongepowered/asm/mixin/injection/callback/CallbackInfo;)V does use it's CallbackInfo
[17:19:21] [main/DEBUG] (FabricLoader/Mixin) fabric-item-group-api-v1.mixins.json:ItemGroupsMixin from mod fabric-item-group-api-v1->@Inject::paginateGroups(Lorg/spongepowered/asm/mixin/injection/callback/CallbackInfo;)V doesn't use it's CallbackInfo
[17:19:21] [main/DEBUG] (FabricLoader/Mixin) Mixing ItemGroupAccessor from fabric-item-group-api-v1.mixins.json into net.minecraft.item.ItemGroup
[17:19:21] [main/DEBUG] (FabricLoader/Mixin) Mixing ItemGroupMixin from fabric-item-group-api-v1.mixins.json into net.minecraft.item.ItemGroup
[17:19:21] [main/DEBUG] (FabricLoader/Mixin) Renaming synthetic method lambda$getStacks$0(Lnet/minecraft/item/ItemGroup;)Ljava/lang/IllegalStateException; to md9c000e$fabric-item-group-api-v1$lambda$getStacks$0$0 in fabric-item-group-api-v1.mixins.json:ItemGroupMixin from mod fabric-item-group-api-v1
[17:19:21] [main/DEBUG] (FabricLoader/Mixin) fabric-item-group-api-v1.mixins.json:ItemGroupMixin from mod fabric-item-group-api-v1->@Inject::getStacks(Lnet/minecraft/item/ItemGroup$DisplayContext;Lorg/spongepowered/asm/mixin/injection/callback/CallbackInfo;)V doesn't use it's CallbackInfo
[17:19:21] [main/DEBUG] (FabricLoader/Mixin) fabric-item-group-api-v1.mixins.json:ItemGroupMixin from mod fabric-item-group-api-v1->@Inject::getStacks(Lnet/minecraft/item/ItemGroup$DisplayContext;Lorg/spongepowered/asm/mixin/injection/callback/CallbackInfo;)V has 0 override(s) in child classes
[17:19:21] [main/DEBUG] (FabricLoader/Mixin) fabric-item-group-api-v1.mixins.json:ItemGroupMixin from mod fabric-item-group-api-v1->@Inject::getStacks(Lnet/minecraft/item/ItemGroup$DisplayContext;Lorg/spongepowered/asm/mixin/injection/callback/CallbackInfo;)V won't be passed a CallbackInfo as a result
[17:19:21] [main/DEBUG] (FabricLoader/Mixin) Mixing FireBlockMixin from fabric-content-registries-v0.mixins.json into net.minecraft.block.FireBlock
[17:19:21] [main/DEBUG] (FabricLoader/Mixin) fabric-content-registries-v0.mixins.json:FireBlockMixin from mod fabric-content-registries-v0->@Inject::afterConstruct(Lnet/minecraft/block/AbstractBlock$Settings;Lorg/spongepowered/asm/mixin/injection/callback/CallbackInfo;)V doesn't use it's CallbackInfo
[17:19:21] [main/DEBUG] (FabricLoader/Mixin) fabric-content-registries-v0.mixins.json:FireBlockMixin from mod fabric-content-registries-v0->@Inject::afterConstruct(Lnet/minecraft/block/AbstractBlock$Settings;Lorg/spongepowered/asm/mixin/injection/callback/CallbackInfo;)V has 0 override(s) in child classes
[17:19:21] [main/DEBUG] (FabricLoader/Mixin) fabric-content-registries-v0.mixins.json:FireBlockMixin from mod fabric-content-registries-v0->@Inject::afterConstruct(Lnet/minecraft/block/AbstractBlock$Settings;Lorg/spongepowered/asm/mixin/injection/callback/CallbackInfo;)V won't be passed a CallbackInfo as a result
[17:19:21] [main/DEBUG] (FabricLoader/Mixin) fabric-content-registries-v0.mixins.json:FireBlockMixin from mod fabric-content-registries-v0->@Inject::getFabricBurnChance(Lnet/minecraft/block/BlockState;Lorg/spongepowered/asm/mixin/injection/callback/CallbackInfoReturnable;)V does use it's CallbackInfoReturnable
[17:19:21] [main/DEBUG] (FabricLoader/Mixin) fabric-content-registries-v0.mixins.json:FireBlockMixin from mod fabric-content-registries-v0->@Inject::getFabricSpreadChance(Lnet/minecraft/block/BlockState;Lorg/spongepowered/asm/mixin/injection/callback/CallbackInfoReturnable;)V does use it's CallbackInfoReturnable
[17:19:21] [main/DEBUG] (FabricLoader/Mixin) Mixing BlockMixin from fabric-block-api-v1.mixins.json into net.minecraft.block.Block
[17:19:21] [main/DEBUG] (FabricLoader/Mixin) Mixing AbstractBlockAccessor from fabric-content-registries-v0.mixins.json into net.minecraft.block.AbstractBlock
[17:19:21] [main/DEBUG] (FabricLoader/Mixin) Mixing BlockViewMixin from fabric-block-view-api-v2.mixins.json into net.minecraft.world.BlockView
[17:19:21] [main/DEBUG] (FabricLoader/Mixin) Mixing AttachmentTargetsMixin from fabric-data-attachment-api-v1.mixins.json into net.minecraft.entity.Entity
[17:19:21] [main/DEBUG] (FabricLoader/Mixin) Renaming synthetic method lambda$fabric_readAttachmentsFromNbt$3(Lnet/minecraft/storage/ReadView;Lnet/fabricmc/fabric/api/attachment/v1/AttachmentType;Ljava/lang/Object;)V to md9c000e$fabric-data-attachment-api-v1$lambda$fabric_readAttachmentsFromNbt$3$0 in fabric-data-attachment-api-v1.mixins.json:AttachmentTargetsMixin from mod fabric-data-attachment-api-v1
[17:19:21] [main/DEBUG] (FabricLoader/Mixin) Renaming synthetic method lambda$onAttachedSet$2(Lnet/fabricmc/fabric/api/attachment/v1/AttachmentType;)Lnet/fabricmc/fabric/api/event/Event; to md9c000e$fabric-data-attachment-api-v1$lambda$onAttachedSet$2$1 in fabric-data-attachment-api-v1.mixins.json:AttachmentTargetsMixin from mod fabric-data-attachment-api-v1
[17:19:21] [main/DEBUG] (FabricLoader/Mixin) Renaming synthetic method lambda$onAttachedSet$1([Lnet/fabricmc/fabric/api/attachment/v1/AttachmentTarget$OnAttachedSet;)Lnet/fabricmc/fabric/api/attachment/v1/AttachmentTarget$OnAttachedSet; to md9c000e$fabric-data-attachment-api-v1$lambda$onAttachedSet$1$2 in fabric-data-attachment-api-v1.mixins.json:AttachmentTargetsMixin from mod fabric-data-attachment-api-v1
[17:19:21] [main/DEBUG] (FabricLoader/Mixin) Renaming synthetic method lambda$onAttachedSet$0([Lnet/fabricmc/fabric/api/attachment/v1/AttachmentTarget$OnAttachedSet;Ljava/lang/Object;Ljava/lang/Object;)V to md9c000e$fabric-data-attachment-api-v1$lambda$onAttachedSet$0$3 in fabric-data-attachment-api-v1.mixins.json:AttachmentTargetsMixin from mod fabric-data-attachment-api-v1
[17:19:21] [main/DEBUG] (FabricLoader/Mixin) Mixing EntityMixin from fabric-data-attachment-api-v1.mixins.json into net.minecraft.entity.Entity
[17:19:21] [main/DEBUG] (FabricLoader/Mixin) Renaming synthetic method lambda$fabric_syncChange$0(Lnet/fabricmc/fabric/api/attachment/v1/AttachmentSyncPredicate;Lnet/fabricmc/fabric/impl/attachment/sync/s2c/AttachmentSyncPayloadS2C;Lnet/minecraft/server/network/ServerPlayerEntity;)V to md9c000e$fabric-data-attachment-api-v1$lambda$fabric_syncChange$0$4 in fabric-data-attachment-api-v1.mixins.json:EntityMixin from mod fabric-data-attachment-api-v1
[17:19:21] [main/DEBUG] (FabricLoader/Mixin) Mixing EntityMixin from fabric-particles-v1.mixins.json into net.minecraft.entity.Entity
[17:19:21] [main/DEBUG] (FabricLoader/Mixin) Mixing EntityMixin from fabric-entity-events-v1.mixins.json into net.minecraft.entity.Entity
[17:19:21] [main/DEBUG] (FabricLoader/Mixin) fabric-data-attachment-api-v1.mixins.json:EntityMixin from mod fabric-data-attachment-api-v1->@Inject::readEntityAttachments(Lnet/minecraft/storage/ReadView;Lorg/spongepowered/asm/mixin/injection/callback/CallbackInfo;)V doesn't use it's CallbackInfo
[17:19:21] [main/DEBUG] (FabricLoader/Mixin) fabric-data-attachment-api-v1.mixins.json:EntityMixin from mod fabric-data-attachment-api-v1->@Inject::readEntityAttachments(Lnet/minecraft/storage/ReadView;Lorg/spongepowered/asm/mixin/injection/callback/CallbackInfo;)V has 0 override(s) in child classes
[17:19:21] [main/DEBUG] (FabricLoader/Mixin) fabric-data-attachment-api-v1.mixins.json:EntityMixin from mod fabric-data-attachment-api-v1->@Inject::readEntityAttachments(Lnet/minecraft/storage/ReadView;Lorg/spongepowered/asm/mixin/injection/callback/CallbackInfo;)V won't be passed a CallbackInfo as a result
[17:19:21] [main/DEBUG] (FabricLoader/Mixin) fabric-data-attachment-api-v1.mixins.json:EntityMixin from mod fabric-data-attachment-api-v1->@Inject::writeEntityAttachments(Lnet/minecraft/storage/WriteView;Lorg/spongepowered/asm/mixin/injection/callback/CallbackInfo;)V doesn't use it's CallbackInfo
[17:19:21] [main/DEBUG] (FabricLoader/Mixin) fabric-data-attachment-api-v1.mixins.json:EntityMixin from mod fabric-data-attachment-api-v1->@Inject::writeEntityAttachments(Lnet/minecraft/storage/WriteView;Lorg/spongepowered/asm/mixin/injection/callback/CallbackInfo;)V has 0 override(s) in child classes
[17:19:21] [main/DEBUG] (FabricLoader/Mixin) fabric-data-attachment-api-v1.mixins.json:EntityMixin from mod fabric-data-attachment-api-v1->@Inject::writeEntityAttachments(Lnet/minecraft/storage/WriteView;Lorg/spongepowered/asm/mixin/injection/callback/CallbackInfo;)V won't be passed a CallbackInfo as a result
[17:19:21] [main/DEBUG] (FabricLoader/Mixin) Mixing PlayerEntityMixin from fabric-entity-events-v1.mixins.json into net.minecraft.entity.player.PlayerEntity
[17:19:21] [main/DEBUG] (FabricLoader/Mixin) fabric-entity-events-v1.mixins.json:PlayerEntityMixin from mod fabric-entity-events-v1->@Inject::onTrySleep(Lnet/minecraft/util/math/BlockPos;Lorg/spongepowered/asm/mixin/injection/callback/CallbackInfoReturnable;)V does use it's CallbackInfoReturnable
[17:19:21] [main/DEBUG] (FabricLoader/Mixin) fabric-entity-events-v1.mixins.json:PlayerEntityMixin from mod fabric-entity-events-v1->@Inject::onIsSleepingLongEnough(Lorg/spongepowered/asm/mixin/injection/callback/CallbackInfoReturnable;)V does use it's CallbackInfoReturnable
[17:19:21] [main/DEBUG] (FabricLoader/Mixin) Mixing LivingEntityMixin from fabric-particles-v1.mixins.json into net.minecraft.entity.LivingEntity
[17:19:21] [main/DEBUG] (FabricLoader/Mixin) Mixing LivingEntityMixin from fabric-item-api-v1.mixins.json into net.minecraft.entity.LivingEntity
[17:19:21] [main/DEBUG] (FabricLoader/Mixin) Mixing LivingEntityMixin from fabric-lifecycle-events-v1.mixins.json into net.minecraft.entity.LivingEntity
[17:19:21] [main/DEBUG] (FabricLoader/Mixin) Mixing LivingEntityMixin from fabric-entity-events-v1.mixins.json into net.minecraft.entity.LivingEntity
[17:19:21] [main/DEBUG] (FabricLoader/Mixin) Mixing elytra.LivingEntityMixin from fabric-entity-events-v1.mixins.json into net.minecraft.entity.LivingEntity
[17:19:21] [main/DEBUG] (FabricLoader/Mixin) Mixing LivingEntityMixin from fabric-block-api-v1.mixins.json into net.minecraft.entity.LivingEntity
[17:19:21] [main/DEBUG] (FabricLoader/Mixin) fabric-item-api-v1.mixins.json:LivingEntityMixin from mod fabric-item-api-v1->@Inject::onGetPreferredEquipmentSlot(Lnet/minecraft/item/ItemStack;Lorg/spongepowered/asm/mixin/injection/callback/CallbackInfoReturnable;)V does use it's CallbackInfoReturnable
[17:19:21] [main/DEBUG] (FabricLoader/Mixin) fabric-lifecycle-events-v1.mixins.json:LivingEntityMixin from mod fabric-lifecycle-events-v1->@Inject::getEquipmentChanges(Lorg/spongepowered/asm/mixin/injection/callback/CallbackInfoReturnable;)V doesn't use it's CallbackInfoReturnable
[17:19:21] [main/DEBUG] (FabricLoader/Mixin) fabric-lifecycle-events-v1.mixins.json:LivingEntityMixin from mod fabric-lifecycle-events-v1->@Inject::getEquipmentChanges(Lorg/spongepowered/asm/mixin/injection/callback/CallbackInfoReturnable;)V has 0 override(s) in child classes
[17:19:21] [main/DEBUG] (FabricLoader/Mixin) fabric-lifecycle-events-v1.mixins.json:LivingEntityMixin from mod fabric-lifecycle-events-v1->@Inject::getEquipmentChanges(Lorg/spongepowered/asm/mixin/injection/callback/CallbackInfoReturnable;)V won't be passed a CallbackInfoReturnable as a result
[17:19:21] [main/DEBUG] (FabricLoader/Mixin) fabric-entity-events-v1.mixins.json:LivingEntityMixin from mod fabric-entity-events-v1->@Inject::notifyDeath(Lnet/minecraft/entity/damage/DamageSource;Lorg/spongepowered/asm/mixin/injection/callback/CallbackInfo;)V doesn't use it's CallbackInfo
[17:19:21] [main/DEBUG] (FabricLoader/Mixin) fabric-entity-events-v1.mixins.json:LivingEntityMixin from mod fabric-entity-events-v1->@Inject::notifyDeath(Lnet/minecraft/entity/damage/DamageSource;Lorg/spongepowered/asm/mixin/injection/callback/CallbackInfo;)V has 0 override(s) in child classes
[17:19:21] [main/DEBUG] (FabricLoader/Mixin) fabric-entity-events-v1.mixins.json:LivingEntityMixin from mod fabric-entity-events-v1->@Inject::notifyDeath(Lnet/minecraft/entity/damage/DamageSource;Lorg/spongepowered/asm/mixin/injection/callback/CallbackInfo;)V won't be passed a CallbackInfo as a result
[17:19:21] [main/DEBUG] (FabricLoader/Mixin) fabric-entity-events-v1.mixins.json:LivingEntityMixin from mod fabric-entity-events-v1->@Inject::beforeDamage(Lnet/minecraft/server/world/ServerWorld;Lnet/minecraft/entity/damage/DamageSource;FLorg/spongepowered/asm/mixin/injection/callback/CallbackInfoReturnable;)V does use it's CallbackInfoReturnable
[17:19:21] [main/DEBUG] (FabricLoader/Mixin) fabric-entity-events-v1.mixins.json:LivingEntityMixin from mod fabric-entity-events-v1->@Inject::afterDamage(Lnet/minecraft/server/world/ServerWorld;Lnet/minecraft/entity/damage/DamageSource;FLorg/spongepowered/asm/mixin/injection/callback/CallbackInfoReturnable;)V doesn't use it's CallbackInfoReturnable
[17:19:21] [main/DEBUG] (FabricLoader/Mixin) fabric-entity-events-v1.mixins.json:LivingEntityMixin from mod fabric-entity-events-v1->@Inject::afterDamage(Lnet/minecraft/server/world/ServerWorld;Lnet/minecraft/entity/damage/DamageSource;FLorg/spongepowered/asm/mixin/injection/callback/CallbackInfoReturnable;)V has 0 override(s) in child classes
[17:19:21] [main/DEBUG] (FabricLoader/Mixin) fabric-entity-events-v1.mixins.json:LivingEntityMixin from mod fabric-entity-events-v1->@Inject::afterDamage(Lnet/minecraft/server/world/ServerWorld;Lnet/minecraft/entity/damage/DamageSource;FLorg/spongepowered/asm/mixin/injection/callback/CallbackInfoReturnable;)V won't be passed a CallbackInfoReturnable as a result
[17:19:21] [main/DEBUG] (FabricLoader/Mixin) fabric-entity-events-v1.mixins.json:LivingEntityMixin from mod fabric-entity-events-v1->@Inject::onSleep(Lnet/minecraft/util/math/BlockPos;Lorg/spongepowered/asm/mixin/injection/callback/CallbackInfo;)V doesn't use it's CallbackInfo
[17:19:21] [main/DEBUG] (FabricLoader/Mixin) fabric-entity-events-v1.mixins.json:LivingEntityMixin from mod fabric-entity-events-v1->@Inject::onSleep(Lnet/minecraft/util/math/BlockPos;Lorg/spongepowered/asm/mixin/injection/callback/CallbackInfo;)V has 0 override(s) in child classes
[17:19:21] [main/DEBUG] (FabricLoader/Mixin) fabric-entity-events-v1.mixins.json:LivingEntityMixin from mod fabric-entity-events-v1->@Inject::onSleep(Lnet/minecraft/util/math/BlockPos;Lorg/spongepowered/asm/mixin/injection/callback/CallbackInfo;)V won't be passed a CallbackInfo as a result
[17:19:21] [main/DEBUG] (FabricLoader/Mixin) fabric-entity-events-v1.mixins.json:LivingEntityMixin from mod fabric-entity-events-v1->@Inject::onWakeUp(Lorg/spongepowered/asm/mixin/injection/callback/CallbackInfo;)V doesn't use it's CallbackInfo
[17:19:21] [main/DEBUG] (FabricLoader/Mixin) fabric-entity-events-v1.mixins.json:LivingEntityMixin from mod fabric-entity-events-v1->@Inject::onWakeUp(Lorg/spongepowered/asm/mixin/injection/callback/CallbackInfo;)V has 0 override(s) in child classes
[17:19:21] [main/DEBUG] (FabricLoader/Mixin) fabric-entity-events-v1.mixins.json:LivingEntityMixin from mod fabric-entity-events-v1->@Inject::onWakeUp(Lorg/spongepowered/asm/mixin/injection/callback/CallbackInfo;)V won't be passed a CallbackInfo as a result
[17:19:21] [main/DEBUG] (FabricLoader/Mixin) fabric-entity-events-v1.mixins.json:LivingEntityMixin from mod fabric-entity-events-v1->@Inject::onIsSleepingInBed(Lnet/minecraft/util/math/BlockPos;Lorg/spongepowered/asm/mixin/injection/callback/CallbackInfoReturnable;)V does use it's CallbackInfoReturnable
[17:19:21] [main/DEBUG] (FabricLoader/Mixin) fabric-entity-events-v1.mixins.json:elytra.LivingEntityMixin from mod fabric-entity-events-v1->@Inject::injectElytraTick(Lorg/spongepowered/asm/mixin/injection/callback/CallbackInfo;)V does use it's CallbackInfo
[17:19:21] [main/DEBUG] (FabricLoader/Mixin) fabric-entity-events-v1.mixins.json:elytra.LivingEntityMixin from mod fabric-entity-events-v1->@Inject::injectElytraCheck(Lorg/spongepowered/asm/mixin/injection/callback/CallbackInfoReturnable;)V does use it's CallbackInfoReturnable
[17:19:21] [main/DEBUG] (FabricLoader/Mixin) fabric-block-api-v1.mixins.json:LivingEntityMixin from mod fabric-block-api-v1->@Inject::allowTaggedBlocksForTrapdoorClimbing(Lnet/minecraft/util/math/BlockPos;Lnet/minecraft/block/BlockState;Lorg/spongepowered/asm/mixin/injection/callback/CallbackInfoReturnable;)V does use it's CallbackInfoReturnable
[17:19:21] [main/DEBUG] (FabricLoader/Mixin) Mixing AttachmentTargetsMixin from fabric-data-attachment-api-v1.mixins.json into net.minecraft.world.World
[17:19:21] [main/DEBUG] (FabricLoader/Mixin) Mixing WorldMixin from fabric-data-attachment-api-v1.mixins.json into net.minecraft.world.World
[17:19:21] [main/DEBUG] (FabricLoader/Mixin) Mixing WorldMixin from fabric-lifecycle-events-v1.mixins.json into net.minecraft.world.World
[17:19:22] [main/DEBUG] (FabricLoader/Mixin) Mixing WorldViewMixin from fabric-block-view-api-v2.mixins.json into net.minecraft.world.WorldView
[17:19:22] [main/DEBUG] (FabricLoader/Mixin) Mixing ServerWorldMixin from fabric-data-attachment-api-v1.mixins.json into net.minecraft.server.world.ServerWorld
[17:19:22] [main/DEBUG] (FabricLoader/Mixin) Renaming synthetic method lambda$fabric_syncChange$1(Lnet/fabricmc/fabric/api/attachment/v1/AttachmentType;Lnet/fabricmc/fabric/impl/attachment/sync/s2c/AttachmentSyncPayloadS2C;Lnet/minecraft/server/network/ServerPlayerEntity;)V to md9c000e$fabric-data-attachment-api-v1$lambda$fabric_syncChange$1$0 in fabric-data-attachment-api-v1.mixins.json:ServerWorldMixin from mod fabric-data-attachment-api-v1
[17:19:22] [main/DEBUG] (FabricLoader/Mixin) Renaming synthetic method lambda$createAttachmentsPersistentState$0(Lnet/minecraft/server/world/ServerWorld;)Lnet/fabricmc/fabric/impl/attachment/AttachmentPersistentState; to md9c000e$fabric-data-attachment-api-v1$lambda$createAttachmentsPersistentState$0$1 in fabric-data-attachment-api-v1.mixins.json:ServerWorldMixin from mod fabric-data-attachment-api-v1
[17:19:22] [main/DEBUG] (FabricLoader/Mixin) Mixing ServerWorldMixin from fabric-api-lookup-api-v1.mixins.json into net.minecraft.server.world.ServerWorld
[17:19:22] [main/DEBUG] (FabricLoader/Mixin) Renaming synthetic method lambda$fabric_invalidateCache$5(Ljava/util/Map$Entry;)Z to md9c000e$fabric-api-lookup-api-v1$lambda$fabric_invalidateCache$5$2 in fabric-api-lookup-api-v1.mixins.json:ServerWorldMixin from mod fabric-api-lookup-api-v1
[17:19:22] [main/DEBUG] (FabricLoader/Mixin) Renaming synthetic method lambda$fabric_invalidateCache$4(Ljava/lang/ref/WeakReference;)Z to md9c000e$fabric-api-lookup-api-v1$lambda$fabric_invalidateCache$4$3 in fabric-api-lookup-api-v1.mixins.json:ServerWorldMixin from mod fabric-api-lookup-api-v1
[17:19:22] [main/DEBUG] (FabricLoader/Mixin) Renaming synthetic method lambda$fabric_invalidateCache$3(Ljava/lang/ref/WeakReference;)V to md9c000e$fabric-api-lookup-api-v1$lambda$fabric_invalidateCache$3$4 in fabric-api-lookup-api-v1.mixins.json:ServerWorldMixin from mod fabric-api-lookup-api-v1
[17:19:22] [main/DEBUG] (FabricLoader/Mixin) Renaming synthetic method lambda$fabric_invalidateCache$2(Ljava/lang/ref/WeakReference;)Z to md9c000e$fabric-api-lookup-api-v1$lambda$fabric_invalidateCache$2$5 in fabric-api-lookup-api-v1.mixins.json:ServerWorldMixin from mod fabric-api-lookup-api-v1
[17:19:22] [main/DEBUG] (FabricLoader/Mixin) Renaming synthetic method lambda$fabric_registerCache$1(Ljava/lang/ref/WeakReference;)Z to md9c000e$fabric-api-lookup-api-v1$lambda$fabric_registerCache$1$6 in fabric-api-lookup-api-v1.mixins.json:ServerWorldMixin from mod fabric-api-lookup-api-v1
[17:19:22] [main/DEBUG] (FabricLoader/Mixin) Renaming synthetic method lambda$fabric_registerCache$0(Lnet/minecraft/util/math/BlockPos;)Ljava/util/List; to md9c000e$fabric-api-lookup-api-v1$lambda$fabric_registerCache$0$7 in fabric-api-lookup-api-v1.mixins.json:ServerWorldMixin from mod fabric-api-lookup-api-v1
[17:19:22] [main/DEBUG] (FabricLoader/Mixin) Mixing ServerWorldMixin from fabric-lifecycle-events-v1.mixins.json into net.minecraft.server.world.ServerWorld
[17:19:22] [main/DEBUG] (FabricLoader/Mixin) fabric-data-attachment-api-v1.mixins.json:ServerWorldMixin from mod fabric-data-attachment-api-v1->@Inject::createAttachmentsPersistentState(Lorg/spongepowered/asm/mixin/injection/callback/CallbackInfo;)V doesn't use it's CallbackInfo
[17:19:22] [main/DEBUG] (FabricLoader/Mixin) fabric-data-attachment-api-v1.mixins.json:ServerWorldMixin from mod fabric-data-attachment-api-v1->@Inject::createAttachmentsPersistentState(Lorg/spongepowered/asm/mixin/injection/callback/CallbackInfo;)V has 0 override(s) in child classes
[17:19:22] [main/DEBUG] (FabricLoader/Mixin) fabric-data-attachment-api-v1.mixins.json:ServerWorldMixin from mod fabric-data-attachment-api-v1->@Inject::createAttachmentsPersistentState(Lorg/spongepowered/asm/mixin/injection/callback/CallbackInfo;)V won't be passed a CallbackInfo as a result
[17:19:22] [main/DEBUG] (FabricLoader/Mixin) fabric-lifecycle-events-v1.mixins.json:ServerWorldMixin from mod fabric-lifecycle-events-v1->@Inject::startWorldTick(Ljava/util/function/BooleanSupplier;Lorg/spongepowered/asm/mixin/injection/callback/CallbackInfo;)V doesn't use it's CallbackInfo
[17:19:22] [main/DEBUG] (FabricLoader/Mixin) fabric-lifecycle-events-v1.mixins.json:ServerWorldMixin from mod fabric-lifecycle-events-v1->@Inject::startWorldTick(Ljava/util/function/BooleanSupplier;Lorg/spongepowered/asm/mixin/injection/callback/CallbackInfo;)V has 0 override(s) in child classes
[17:19:22] [main/DEBUG] (FabricLoader/Mixin) fabric-lifecycle-events-v1.mixins.json:ServerWorldMixin from mod fabric-lifecycle-events-v1->@Inject::startWorldTick(Ljava/util/function/BooleanSupplier;Lorg/spongepowered/asm/mixin/injection/callback/CallbackInfo;)V won't be passed a CallbackInfo as a result
[17:19:22] [main/DEBUG] (FabricLoader/Mixin) fabric-lifecycle-events-v1.mixins.json:ServerWorldMixin from mod fabric-lifecycle-events-v1->@Inject::endWorldTick(Ljava/util/function/BooleanSupplier;Lorg/spongepowered/asm/mixin/injection/callback/CallbackInfo;)V doesn't use it's CallbackInfo
[17:19:22] [main/DEBUG] (FabricLoader/Mixin) fabric-lifecycle-events-v1.mixins.json:ServerWorldMixin from mod fabric-lifecycle-events-v1->@Inject::endWorldTick(Ljava/util/function/BooleanSupplier;Lorg/spongepowered/asm/mixin/injection/callback/CallbackInfo;)V has 0 override(s) in child classes
[17:19:22] [main/DEBUG] (FabricLoader/Mixin) fabric-lifecycle-events-v1.mixins.json:ServerWorldMixin from mod fabric-lifecycle-events-v1->@Inject::endWorldTick(Ljava/util/function/BooleanSupplier;Lorg/spongepowered/asm/mixin/injection/callback/CallbackInfo;)V won't be passed a CallbackInfo as a result
[17:19:22] [main/DEBUG] (FabricLoader/Mixin) Mixing BlockStateMixin from fabric-block-api-v1.mixins.json into net.minecraft.block.BlockState
[17:19:22] [main/DEBUG] (FabricLoader/Mixin) Mixing AbstractBlockAbstractBlockStateMixin from fabric-content-registries-v0.mixins.json into net.minecraft.block.AbstractBlock$AbstractBlockState
[17:19:22] [main/DEBUG] (FabricLoader/Mixin) Mixing IdListMixin from fabric-registry-sync-v0.mixins.json into net.minecraft.util.collection.IdList
[17:19:22] [main/DEBUG] (FabricLoader/Mixin) Renaming synthetic method lambda$fabric_remapIds$0(Lit/unimi/dsi/fastutil/ints/Int2IntMap;Ljava/lang/Object;Ljava/lang/Integer;)Ljava/lang/Integer; to md9c000e$fabric-registry-sync-v0$lambda$fabric_remapIds$0$0 in fabric-registry-sync-v0.mixins.json:IdListMixin from mod fabric-registry-sync-v0
[17:19:22] [main/DEBUG] (FabricLoader/Mixin) Mixing RegistryByteBufMixin from fabric-networking-api-v1.mixins.json into net.minecraft.network.RegistryByteBuf
[17:19:22] [main/DEBUG] (FabricLoader/Mixin) Mixing BlocksMixin from fabric-registry-sync-v0.mixins.json into net.minecraft.block.Blocks
[17:19:22] [main/DEBUG] (FabricLoader/Mixin) Renaming synthetic method lambda$initShapeCache$0(ILnet/minecraft/util/Identifier;Lnet/minecraft/block/Block;)V to md9c000e$fabric-registry-sync-v0$lambda$initShapeCache$0$0 in fabric-registry-sync-v0.mixins.json:BlocksMixin from mod fabric-registry-sync-v0
[17:19:22] [main/DEBUG] (FabricLoader/Mixin) fabric-registry-sync-v0.mixins.json:BlocksMixin from mod fabric-registry-sync-v0->@Inject::initShapeCache(Lorg/spongepowered/asm/mixin/injection/callback/CallbackInfo;)V doesn't use it's CallbackInfo
[17:19:22] [main/DEBUG] (FabricLoader/Mixin) Mixing OxidizableMixin from fabric-content-registries-v0.mixins.json into net.minecraft.block.Oxidizable
[17:19:22] [main/DEBUG] (FabricLoader/Mixin) fabric-content-registries-v0.mixins.json:OxidizableMixin from mod fabric-content-registries-v0->@Inject::createOxidationLevelIncreasesMap(Lorg/spongepowered/asm/mixin/injection/callback/CallbackInfoReturnable;)V does use it's CallbackInfoReturnable
[17:19:22] [main/DEBUG] (FabricLoader/Mixin) Mixing AbstractCandleBlockMixin from noflamesmoke.mixins.json into net.minecraft.block.AbstractCandleBlock
[17:19:22] [main/DEBUG] (FabricLoader/Mixin) noflamesmoke.mixins.json:AbstractCandleBlockMixin from mod noflamesmoke->@Inject::nfs$separateCandleParticles(Lnet/minecraft/block/BlockState;Lnet/minecraft/world/World;Lnet/minecraft/util/math/BlockPos;Lnet/minecraft/util/math/random/Random;Lorg/spongepowered/asm/mixin/injection/callback/CallbackInfo;)V does use it's CallbackInfo
[17:19:22] [main/DEBUG] (FabricLoader/Mixin) Mixing WallTorchBlockMixin from noflamesmoke.mixins.json into net.minecraft.block.WallTorchBlock
[17:19:22] [main/DEBUG] (FabricLoader/Mixin) noflamesmoke.mixins.json:WallTorchBlockMixin from mod noflamesmoke->@Inject::nfs$randomDisplayTick(Lnet/minecraft/block/BlockState;Lnet/minecraft/world/World;Lnet/minecraft/util/math/BlockPos;Lnet/minecraft/util/math/random/Random;Lorg/spongepowered/asm/mixin/injection/callback/CallbackInfo;)V does use it's CallbackInfo
[17:19:22] [main/DEBUG] (FabricLoader/Mixin) Mixing TorchBlockMixin from noflamesmoke.mixins.json into net.minecraft.block.TorchBlock
[17:19:22] [main/DEBUG] (FabricLoader/Mixin) noflamesmoke.mixins.json:TorchBlockMixin from mod noflamesmoke->@Inject::nfs$randomDisplayTick(Lnet/minecraft/block/BlockState;Lnet/minecraft/world/World;Lnet/minecraft/util/math/BlockPos;Lnet/minecraft/util/math/random/Random;Lorg/spongepowered/asm/mixin/injection/callback/CallbackInfo;)V does use it's CallbackInfo
[17:19:22] [main/DEBUG] (FabricLoader/Mixin) Mixing EntityTypeMixin from fabric-object-builder-v1.mixins.json into net.minecraft.entity.EntityType
[17:19:22] [main/DEBUG] (FabricLoader/Mixin) fabric-object-builder-v1.mixins.json:EntityTypeMixin from mod fabric-object-builder-api-v1->@Inject::onAlwaysUpdateVelocity(Lorg/spongepowered/asm/mixin/injection/callback/CallbackInfoReturnable;)V does use it's CallbackInfoReturnable
[17:19:22] [main/DEBUG] (FabricLoader/Mixin) fabric-object-builder-v1.mixins.json:EntityTypeMixin from mod fabric-object-builder-api-v1->@Inject::onCanPotentiallyExecuteCommands(Lorg/spongepowered/asm/mixin/injection/callback/CallbackInfoReturnable;)V does use it's CallbackInfoReturnable
[17:19:22] [main/DEBUG] (FabricLoader/Mixin) Mixing FluidMixin from fabric-transfer-api-v1.mixins.json into net.minecraft.fluid.Fluid
[17:19:22] [main/DEBUG] (FabricLoader/Mixin) fabric-transfer-api-v1.mixins.json:FluidMixin from mod fabric-transfer-api-v1->@Inject::hookGetBucketFillSound(Lorg/spongepowered/asm/mixin/injection/callback/CallbackInfoReturnable;)V does use it's CallbackInfoReturnable
[17:19:22] [main/DEBUG] (FabricLoader/Mixin) Mixing ComponentMapBuilderMixin from fabric-item-api-v1.mixins.json into net.minecraft.component.ComponentMap$Builder
[17:19:22] [main/DEBUG] (FabricLoader/Mixin) Mixing AttachmentTargetsMixin from fabric-data-attachment-api-v1.mixins.json into net.minecraft.block.entity.BlockEntity
[17:19:22] [main/DEBUG] (FabricLoader/Mixin) Mixing BlockEntityMixin from fabric-data-attachment-api-v1.mixins.json into net.minecraft.block.entity.BlockEntity
[17:19:22] [main/DEBUG] (FabricLoader/Mixin) Renaming synthetic method lambda$fabric_syncChange$0(Lnet/fabricmc/fabric/api/attachment/v1/AttachmentType;Lnet/fabricmc/fabric/impl/attachment/sync/s2c/AttachmentSyncPayloadS2C;Lnet/minecraft/server/network/ServerPlayerEntity;)V to md9c000e$fabric-data-attachment-api-v1$lambda$fabric_syncChange$0$0 in fabric-data-attachment-api-v1.mixins.json:BlockEntityMixin from mod fabric-data-attachment-api-v1
[17:19:22] [main/DEBUG] (FabricLoader/Mixin) Mixing BlockEntityMixin from fabric-block-view-api-v2.mixins.json into net.minecraft.block.entity.BlockEntity
[17:19:22] [main/DEBUG] (FabricLoader/Mixin) fabric-data-attachment-api-v1.mixins.json:BlockEntityMixin from mod fabric-data-attachment-api-v1->@Inject::readBlockEntityAttachments(Lnet/minecraft/storage/ReadView;Lorg/spongepowered/asm/mixin/injection/callback/CallbackInfo;)V doesn't use it's CallbackInfo
[17:19:22] [main/DEBUG] (FabricLoader/Mixin) fabric-data-attachment-api-v1.mixins.json:BlockEntityMixin from mod fabric-data-attachment-api-v1->@Inject::readBlockEntityAttachments(Lnet/minecraft/storage/ReadView;Lorg/spongepowered/asm/mixin/injection/callback/CallbackInfo;)V has 0 override(s) in child classes
[17:19:22] [main/DEBUG] (FabricLoader/Mixin) fabric-data-attachment-api-v1.mixins.json:BlockEntityMixin from mod fabric-data-attachment-api-v1->@Inject::readBlockEntityAttachments(Lnet/minecraft/storage/ReadView;Lorg/spongepowered/asm/mixin/injection/callback/CallbackInfo;)V won't be passed a CallbackInfo as a result
[17:19:22] [main/DEBUG] (FabricLoader/Mixin) fabric-data-attachment-api-v1.mixins.json:BlockEntityMixin from mod fabric-data-attachment-api-v1->@Inject::writeBlockEntityAttachments(Lnet/minecraft/storage/WriteView;Lorg/spongepowered/asm/mixin/injection/callback/CallbackInfo;)V doesn't use it's CallbackInfo
[17:19:22] [main/DEBUG] (FabricLoader/Mixin) fabric-data-attachment-api-v1.mixins.json:BlockEntityMixin from mod fabric-data-attachment-api-v1->@Inject::writeBlockEntityAttachments(Lnet/minecraft/storage/WriteView;Lorg/spongepowered/asm/mixin/injection/callback/CallbackInfo;)V has 0 override(s) in child classes
[17:19:22] [main/DEBUG] (FabricLoader/Mixin) fabric-data-attachment-api-v1.mixins.json:BlockEntityMixin from mod fabric-data-attachment-api-v1->@Inject::writeBlockEntityAttachments(Lnet/minecraft/storage/WriteView;Lorg/spongepowered/asm/mixin/injection/callback/CallbackInfo;)V won't be passed a CallbackInfo as a result
[17:19:22] [main/DEBUG] (FabricLoader/Mixin) Mixing BlockStateParticleEffectMixin from fabric-particles-v1.mixins.json into net.minecraft.particle.BlockStateParticleEffect
[17:19:22] [main/DEBUG] (FabricLoader/Mixin) Mixing LockableContainerBlockEntityMixin from fabric-transfer-api-v1.mixins.json into net.minecraft.block.entity.LockableContainerBlockEntity
[17:19:22] [main/DEBUG] (FabricLoader/Mixin) Mixing NamedScreenHandlerFactoryMixin from fabric-screen-handler-api-v1.mixins.json into net.minecraft.screen.NamedScreenHandlerFactory
[17:19:22] [main/DEBUG] (FabricLoader/Mixin) Mixing DetectorRailBlockMixin from fabric-object-builder-v1.mixins.json into net.minecraft.block.DetectorRailBlock
[17:19:22] [main/DEBUG] (FabricLoader/Mixin) Renaming synthetic method lambda$getCustomComparatorOutput$0(Lnet/minecraft/entity/Entity;)Z to md9c000e$fabric-object-builder-api-v1$lambda$getCustomComparatorOutput$0$0 in fabric-object-builder-v1.mixins.json:DetectorRailBlockMixin from mod fabric-object-builder-api-v1
[17:19:22] [main/DEBUG] (FabricLoader/Mixin) fabric-object-builder-v1.mixins.json:DetectorRailBlockMixin from mod fabric-object-builder-api-v1->@Inject::getCustomComparatorOutput(Lnet/minecraft/block/BlockState;Lnet/minecraft/world/World;Lnet/minecraft/util/math/BlockPos;Lorg/spongepowered/asm/mixin/injection/callback/CallbackInfoReturnable;)V does use it's CallbackInfoReturnable
[17:19:22] [main/DEBUG] (FabricLoader/Mixin) Mixing MobEntityMixin from fabric-entity-events-v1.mixins.json into net.minecraft.entity.mob.MobEntity
[17:19:22] [main/DEBUG] (FabricLoader/Mixin) Mixing ChiseledBookshelfBlockEntityMixin from fabric-transfer-api-v1.mixins.json into net.minecraft.block.entity.ChiseledBookshelfBlockEntity
[17:19:22] [main/DEBUG] (FabricLoader/Mixin) fabric-transfer-api-v1.mixins.json:ChiseledBookshelfBlockEntityMixin from mod fabric-transfer-api-v1->@Inject::setStackBypass(ILnet/minecraft/item/ItemStack;Lorg/spongepowered/asm/mixin/injection/callback/CallbackInfo;)V does use it's CallbackInfo
[17:19:22] [main/DEBUG] (FabricLoader/Mixin) Mixing BlockEntityTypeAccessor from fabric-api-lookup-api-v1.mixins.json into net.minecraft.block.entity.BlockEntityType
[17:19:22] [main/DEBUG] (FabricLoader/Mixin) Mixing BlockEntityTypeMixin from fabric-object-builder-v1.mixins.json into net.minecraft.block.entity.BlockEntityType
[17:19:22] [main/DEBUG] (FabricLoader/Mixin) fabric-object-builder-v1.mixins.json:BlockEntityTypeMixin from mod fabric-object-builder-api-v1->@Inject::mutableBlocks(Lnet/minecraft/block/entity/BlockEntityType$BlockEntityFactory;Ljava/util/Set;Lorg/spongepowered/asm/mixin/injection/callback/CallbackInfo;)V doesn't use it's CallbackInfo
[17:19:22] [main/DEBUG] (FabricLoader/Mixin) fabric-object-builder-v1.mixins.json:BlockEntityTypeMixin from mod fabric-object-builder-api-v1->@Inject::mutableBlocks(Lnet/minecraft/block/entity/BlockEntityType$BlockEntityFactory;Ljava/util/Set;Lorg/spongepowered/asm/mixin/injection/callback/CallbackInfo;)V has 0 override(s) in child classes
[17:19:22] [main/DEBUG] (FabricLoader/Mixin) fabric-object-builder-v1.mixins.json:BlockEntityTypeMixin from mod fabric-object-builder-api-v1->@Inject::mutableBlocks(Lnet/minecraft/block/entity/BlockEntityType$BlockEntityFactory;Ljava/util/Set;Lorg/spongepowered/asm/mixin/injection/callback/CallbackInfo;)V won't be passed a CallbackInfo as a result
[17:19:22] [main/DEBUG] (FabricLoader/Mixin) Mixing FurnaceBlockMixin from noflamesmoke.mixins.json into net.minecraft.block.FurnaceBlock
[17:19:22] [main/DEBUG] (FabricLoader/Mixin) noflamesmoke.mixins.json:FurnaceBlockMixin from mod noflamesmoke->@Inject::nfs$splitParticles(Lnet/minecraft/block/BlockState;Lnet/minecraft/world/World;Lnet/minecraft/util/math/BlockPos;Lnet/minecraft/util/math/random/Random;Lorg/spongepowered/asm/mixin/injection/callback/CallbackInfo;)V does use it's CallbackInfo
[17:19:22] [main/DEBUG] (FabricLoader/Mixin) Mixing AbstractFurnaceBlockEntityMixin from fabric-item-api-v1.mixins.json into net.minecraft.block.entity.AbstractFurnaceBlockEntity
[17:19:22] [main/DEBUG] (FabricLoader/Mixin) Mixing AbstractFurnaceBlockEntityMixin from fabric-transfer-api-v1.mixins.json into net.minecraft.block.entity.AbstractFurnaceBlockEntity
[17:19:22] [main/DEBUG] (FabricLoader/Mixin) fabric-item-api-v1.mixins.json:AbstractFurnaceBlockEntityMixin from mod fabric-item-api-v1->@Inject::getStackRemainder(Lnet/minecraft/server/world/ServerWorld;Lnet/minecraft/util/math/BlockPos;Lnet/minecraft/block/BlockState;Lnet/minecraft/block/entity/AbstractFurnaceBlockEntity;Lorg/spongepowered/asm/mixin/injection/callback/CallbackInfo;)V doesn't use it's CallbackInfo
[17:19:22] [main/DEBUG] (FabricLoader/Mixin) fabric-transfer-api-v1.mixins.json:AbstractFurnaceBlockEntityMixin from mod fabric-transfer-api-v1->@Inject::setStackSuppressUpdate(ILnet/minecraft/item/ItemStack;Lorg/spongepowered/asm/mixin/injection/callback/CallbackInfo;)V does use it's CallbackInfo
[17:19:22] [main/DEBUG] (FabricLoader/Mixin) Mixing WoodTypeMixin from fabric-object-builder-v1.client.mixins.json into net.minecraft.block.WoodType
[17:19:22] [main/DEBUG] (FabricLoader/Mixin) fabric-object-builder-v1.client.mixins.json:WoodTypeMixin from mod fabric-object-builder-api-v1->@Inject::onReturnRegister(Lnet/minecraft/block/WoodType;Lorg/spongepowered/asm/mixin/injection/callback/CallbackInfoReturnable;)V doesn't use it's CallbackInfoReturnable
[17:19:22] [main/DEBUG] (FabricLoader/Mixin) Mixing RedstoneTorchBlockMixin from noflamesmoke.mixins.json into net.minecraft.block.RedstoneTorchBlock
[17:19:22] [main/DEBUG] (FabricLoader/Mixin) noflamesmoke.mixins.json:RedstoneTorchBlockMixin from mod noflamesmoke->@Inject::nfs$randomDisplayTick(Lnet/minecraft/block/BlockState;Lnet/minecraft/world/World;Lnet/minecraft/util/math/BlockPos;Lnet/minecraft/util/math/random/Random;Lorg/spongepowered/asm/mixin/injection/callback/CallbackInfo;)V does use it's CallbackInfo
[17:19:22] [main/DEBUG] (FabricLoader/Mixin) Mixing WallRedstoneTorchBlockMixin from noflamesmoke.mixins.json into net.minecraft.block.WallRedstoneTorchBlock
[17:19:22] [main/DEBUG] (FabricLoader/Mixin) noflamesmoke.mixins.json:WallRedstoneTorchBlockMixin from mod noflamesmoke->@Inject::nfs$randomDisplayTick(Lnet/minecraft/block/BlockState;Lnet/minecraft/world/World;Lnet/minecraft/util/math/BlockPos;Lnet/minecraft/util/math/random/Random;Lorg/spongepowered/asm/mixin/injection/callback/CallbackInfo;)V does use it's CallbackInfo
[17:19:22] [main/DEBUG] (FabricLoader/Mixin) Mixing JukeboxBlockEntityMixin from fabric-transfer-api-v1.mixins.json into net.minecraft.block.entity.JukeboxBlockEntity
[17:19:22] [main/DEBUG] (FabricLoader/Mixin) fabric-transfer-api-v1.mixins.json:JukeboxBlockEntityMixin from mod fabric-transfer-api-v1->@Inject::setStackBypass(Lnet/minecraft/item/ItemStack;Lorg/spongepowered/asm/mixin/injection/callback/CallbackInfo;)V does use it's CallbackInfo
[17:19:22] [main/DEBUG] (FabricLoader/Mixin) Mixing BrewingStandBlockEntityMixin from fabric-item-api-v1.mixins.json into net.minecraft.block.entity.BrewingStandBlockEntity
[17:19:22] [main/DEBUG] (FabricLoader/Mixin) fabric-item-api-v1.mixins.json:BrewingStandBlockEntityMixin from mod fabric-item-api-v1->@Inject::captureItemStack(Lnet/minecraft/world/World;Lnet/minecraft/util/math/BlockPos;Lnet/minecraft/util/collection/DefaultedList;Lorg/spongepowered/asm/mixin/injection/callback/CallbackInfo;)V doesn't use it's CallbackInfo
[17:19:22] [main/DEBUG] (FabricLoader/Mixin) Mixing ItemStackMixin from fabric-item-api-v1.mixins.json into net.minecraft.item.ItemStack
[17:19:22] [main/DEBUG] (FabricLoader/Mixin) Renaming synthetic method lambda$hookDamage$0(Lorg/apache/commons/lang3/mutable/MutableBoolean;Ljava/util/function/Consumer;)V to md9c000e$fabric-item-api-v1$lambda$hookDamage$0$0 in fabric-item-api-v1.mixins.json:ItemStackMixin from mod fabric-item-api-v1
[17:19:22] [main/DEBUG] (FabricLoader/Mixin) Mixing ItemStackMixin from fabric-item-api-v1.client.mixins.json into net.minecraft.item.ItemStack
[17:19:22] [main/DEBUG] (FabricLoader/Mixin) fabric-item-api-v1.mixins.json:ItemStackMixin from mod fabric-item-api-v1->@Inject::preAttributeModifiers(Lnet/minecraft/item/Item$TooltipContext;Lnet/minecraft/component/type/TooltipDisplayComponent;Lnet/minecraft/entity/player/PlayerEntity;Lnet/minecraft/item/tooltip/TooltipType;Ljava/util/function/Consumer;Lorg/spongepowered/asm/mixin/injection/callback/CallbackInfo;)V doesn't use it's CallbackInfo
[17:19:22] [main/DEBUG] (FabricLoader/Mixin) fabric-item-api-v1.mixins.json:ItemStackMixin from mod fabric-item-api-v1->@Inject::postTooltipsAdvanced(Lnet/minecraft/item/Item$TooltipContext;Lnet/minecraft/component/type/TooltipDisplayComponent;Lnet/minecraft/entity/player/PlayerEntity;Lnet/minecraft/item/tooltip/TooltipType;Ljava/util/function/Consumer;Lorg/spongepowered/asm/mixin/injection/callback/CallbackInfo;)V doesn't use it's CallbackInfo
[17:19:22] [main/DEBUG] (FabricLoader/Mixin) fabric-item-api-v1.client.mixins.json:ItemStackMixin from mod fabric-item-api-v1->@Inject::getTooltip(Lnet/minecraft/item/Item$TooltipContext;Lnet/minecraft/entity/player/PlayerEntity;Lnet/minecraft/item/tooltip/TooltipType;Lorg/spongepowered/asm/mixin/injection/callback/CallbackInfoReturnable;)V does use it's CallbackInfoReturnable
[17:19:22] [main/DEBUG] (FabricLoader/Mixin) Mixing AnvilScreenHandlerMixin from fabric-item-api-v1.mixins.json into net.minecraft.screen.AnvilScreenHandler
[17:19:22] [main/DEBUG] (FabricLoader/Mixin) Mixing HopperBlockEntityMixin from fabric-transfer-api-v1.mixins.json into net.minecraft.block.entity.HopperBlockEntity
[17:19:22] [main/DEBUG] (FabricLoader/Mixin) Renaming synthetic method lambda$hookExtract$1(Lnet/fabricmc/fabric/api/transfer/v1/item/ItemVariant;)Z to md9c000e$fabric-transfer-api-v1$lambda$hookExtract$1$0 in fabric-transfer-api-v1.mixins.json:HopperBlockEntityMixin from mod fabric-transfer-api-v1
[17:19:22] [main/DEBUG] (FabricLoader/Mixin) Renaming synthetic method lambda$hookInsert$0(Lnet/fabricmc/fabric/api/transfer/v1/item/ItemVariant;)Z to md9c000e$fabric-transfer-api-v1$lambda$hookInsert$0$1 in fabric-transfer-api-v1.mixins.json:HopperBlockEntityMixin from mod fabric-transfer-api-v1
[17:19:22] [main/DEBUG] (FabricLoader/Mixin) fabric-transfer-api-v1.mixins.json:HopperBlockEntityMixin from mod fabric-transfer-api-v1->@Inject::hookInsert(Lnet/minecraft/world/World;Lnet/minecraft/util/math/BlockPos;Lnet/minecraft/block/entity/HopperBlockEntity;Lorg/spongepowered/asm/mixin/injection/callback/CallbackInfoReturnable;)V does use it's CallbackInfoReturnable
[17:19:22] [main/DEBUG] (FabricLoader/Mixin) fabric-transfer-api-v1.mixins.json:HopperBlockEntityMixin from mod fabric-transfer-api-v1->@Inject::hookExtract(Lnet/minecraft/world/World;Lnet/minecraft/block/entity/Hopper;Lorg/spongepowered/asm/mixin/injection/callback/CallbackInfoReturnable;)V does use it's CallbackInfoReturnable
[17:19:22] [main/DEBUG] (FabricLoader/Mixin) Mixing DropperBlockMixin from fabric-transfer-api-v1.mixins.json into net.minecraft.block.DropperBlock
[17:19:22] [main/DEBUG] (FabricLoader/Mixin) Renaming synthetic method lambda$hookDispense$0(Lnet/fabricmc/fabric/api/transfer/v1/item/ItemVariant;)Z to md9c000e$fabric-transfer-api-v1$lambda$hookDispense$0$0 in fabric-transfer-api-v1.mixins.json:DropperBlockMixin from mod fabric-transfer-api-v1
[17:19:22] [main/DEBUG] (FabricLoader/Mixin) fabric-transfer-api-v1.mixins.json:DropperBlockMixin from mod fabric-transfer-api-v1->@Inject::hookDispense(Lnet/minecraft/server/world/ServerWorld;Lnet/minecraft/block/BlockState;Lnet/minecraft/util/math/BlockPos;Lorg/spongepowered/asm/mixin/injection/callback/CallbackInfo;)V does use it's CallbackInfo
[17:19:22] [main/DEBUG] (FabricLoader/Mixin) Mixing BannerBlockEntityMixin from fabric-data-attachment-api-v1.mixins.json into net.minecraft.block.entity.BannerBlockEntity
[17:19:23] [main/DEBUG] (FabricLoader/Mixin) Mixing SmokerBlockMixin from noflamesmoke.mixins.json into net.minecraft.block.SmokerBlock
[17:19:23] [main/DEBUG] (FabricLoader/Mixin) noflamesmoke.mixins.json:SmokerBlockMixin from mod noflamesmoke->@Inject::nfs$splitParticles(Lnet/minecraft/block/BlockState;Lnet/minecraft/world/World;Lnet/minecraft/util/math/BlockPos;Lnet/minecraft/util/math/random/Random;Lorg/spongepowered/asm/mixin/injection/callback/CallbackInfo;)V does use it's CallbackInfo
[17:19:23] [main/DEBUG] (FabricLoader/Mixin) Mixing BlastFurnaceBlockMixin from noflamesmoke.mixins.json into net.minecraft.block.BlastFurnaceBlock
[17:19:23] [main/DEBUG] (FabricLoader/Mixin) noflamesmoke.mixins.json:BlastFurnaceBlockMixin from mod noflamesmoke->@Inject::nfs$splitParticles(Lnet/minecraft/block/BlockState;Lnet/minecraft/world/World;Lnet/minecraft/util/math/BlockPos;Lnet/minecraft/util/math/random/Random;Lorg/spongepowered/asm/mixin/injection/callback/CallbackInfo;)V does use it's CallbackInfo
[17:19:23] [main/DEBUG] (FabricLoader/Mixin) Mixing CrafterBlockMixin from fabric-transfer-api-v1.mixins.json into net.minecraft.block.CrafterBlock
[17:19:23] [main/DEBUG] (FabricLoader/Mixin) fabric-transfer-api-v1.mixins.json:CrafterBlockMixin from mod fabric-transfer-api-v1->@Inject::transferOrSpawnStack(Lnet/minecraft/server/world/ServerWorld;Lnet/minecraft/util/math/BlockPos;Lnet/minecraft/block/entity/CrafterBlockEntity;Lnet/minecraft/item/ItemStack;Lnet/minecraft/block/BlockState;Lnet/minecraft/recipe/RecipeEntry;Lorg/spongepowered/asm/mixin/injection/callback/CallbackInfo;)V doesn't use it's CallbackInfo
[17:19:23] [main/DEBUG] (FabricLoader/Mixin) fabric-transfer-api-v1.mixins.json:CrafterBlockMixin from mod fabric-transfer-api-v1->@Inject::transferOrSpawnStack(Lnet/minecraft/server/world/ServerWorld;Lnet/minecraft/util/math/BlockPos;Lnet/minecraft/block/entity/CrafterBlockEntity;Lnet/minecraft/item/ItemStack;Lnet/minecraft/block/BlockState;Lnet/minecraft/recipe/RecipeEntry;Lorg/spongepowered/asm/mixin/injection/callback/CallbackInfo;)V has 0 override(s) in child classes
[17:19:23] [main/DEBUG] (FabricLoader/Mixin) fabric-transfer-api-v1.mixins.json:CrafterBlockMixin from mod fabric-transfer-api-v1->@Inject::transferOrSpawnStack(Lnet/minecraft/server/world/ServerWorld;Lnet/minecraft/util/math/BlockPos;Lnet/minecraft/block/entity/CrafterBlockEntity;Lnet/minecraft/item/ItemStack;Lnet/minecraft/block/BlockState;Lnet/minecraft/recipe/RecipeEntry;Lorg/spongepowered/asm/mixin/injection/callback/CallbackInfo;)V won't be passed a CallbackInfo as a result
[17:19:23] [main/DEBUG] (FabricLoader/Mixin) fabric-transfer-api-v1.mixins.json:CrafterBlockMixin from mod fabric-transfer-api-v1->@Inject::transferOrSpawnStack(Lnet/minecraft/server/world/ServerWorld;Lnet/minecraft/util/math/BlockPos;Lnet/minecraft/block/entity/CrafterBlockEntity;Lnet/minecraft/item/ItemStack;Lnet/minecraft/block/BlockState;Lnet/minecraft/recipe/RecipeEntry;Lorg/spongepowered/asm/mixin/injection/callback/CallbackInfo;)V doesn't use it's CallbackInfo
[17:19:23] [main/DEBUG] (FabricLoader/Mixin) fabric-transfer-api-v1.mixins.json:CrafterBlockMixin from mod fabric-transfer-api-v1->@Inject::transferOrSpawnStack(Lnet/minecraft/server/world/ServerWorld;Lnet/minecraft/util/math/BlockPos;Lnet/minecraft/block/entity/CrafterBlockEntity;Lnet/minecraft/item/ItemStack;Lnet/minecraft/block/BlockState;Lnet/minecraft/recipe/RecipeEntry;Lorg/spongepowered/asm/mixin/injection/callback/CallbackInfo;)V has 0 override(s) in child classes
[17:19:23] [main/DEBUG] (FabricLoader/Mixin) fabric-transfer-api-v1.mixins.json:CrafterBlockMixin from mod fabric-transfer-api-v1->@Inject::transferOrSpawnStack(Lnet/minecraft/server/world/ServerWorld;Lnet/minecraft/util/math/BlockPos;Lnet/minecraft/block/entity/CrafterBlockEntity;Lnet/minecraft/item/ItemStack;Lnet/minecraft/block/BlockState;Lnet/minecraft/recipe/RecipeEntry;Lorg/spongepowered/asm/mixin/injection/callback/CallbackInfo;)V won't be passed a CallbackInfo as a result
[17:19:23] [main/DEBUG] (FabricLoader/Mixin) fabric-transfer-api-v1.mixins.json:CrafterBlockMixin from mod fabric-transfer-api-v1->@Inject::transferOrSpawnStack(Lnet/minecraft/server/world/ServerWorld;Lnet/minecraft/util/math/BlockPos;Lnet/minecraft/block/entity/CrafterBlockEntity;Lnet/minecraft/item/ItemStack;Lnet/minecraft/block/BlockState;Lnet/minecraft/recipe/RecipeEntry;Lorg/spongepowered/asm/mixin/injection/callback/CallbackInfo;)V doesn't use it's CallbackInfo
[17:19:23] [main/DEBUG] (FabricLoader/Mixin) fabric-transfer-api-v1.mixins.json:CrafterBlockMixin from mod fabric-transfer-api-v1->@Inject::transferOrSpawnStack(Lnet/minecraft/server/world/ServerWorld;Lnet/minecraft/util/math/BlockPos;Lnet/minecraft/block/entity/CrafterBlockEntity;Lnet/minecraft/item/ItemStack;Lnet/minecraft/block/BlockState;Lnet/minecraft/recipe/RecipeEntry;Lorg/spongepowered/asm/mixin/injection/callback/CallbackInfo;)V has 0 override(s) in child classes
[17:19:23] [main/DEBUG] (FabricLoader/Mixin) fabric-transfer-api-v1.mixins.json:CrafterBlockMixin from mod fabric-transfer-api-v1->@Inject::transferOrSpawnStack(Lnet/minecraft/server/world/ServerWorld;Lnet/minecraft/util/math/BlockPos;Lnet/minecraft/block/entity/CrafterBlockEntity;Lnet/minecraft/item/ItemStack;Lnet/minecraft/block/BlockState;Lnet/minecraft/recipe/RecipeEntry;Lorg/spongepowered/asm/mixin/injection/callback/CallbackInfo;)V won't be passed a CallbackInfo as a result
[17:19:23] [main/DEBUG] (FabricLoader/Mixin) fabric-transfer-api-v1.mixins.json:CrafterBlockMixin from mod fabric-transfer-api-v1->@Inject::transferOrSpawnStack(Lnet/minecraft/server/world/ServerWorld;Lnet/minecraft/util/math/BlockPos;Lnet/minecraft/block/entity/CrafterBlockEntity;Lnet/minecraft/item/ItemStack;Lnet/minecraft/block/BlockState;Lnet/minecraft/recipe/RecipeEntry;Lorg/spongepowered/asm/mixin/injection/callback/CallbackInfo;)V doesn't use it's CallbackInfo
[17:19:23] [main/DEBUG] (FabricLoader/Mixin) fabric-transfer-api-v1.mixins.json:CrafterBlockMixin from mod fabric-transfer-api-v1->@Inject::transferOrSpawnStack(Lnet/minecraft/server/world/ServerWorld;Lnet/minecraft/util/math/BlockPos;Lnet/minecraft/block/entity/CrafterBlockEntity;Lnet/minecraft/item/ItemStack;Lnet/minecraft/block/BlockState;Lnet/minecraft/recipe/RecipeEntry;Lorg/spongepowered/asm/mixin/injection/callback/CallbackInfo;)V has 0 override(s) in child classes
[17:19:23] [main/DEBUG] (FabricLoader/Mixin) fabric-transfer-api-v1.mixins.json:CrafterBlockMixin from mod fabric-transfer-api-v1->@Inject::transferOrSpawnStack(Lnet/minecraft/server/world/ServerWorld;Lnet/minecraft/util/math/BlockPos;Lnet/minecraft/block/entity/CrafterBlockEntity;Lnet/minecraft/item/ItemStack;Lnet/minecraft/block/BlockState;Lnet/minecraft/recipe/RecipeEntry;Lorg/spongepowered/asm/mixin/injection/callback/CallbackInfo;)V won't be passed a CallbackInfo as a result
[17:19:23] [main/DEBUG] (FabricLoader/Mixin) Mixing ItemAccessor from fabric-item-api-v1.mixins.json into net.minecraft.item.Item
[17:19:23] [main/DEBUG] (FabricLoader/Mixin) Mixing ItemMixin from fabric-item-api-v1.mixins.json into net.minecraft.item.Item
[17:19:23] [main/DEBUG] (FabricLoader/Mixin) Mixing ItemMixin from fabric-transfer-api-v1.mixins.json into net.minecraft.item.Item
[17:19:23] [main/DEBUG] (FabricLoader/Mixin) fabric-item-api-v1.mixins.json:ItemMixin from mod fabric-item-api-v1->@Inject::onConstruct(Lnet/minecraft/item/Item$Settings;Lorg/spongepowered/asm/mixin/injection/callback/CallbackInfo;)V doesn't use it's CallbackInfo
[17:19:23] [main/DEBUG] (FabricLoader/Mixin) fabric-item-api-v1.mixins.json:ItemMixin from mod fabric-item-api-v1->@Inject::onConstruct(Lnet/minecraft/item/Item$Settings;Lorg/spongepowered/asm/mixin/injection/callback/CallbackInfo;)V has 0 override(s) in child classes
[17:19:23] [main/DEBUG] (FabricLoader/Mixin) fabric-item-api-v1.mixins.json:ItemMixin from mod fabric-item-api-v1->@Inject::onConstruct(Lnet/minecraft/item/Item$Settings;Lorg/spongepowered/asm/mixin/injection/callback/CallbackInfo;)V won't be passed a CallbackInfo as a result
[17:19:23] [main/DEBUG] (FabricLoader/Mixin) Mixing AxeItemAccessor from fabric-content-registries-v0.mixins.json into net.minecraft.item.AxeItem
[17:19:23] [main/DEBUG] (FabricLoader/Mixin) Renaming @Accessor method getStrippedBlocks()Ljava/util/Map; to getStrippedBlocks$fabric-content-registries-v0_$md$9c000e$0 in fabric-content-registries-v0.mixins.json:AxeItemAccessor from mod fabric-content-registries-v0
[17:19:23] [main/DEBUG] (FabricLoader/Mixin) Renaming @Accessor method setStrippedBlocks(Ljava/util/Map;)V to setStrippedBlocks$fabric-content-registries-v0_$md$9c000e$1 in fabric-content-registries-v0.mixins.json:AxeItemAccessor from mod fabric-content-registries-v0
[17:19:23] [main/DEBUG] (FabricLoader/Mixin) Mixing ShovelItemAccessor from fabric-content-registries-v0.mixins.json into net.minecraft.item.ShovelItem
[17:19:23] [main/DEBUG] (FabricLoader/Mixin) Renaming @Accessor method getPathStates()Ljava/util/Map; to getPathStates$fabric-content-registries-v0_$md$9c000e$0 in fabric-content-registries-v0.mixins.json:ShovelItemAccessor from mod fabric-content-registries-v0
[17:19:23] [main/DEBUG] (FabricLoader/Mixin) Mixing BucketItemAccessor from fabric-transfer-api-v1.mixins.json into net.minecraft.item.BucketItem
[17:19:23] [main/DEBUG] (FabricLoader/Mixin) Mixing BucketItemMixin from fabric-transfer-api-v1.mixins.json into net.minecraft.item.BucketItem
[17:19:23] [main/DEBUG] (FabricLoader/Mixin) Mixing HoeItemAccessor from fabric-content-registries-v0.mixins.json into net.minecraft.item.HoeItem
[17:19:23] [main/DEBUG] (FabricLoader/Mixin) Renaming @Accessor method getTillingActions()Ljava/util/Map; to getTillingActions$fabric-content-registries-v0_$md$9c000e$0 in fabric-content-registries-v0.mixins.json:HoeItemAccessor from mod fabric-content-registries-v0
[17:19:23] [main/DEBUG] (FabricLoader/Mixin) Mixing ItemSettingsMixin from fabric-item-api-v1.mixins.json into net.minecraft.item.Item$Settings
[17:19:23] [main/DEBUG] (FabricLoader/Mixin) Mixing TagKeyMixin from fabric-convention-tags-api-v2.mixins.json into net.minecraft.registry.tag.TagKey
[17:19:23] [main/DEBUG] (FabricLoader/Mixin) Mixing BundleContentsComponentAccessor from fabric-transfer-api-v1.mixins.json into net.minecraft.component.type.BundleContentsComponent
[17:19:23] [main/DEBUG] (FabricLoader/Mixin) Renaming @Invoker method getOccupancy(Lnet/minecraft/item/ItemStack;)Lorg/apache/commons/lang3/math/Fraction; to getOccupancy$fabric-transfer-api-v1_$md$9c000e$0 in fabric-transfer-api-v1.mixins.json:BundleContentsComponentAccessor from mod fabric-transfer-api-v1
[17:19:23] [main/DEBUG] (FabricLoader/Mixin) Mixing AttachmentTargetsMixin from fabric-data-attachment-api-v1.mixins.json into net.minecraft.world.chunk.Chunk
[17:19:23] [main/DEBUG] (FabricLoader/Mixin) Mixing ChunkMixin from fabric-data-attachment-api-v1.mixins.json into net.minecraft.world.chunk.Chunk
[17:19:23] [main/DEBUG] (FabricLoader/Mixin) Mixing WorldChunkMixin from fabric-data-attachment-api-v1.mixins.json into net.minecraft.world.chunk.WorldChunk
[17:19:23] [main/DEBUG] (FabricLoader/Mixin) Renaming synthetic method lambda$fabric_syncChange$0(Lnet/fabricmc/fabric/api/attachment/v1/AttachmentType;Lnet/fabricmc/fabric/impl/attachment/sync/s2c/AttachmentSyncPayloadS2C;Lnet/minecraft/server/network/ServerPlayerEntity;)V to md9c000e$fabric-data-attachment-api-v1$lambda$fabric_syncChange$0$0 in fabric-data-attachment-api-v1.mixins.json:WorldChunkMixin from mod fabric-data-attachment-api-v1
[17:19:23] [main/DEBUG] (FabricLoader/Mixin) Mixing WorldChunkMixin from fabric-lifecycle-events-v1.client.mixins.json into net.minecraft.world.chunk.WorldChunk
[17:19:23] [main/DEBUG] (FabricLoader/Mixin) fabric-data-attachment-api-v1.mixins.json:WorldChunkMixin from mod fabric-data-attachment-api-v1->@Inject::transferProtoChunkAttachment(Lnet/minecraft/server/world/ServerWorld;Lnet/minecraft/world/chunk/ProtoChunk;Lnet/minecraft/world/chunk/WorldChunk$EntityLoader;Lorg/spongepowered/asm/mixin/injection/callback/CallbackInfo;)V doesn't use it's CallbackInfo
[17:19:23] [main/DEBUG] (FabricLoader/Mixin) fabric-data-attachment-api-v1.mixins.json:WorldChunkMixin from mod fabric-data-attachment-api-v1->@Inject::transferProtoChunkAttachment(Lnet/minecraft/server/world/ServerWorld;Lnet/minecraft/world/chunk/ProtoChunk;Lnet/minecraft/world/chunk/WorldChunk$EntityLoader;Lorg/spongepowered/asm/mixin/injection/callback/CallbackInfo;)V has 0 override(s) in child classes
[17:19:23] [main/DEBUG] (FabricLoader/Mixin) fabric-data-attachment-api-v1.mixins.json:WorldChunkMixin from mod fabric-data-attachment-api-v1->@Inject::transferProtoChunkAttachment(Lnet/minecraft/server/world/ServerWorld;Lnet/minecraft/world/chunk/ProtoChunk;Lnet/minecraft/world/chunk/WorldChunk$EntityLoader;Lorg/spongepowered/asm/mixin/injection/callback/CallbackInfo;)V won't be passed a CallbackInfo as a result
[17:19:23] [main/DEBUG] (FabricLoader/Mixin) fabric-lifecycle-events-v1.client.mixins.json:WorldChunkMixin from mod fabric-lifecycle-events-v1->@Inject::onRemoveBlockEntity(Lnet/minecraft/block/entity/BlockEntity;Lorg/spongepowered/asm/mixin/injection/callback/CallbackInfo;)V doesn't use it's CallbackInfo
[17:19:23] [main/DEBUG] (FabricLoader/Mixin) fabric-lifecycle-events-v1.client.mixins.json:WorldChunkMixin from mod fabric-lifecycle-events-v1->@Inject::onRemoveBlockEntity(Lnet/minecraft/block/entity/BlockEntity;Lorg/spongepowered/asm/mixin/injection/callback/CallbackInfo;)V has 0 override(s) in child classes
[17:19:23] [main/DEBUG] (FabricLoader/Mixin) fabric-lifecycle-events-v1.client.mixins.json:WorldChunkMixin from mod fabric-lifecycle-events-v1->@Inject::onRemoveBlockEntity(Lnet/minecraft/block/entity/BlockEntity;Lorg/spongepowered/asm/mixin/injection/callback/CallbackInfo;)V won't be passed a CallbackInfo as a result
[17:19:23] [main/DEBUG] (FabricLoader/Mixin) fabric-lifecycle-events-v1.client.mixins.json:WorldChunkMixin from mod fabric-lifecycle-events-v1->@Inject::onRemoveBlockEntity(Lnet/minecraft/util/math/BlockPos;Lorg/spongepowered/asm/mixin/injection/callback/CallbackInfo;)V doesn't use it's CallbackInfo
[17:19:23] [main/DEBUG] (FabricLoader/Mixin) fabric-lifecycle-events-v1.client.mixins.json:WorldChunkMixin from mod fabric-lifecycle-events-v1->@Inject::onRemoveBlockEntity(Lnet/minecraft/util/math/BlockPos;Lorg/spongepowered/asm/mixin/injection/callback/CallbackInfo;)V has 0 override(s) in child classes
[17:19:23] [main/DEBUG] (FabricLoader/Mixin) fabric-lifecycle-events-v1.client.mixins.json:WorldChunkMixin from mod fabric-lifecycle-events-v1->@Inject::onRemoveBlockEntity(Lnet/minecraft/util/math/BlockPos;Lorg/spongepowered/asm/mixin/injection/callback/CallbackInfo;)V won't be passed a CallbackInfo as a result
[17:19:23] [main/DEBUG] (FabricLoader/Mixin) Mixing ContainerComponentAccessor from fabric-transfer-api-v1.mixins.json into net.minecraft.component.type.ContainerComponent
[17:19:23] [main/DEBUG] (FabricLoader/Mixin) Mixing LootTableAccessor from fabric-loot-api-v3.mixins.json into net.minecraft.loot.LootTable
[17:19:23] [main/DEBUG] (FabricLoader/Mixin) Mixing LootTableMixin from fabric-loot-api-v3.mixins.json into net.minecraft.loot.LootTable
[17:19:23] [main/DEBUG] (FabricLoader/Mixin) Mixing EnchantRandomlyLootFunctionMixin from fabric-item-api-v1.mixins.json into net.minecraft.loot.function.EnchantRandomlyLootFunction
[17:19:24] [main/DEBUG] (FabricLoader/Mixin) Mixing EntityTypeBuilderMixin from fabric-object-builder-v1.mixins.json into net.minecraft.entity.EntityType$Builder
[17:19:24] [main/DEBUG] (FabricLoader/Mixin) fabric-object-builder-v1.mixins.json:EntityTypeBuilderMixin from mod fabric-object-builder-api-v1->@Inject::applyChildBuilders(Lnet/minecraft/registry/RegistryKey;Lorg/spongepowered/asm/mixin/injection/callback/CallbackInfoReturnable;)V does use it's CallbackInfoReturnable
[17:19:24] [main/DEBUG] (FabricLoader/Mixin) Mixing ServerPlayerEntityMixin from fabric-particles-v1.mixins.json into net.minecraft.server.network.ServerPlayerEntity
[17:19:24] [main/DEBUG] (FabricLoader/Mixin) Mixing ServerPlayerEntityMixin from fabric-events-interaction-v0.mixins.json into net.minecraft.server.network.ServerPlayerEntity
[17:19:24] [main/DEBUG] (FabricLoader/Mixin) Mixing ServerPlayerEntityMixin from fabric-screen-handler-api-v1.mixins.json into net.minecraft.server.network.ServerPlayerEntity
[17:19:24] [main/DEBUG] (FabricLoader/Mixin) Mixing ServerPlayerEntityMixin from fabric-entity-events-v1.mixins.json into net.minecraft.server.network.ServerPlayerEntity
[17:19:24] [main/DEBUG] (FabricLoader/Mixin) fabric-events-interaction-v0.mixins.json:ServerPlayerEntityMixin from mod fabric-events-interaction-v0->@Inject::onPlayerInteractEntity(Lnet/minecraft/entity/Entity;Lorg/spongepowered/asm/mixin/injection/callback/CallbackInfo;)V does use it's CallbackInfo
[17:19:24] [main/DEBUG] (FabricLoader/Mixin) fabric-screen-handler-api-v1.mixins.json:ServerPlayerEntityMixin from mod fabric-screen-handler-api-v1->@Inject::fabric_storeOpenedScreenHandler(Lnet/minecraft/screen/NamedScreenHandlerFactory;Lorg/spongepowered/asm/mixin/injection/callback/CallbackInfoReturnable;)V doesn't use it's CallbackInfoReturnable
[17:19:24] [main/DEBUG] (FabricLoader/Mixin) fabric-screen-handler-api-v1.mixins.json:ServerPlayerEntityMixin from mod fabric-screen-handler-api-v1->@Inject::fabric_storeOpenedScreenHandler(Lnet/minecraft/screen/NamedScreenHandlerFactory;Lorg/spongepowered/asm/mixin/injection/callback/CallbackInfoReturnable;)V has 0 override(s) in child classes
[17:19:24] [main/DEBUG] (FabricLoader/Mixin) fabric-screen-handler-api-v1.mixins.json:ServerPlayerEntityMixin from mod fabric-screen-handler-api-v1->@Inject::fabric_storeOpenedScreenHandler(Lnet/minecraft/screen/NamedScreenHandlerFactory;Lorg/spongepowered/asm/mixin/injection/callback/CallbackInfoReturnable;)V won't be passed a CallbackInfoReturnable as a result
[17:19:24] [main/DEBUG] (FabricLoader/Mixin) fabric-entity-events-v1.mixins.json:ServerPlayerEntityMixin from mod fabric-entity-events-v1->@Inject::callOnKillForPlayer(Lnet/minecraft/entity/damage/DamageSource;Lorg/spongepowered/asm/mixin/injection/callback/CallbackInfo;)V doesn't use it's CallbackInfo
[17:19:24] [main/DEBUG] (FabricLoader/Mixin) fabric-entity-events-v1.mixins.json:ServerPlayerEntityMixin from mod fabric-entity-events-v1->@Inject::callOnKillForPlayer(Lnet/minecraft/entity/damage/DamageSource;Lorg/spongepowered/asm/mixin/injection/callback/CallbackInfo;)V has 0 override(s) in child classes
[17:19:24] [main/DEBUG] (FabricLoader/Mixin) fabric-entity-events-v1.mixins.json:ServerPlayerEntityMixin from mod fabric-entity-events-v1->@Inject::callOnKillForPlayer(Lnet/minecraft/entity/damage/DamageSource;Lorg/spongepowered/asm/mixin/injection/callback/CallbackInfo;)V won't be passed a CallbackInfo as a result
[17:19:24] [main/DEBUG] (FabricLoader/Mixin) fabric-entity-events-v1.mixins.json:ServerPlayerEntityMixin from mod fabric-entity-events-v1->@Inject::notifyDeath(Lnet/minecraft/entity/damage/DamageSource;Lorg/spongepowered/asm/mixin/injection/callback/CallbackInfo;)V doesn't use it's CallbackInfo
[17:19:24] [main/DEBUG] (FabricLoader/Mixin) fabric-entity-events-v1.mixins.json:ServerPlayerEntityMixin from mod fabric-entity-events-v1->@Inject::notifyDeath(Lnet/minecraft/entity/damage/DamageSource;Lorg/spongepowered/asm/mixin/injection/callback/CallbackInfo;)V has 0 override(s) in child classes
[17:19:24] [main/DEBUG] (FabricLoader/Mixin) fabric-entity-events-v1.mixins.json:ServerPlayerEntityMixin from mod fabric-entity-events-v1->@Inject::notifyDeath(Lnet/minecraft/entity/damage/DamageSource;Lorg/spongepowered/asm/mixin/injection/callback/CallbackInfo;)V won't be passed a CallbackInfo as a result
[17:19:24] [main/DEBUG] (FabricLoader/Mixin) fabric-entity-events-v1.mixins.json:ServerPlayerEntityMixin from mod fabric-entity-events-v1->@Inject::afterWorldChanged(Lnet/minecraft/server/world/ServerWorld;Lorg/spongepowered/asm/mixin/injection/callback/CallbackInfo;)V doesn't use it's CallbackInfo
[17:19:24] [main/DEBUG] (FabricLoader/Mixin) fabric-entity-events-v1.mixins.json:ServerPlayerEntityMixin from mod fabric-entity-events-v1->@Inject::afterWorldChanged(Lnet/minecraft/server/world/ServerWorld;Lorg/spongepowered/asm/mixin/injection/callback/CallbackInfo;)V has 0 override(s) in child classes
[17:19:24] [main/DEBUG] (FabricLoader/Mixin) fabric-entity-events-v1.mixins.json:ServerPlayerEntityMixin from mod fabric-entity-events-v1->@Inject::afterWorldChanged(Lnet/minecraft/server/world/ServerWorld;Lorg/spongepowered/asm/mixin/injection/callback/CallbackInfo;)V won't be passed a CallbackInfo as a result
[17:19:24] [main/DEBUG] (FabricLoader/Mixin) fabric-entity-events-v1.mixins.json:ServerPlayerEntityMixin from mod fabric-entity-events-v1->@Inject::onCopyFrom(Lnet/minecraft/server/network/ServerPlayerEntity;ZLorg/spongepowered/asm/mixin/injection/callback/CallbackInfo;)V doesn't use it's CallbackInfo
[17:19:24] [main/DEBUG] (FabricLoader/Mixin) fabric-entity-events-v1.mixins.json:ServerPlayerEntityMixin from mod fabric-entity-events-v1->@Inject::onCopyFrom(Lnet/minecraft/server/network/ServerPlayerEntity;ZLorg/spongepowered/asm/mixin/injection/callback/CallbackInfo;)V has 0 override(s) in child classes
[17:19:24] [main/DEBUG] (FabricLoader/Mixin) fabric-entity-events-v1.mixins.json:ServerPlayerEntityMixin from mod fabric-entity-events-v1->@Inject::onCopyFrom(Lnet/minecraft/server/network/ServerPlayerEntity;ZLorg/spongepowered/asm/mixin/injection/callback/CallbackInfo;)V won't be passed a CallbackInfo as a result
[17:19:24] [main/DEBUG] (FabricLoader/Mixin) Mixing BreezeEntityMixin from fabric-particles-v1.mixins.json into net.minecraft.entity.mob.BreezeEntity
[17:19:24] [main/DEBUG] (FabricLoader/Mixin) Mixing VillagerEntityAccessor from fabric-content-registries-v0.mixins.json into net.minecraft.entity.passive.VillagerEntity
[17:19:24] [main/DEBUG] (FabricLoader/Mixin) Renaming @Accessor method fabric_setItemFoodValues(Ljava/util/Map;)V to fabric_setItemFoodValues$fabric-content-registries-v0_$md$9c000e$0 in fabric-content-registries-v0.mixins.json:VillagerEntityAccessor from mod fabric-content-registries-v0
[17:19:24] [main/DEBUG] (FabricLoader/Mixin) Mixing VillagerEntityMixin from fabric-content-registries-v0.mixins.json into net.minecraft.entity.passive.VillagerEntity
[17:19:24] [main/DEBUG] (FabricLoader/Mixin) Mixing WardenEntityMixin from fabric-particles-v1.mixins.json into net.minecraft.entity.mob.WardenEntity
[17:19:24] [main/DEBUG] (FabricLoader/Mixin) Mixing TrackedDataHandlerRegistryAccessor from fabric-object-builder-v1.mixins.json into net.minecraft.entity.data.TrackedDataHandlerRegistry
[17:19:24] [main/DEBUG] (FabricLoader/Mixin) Renaming @Accessor method fabric_getDataHandlers()Lnet/minecraft/util/collection/Int2ObjectBiMap; to fabric_getDataHandlers$fabric-object-builder-api-v1_$md$9c000e$0 in fabric-object-builder-v1.mixins.json:TrackedDataHandlerRegistryAccessor from mod fabric-object-builder-api-v1
[17:19:24] [main/DEBUG] (FabricLoader/Mixin) Mixing TrackedDataHandlerRegistryMixin from fabric-object-builder-v1.mixins.json into net.minecraft.entity.data.TrackedDataHandlerRegistry
[17:19:24] [main/DEBUG] (FabricLoader/Mixin) fabric-object-builder-v1.mixins.json:TrackedDataHandlerRegistryMixin from mod fabric-object-builder-api-v1->@Inject::storeVanillaHandlers(Lorg/spongepowered/asm/mixin/injection/callback/CallbackInfo;)V doesn't use it's CallbackInfo
[17:19:24] [main/DEBUG] (FabricLoader/Mixin) fabric-object-builder-v1.mixins.json:TrackedDataHandlerRegistryMixin from mod fabric-object-builder-api-v1->@Inject::onHeadRegister(Lnet/minecraft/entity/data/TrackedDataHandler;Lorg/spongepowered/asm/mixin/injection/callback/CallbackInfo;)V doesn't use it's CallbackInfo
[17:19:24] [main/DEBUG] (net.fabricmc.fabric.impl.object.builder.FabricTrackedDataRegistryImpl) Stored 35 vanilla handlers
[17:19:24] [main/DEBUG] (FabricLoader/Mixin) Mixing HoneycombItemMixin from fabric-content-registries-v0.mixins.json into net.minecraft.item.HoneycombItem
[17:19:24] [main/DEBUG] (FabricLoader/Mixin) fabric-content-registries-v0.mixins.json:HoneycombItemMixin from mod fabric-content-registries-v0->@Inject::createUnwaxedToWaxedMap(Lorg/spongepowered/asm/mixin/injection/callback/CallbackInfoReturnable;)V does use it's CallbackInfoReturnable
[17:19:24] [main/DEBUG] (FabricLoader/Mixin) Mixing BrushItemMixin from fabric-particles-v1.mixins.json into net.minecraft.item.BrushItem
[17:19:24] [main/DEBUG] (FabricLoader/Mixin) Mixing EntitySelectorOptionsAccessor from fabric-command-api-v2.mixins.json into net.minecraft.command.EntitySelectorOptions
[17:19:24] [main/DEBUG] (FabricLoader/Mixin) Renaming @Invoker method callPutOption(Ljava/lang/String;Lnet/minecraft/command/EntitySelectorOptions$SelectorHandler;Ljava/util/function/Predicate;Lnet/minecraft/text/Text;)V to callPutOption$fabric-command-api-v2_$md$9c000e$0 in fabric-command-api-v2.mixins.json:EntitySelectorOptionsAccessor from mod fabric-command-api-v2
[17:19:24] [main/DEBUG] (FabricLoader/Mixin) Mixing EntitySelectorReaderMixin from fabric-command-api-v2.mixins.json into net.minecraft.command.EntitySelectorReader
[17:19:24] [main/DEBUG] (FabricLoader/Mixin) Generating mapped inner class net/minecraft/block/entity/ChiseledBookshelfBlockEntity$Anonymous$c3f56df41a7f41fbab1996521e6629d5 (originally net/fabricmc/fabric/mixin/transfer/ChiseledBookshelfBlockEntityMixin$1)
[17:19:24] [main/DEBUG] (FabricLoader/Mixin) Mixing SimpleInventoryMixin from fabric-transfer-api-v1.mixins.json into net.minecraft.inventory.SimpleInventory
[17:19:24] [main/DEBUG] (FabricLoader/Mixin) Mixing CraftingRecipeMixin from fabric-item-api-v1.mixins.json into net.minecraft.recipe.CraftingRecipe
[17:19:24] [main/DEBUG] (FabricLoader/Mixin) Mixing ingredient.IngredientMixin from fabric-recipe-api-v1.mixins.json into net.minecraft.recipe.Ingredient
[17:19:24] [main/DEBUG] (FabricLoader/Mixin) Renaming synthetic method lambda$injectCodec$2(Lnet/minecraft/recipe/Ingredient;)Lcom/mojang/datafixers/util/Either; to md9c000e$fabric-recipe-api-v1$lambda$injectCodec$2$0 in fabric-recipe-api-v1.mixins.json:ingredient.IngredientMixin from mod fabric-recipe-api-v1
[17:19:24] [main/DEBUG] (FabricLoader/Mixin) Renaming synthetic method lambda$injectCodec$1(Lcom/mojang/datafixers/util/Either;)Lnet/minecraft/recipe/Ingredient; to md9c000e$fabric-recipe-api-v1$lambda$injectCodec$1$1 in fabric-recipe-api-v1.mixins.json:ingredient.IngredientMixin from mod fabric-recipe-api-v1
[17:19:24] [main/DEBUG] (FabricLoader/Mixin) Renaming synthetic method lambda$injectCodec$0(Lnet/minecraft/recipe/Ingredient;)Lnet/minecraft/recipe/Ingredient; to md9c000e$fabric-recipe-api-v1$lambda$injectCodec$0$2 in fabric-recipe-api-v1.mixins.json:ingredient.IngredientMixin from mod fabric-recipe-api-v1
[17:19:24] [main/DEBUG] (FabricLoader/Mixin) fabric-recipe-api-v1.mixins.json:ingredient.IngredientMixin from mod fabric-recipe-api-v1->@Inject::injectCodec(Lorg/spongepowered/asm/mixin/injection/callback/CallbackInfo;)V doesn't use it's CallbackInfo
[17:19:24] [main/DEBUG] (FabricLoader/Mixin) fabric-recipe-api-v1.mixins.json:ingredient.IngredientMixin from mod fabric-recipe-api-v1->@Inject::onGetEntries(Lnet/minecraft/recipe/Ingredient;Lorg/spongepowered/asm/mixin/injection/callback/CallbackInfoReturnable;)V does use it's CallbackInfoReturnable
[17:19:24] [main/DEBUG] (FabricLoader/Mixin) fabric-recipe-api-v1.mixins.json:ingredient.IngredientMixin from mod fabric-recipe-api-v1->@Inject::onGetEntries(Lnet/minecraft/recipe/Ingredient;Lorg/spongepowered/asm/mixin/injection/callback/CallbackInfoReturnable;)V does use it's CallbackInfoReturnable
[17:19:24] [main/DEBUG] (FabricLoader/Mixin) fabric-recipe-api-v1.mixins.json:ingredient.IngredientMixin from mod fabric-recipe-api-v1->@Inject::onGetEntries(Lnet/minecraft/recipe/Ingredient;Lorg/spongepowered/asm/mixin/injection/callback/CallbackInfoReturnable;)V does use it's CallbackInfoReturnable
[17:19:24] [main/DEBUG] (FabricLoader/Mixin) fabric-recipe-api-v1.mixins.json:ingredient.IngredientMixin from mod fabric-recipe-api-v1->@Inject::onHeadEquals(Ljava/lang/Object;Lorg/spongepowered/asm/mixin/injection/callback/CallbackInfoReturnable;)V does use it's CallbackInfoReturnable
[17:19:24] [main/DEBUG] (FabricLoader/Mixin) Mixing ingredient.ShapelessRecipeMixin from fabric-recipe-api-v1.mixins.json into net.minecraft.recipe.ShapelessRecipe
[17:19:24] [main/DEBUG] (FabricLoader/Mixin) fabric-recipe-api-v1.mixins.json:ingredient.ShapelessRecipeMixin from mod fabric-recipe-api-v1->@Inject::cacheRequiresTesting(Ljava/lang/String;Lnet/minecraft/recipe/book/CraftingRecipeCategory;Lnet/minecraft/item/ItemStack;Ljava/util/List;Lorg/spongepowered/asm/mixin/injection/callback/CallbackInfo;)V doesn't use it's CallbackInfo
[17:19:24] [main/DEBUG] (FabricLoader/Mixin) fabric-recipe-api-v1.mixins.json:ingredient.ShapelessRecipeMixin from mod fabric-recipe-api-v1->@Inject::cacheRequiresTesting(Ljava/lang/String;Lnet/minecraft/recipe/book/CraftingRecipeCategory;Lnet/minecraft/item/ItemStack;Ljava/util/List;Lorg/spongepowered/asm/mixin/injection/callback/CallbackInfo;)V has 0 override(s) in child classes
[17:19:24] [main/DEBUG] (FabricLoader/Mixin) fabric-recipe-api-v1.mixins.json:ingredient.ShapelessRecipeMixin from mod fabric-recipe-api-v1->@Inject::cacheRequiresTesting(Ljava/lang/String;Lnet/minecraft/recipe/book/CraftingRecipeCategory;Lnet/minecraft/item/ItemStack;Ljava/util/List;Lorg/spongepowered/asm/mixin/injection/callback/CallbackInfo;)V won't be passed a CallbackInfo as a result
[17:19:24] [main/DEBUG] (FabricLoader/Mixin) fabric-recipe-api-v1.mixins.json:ingredient.ShapelessRecipeMixin from mod fabric-recipe-api-v1->@Inject::customIngredientMatch(Lnet/minecraft/recipe/input/CraftingRecipeInput;Lnet/minecraft/world/World;Lorg/spongepowered/asm/mixin/injection/callback/CallbackInfoReturnable;)V does use it's CallbackInfoReturnable
[17:19:24] [main/DEBUG] (FabricLoader/Mixin) Mixing ChunkGeneratingMixin from fabric-lifecycle-events-v1.mixins.json into net.minecraft.world.chunk.ChunkGenerating
[17:19:24] [main/DEBUG] (FabricLoader/Mixin) fabric-lifecycle-events-v1.mixins.json:ChunkGeneratingMixin from mod fabric-lifecycle-events-v1->@Inject::onChunkLoad(Lnet/minecraft/world/chunk/Chunk;Lnet/minecraft/world/chunk/ChunkGenerationContext;Lnet/minecraft/world/chunk/AbstractChunkHolder;Lorg/spongepowered/asm/mixin/injection/callback/CallbackInfoReturnable;)V does use it's CallbackInfoReturnable
[17:19:25] [main/DEBUG] (FabricLoader/Mixin) Mixing StructureTemplateManagerMixin from fabric-gametest-api-v1.mixins.json into net.minecraft.structure.StructureTemplateManager
[17:19:25] [main/DEBUG] (FabricLoader/Mixin) Renaming @Unique method streamTemplatesFromResource()Ljava/util/stream/Stream; to md9c000e$fabric-gametest-api-v1$streamTemplatesFromResource$0 in fabric-gametest-api-v1.mixins.json:StructureTemplateManagerMixin from mod fabric-gametest-api-v1
[17:19:25] [main/DEBUG] (FabricLoader/Mixin) fabric-gametest-api-v1.mixins.json:StructureTemplateManagerMixin from mod fabric-gametest-api-v1->@Inject::addFabricTemplateProvider(Lnet/minecraft/resource/ResourceManager;Lnet/minecraft/world/level/storage/LevelStorage$Session;Lcom/mojang/datafixers/DataFixer;Lnet/minecraft/registry/RegistryEntryLookup;Lorg/spongepowered/asm/mixin/injection/callback/CallbackInfo;)V doesn't use it's CallbackInfo
[17:19:25] [main/DEBUG] (FabricLoader/Mixin) fabric-gametest-api-v1.mixins.json:StructureTemplateManagerMixin from mod fabric-gametest-api-v1->@Inject::addFabricTemplateProvider(Lnet/minecraft/resource/ResourceManager;Lnet/minecraft/world/level/storage/LevelStorage$Session;Lcom/mojang/datafixers/DataFixer;Lnet/minecraft/registry/RegistryEntryLookup;Lorg/spongepowered/asm/mixin/injection/callback/CallbackInfo;)V has 0 override(s) in child classes
[17:19:25] [main/DEBUG] (FabricLoader/Mixin) fabric-gametest-api-v1.mixins.json:StructureTemplateManagerMixin from mod fabric-gametest-api-v1->@Inject::addFabricTemplateProvider(Lnet/minecraft/resource/ResourceManager;Lnet/minecraft/world/level/storage/LevelStorage$Session;Lcom/mojang/datafixers/DataFixer;Lnet/minecraft/registry/RegistryEntryLookup;Lorg/spongepowered/asm/mixin/injection/callback/CallbackInfo;)V won't be passed a CallbackInfo as a result
[17:19:25] [main/DEBUG] (FabricLoader/Mixin) Mixing BiomeSourceMixin from fabric-biome-api-v1.mixins.json into net.minecraft.world.biome.source.BiomeSource
[17:19:25] [main/DEBUG] (FabricLoader/Mixin) Mixing MultiNoiseBiomeSourceMixin from fabric-biome-api-v1.mixins.json into net.minecraft.world.biome.source.MultiNoiseBiomeSource
[17:19:25] [main/DEBUG] (FabricLoader/Mixin) Mixing NetherBiomePresetMixin from fabric-biome-api-v1.mixins.json into net.minecraft.world.biome.source.MultiNoiseBiomeSourceParameterList$Preset$1
[17:19:25] [main/DEBUG] (FabricLoader/Mixin) fabric-biome-api-v1.mixins.json:NetherBiomePresetMixin from mod fabric-biome-api-v1->@Inject::apply(Ljava/util/function/Function;Lorg/spongepowered/asm/mixin/injection/callback/CallbackInfoReturnable;)V does use it's CallbackInfoReturnable
[17:19:25] [main/DEBUG] (FabricLoader/Mixin) Mixing RegistryOpsAccessor from fabric-resource-conditions-api-v1.mixins.json into net.minecraft.registry.RegistryOps
[17:19:25] [main/DEBUG] (FabricLoader/Mixin) Mixing TheEndBiomeSourceMixin from fabric-biome-api-v1.mixins.json into net.minecraft.world.biome.source.TheEndBiomeSource
[17:19:25] [main/DEBUG] (FabricLoader/Mixin) Renaming synthetic method lambda$init$1(Lnet/minecraft/registry/RegistryEntryLookup;)Lnet/fabricmc/fabric/impl/biome/TheEndBiomeData$Overrides; to md9c000e$fabric-biome-api-v1$lambda$init$1$0 in fabric-biome-api-v1.mixins.json:TheEndBiomeSourceMixin from mod fabric-biome-api-v1
[17:19:25] [main/DEBUG] (FabricLoader/Mixin) Renaming synthetic method lambda$modifyCodec$0(Lcom/mojang/serialization/codecs/RecordCodecBuilder$Instance;)Lcom/mojang/datafixers/kinds/App; to md9c000e$fabric-biome-api-v1$lambda$modifyCodec$0$1 in fabric-biome-api-v1.mixins.json:TheEndBiomeSourceMixin from mod fabric-biome-api-v1
[17:19:25] [main/DEBUG] (FabricLoader/Mixin) fabric-biome-api-v1.mixins.json:TheEndBiomeSourceMixin from mod fabric-biome-api-v1->@Inject::modifyCodec(Lorg/spongepowered/asm/mixin/injection/callback/CallbackInfo;)V doesn't use it's CallbackInfo
[17:19:25] [main/DEBUG] (FabricLoader/Mixin) fabric-biome-api-v1.mixins.json:TheEndBiomeSourceMixin from mod fabric-biome-api-v1->@Inject::rememberLookup(Lnet/minecraft/registry/RegistryEntryLookup;Lorg/spongepowered/asm/mixin/injection/callback/CallbackInfoReturnable;)V doesn't use it's CallbackInfoReturnable
[17:19:25] [main/DEBUG] (FabricLoader/Mixin) fabric-biome-api-v1.mixins.json:TheEndBiomeSourceMixin from mod fabric-biome-api-v1->@Inject::clearLookup(Lnet/minecraft/registry/RegistryEntryLookup;Lorg/spongepowered/asm/mixin/injection/callback/CallbackInfoReturnable;)V doesn't use it's CallbackInfoReturnable
[17:19:25] [main/DEBUG] (FabricLoader/Mixin) fabric-biome-api-v1.mixins.json:TheEndBiomeSourceMixin from mod fabric-biome-api-v1->@Inject::init(Lnet/minecraft/registry/entry/RegistryEntry;Lnet/minecraft/registry/entry/RegistryEntry;Lnet/minecraft/registry/entry/RegistryEntry;Lnet/minecraft/registry/entry/RegistryEntry;Lnet/minecraft/registry/entry/RegistryEntry;Lorg/spongepowered/asm/mixin/injection/callback/CallbackInfo;)V doesn't use it's CallbackInfo
[17:19:25] [main/DEBUG] (FabricLoader/Mixin) fabric-biome-api-v1.mixins.json:TheEndBiomeSourceMixin from mod fabric-biome-api-v1->@Inject::init(Lnet/minecraft/registry/entry/RegistryEntry;Lnet/minecraft/registry/entry/RegistryEntry;Lnet/minecraft/registry/entry/RegistryEntry;Lnet/minecraft/registry/entry/RegistryEntry;Lnet/minecraft/registry/entry/RegistryEntry;Lorg/spongepowered/asm/mixin/injection/callback/CallbackInfo;)V has 0 override(s) in child classes
[17:19:25] [main/DEBUG] (FabricLoader/Mixin) fabric-biome-api-v1.mixins.json:TheEndBiomeSourceMixin from mod fabric-biome-api-v1->@Inject::init(Lnet/minecraft/registry/entry/RegistryEntry;Lnet/minecraft/registry/entry/RegistryEntry;Lnet/minecraft/registry/entry/RegistryEntry;Lnet/minecraft/registry/entry/RegistryEntry;Lnet/minecraft/registry/entry/RegistryEntry;Lorg/spongepowered/asm/mixin/injection/callback/CallbackInfo;)V won't be passed a CallbackInfo as a result
[17:19:25] [main/DEBUG] (FabricLoader/Mixin) fabric-biome-api-v1.mixins.json:TheEndBiomeSourceMixin from mod fabric-biome-api-v1->@Inject::getWeightedEndBiome(IIILnet/minecraft/world/biome/source/util/MultiNoiseUtil$MultiNoiseSampler;Lorg/spongepowered/asm/mixin/injection/callback/CallbackInfoReturnable;)V does use it's CallbackInfoReturnable
[17:19:25] [main/DEBUG] (FabricLoader/Mixin) fabric-biome-api-v1.mixins.json:TheEndBiomeSourceMixin from mod fabric-biome-api-v1->@Inject::getWeightedEndBiome(IIILnet/minecraft/world/biome/source/util/MultiNoiseUtil$MultiNoiseSampler;Lorg/spongepowered/asm/mixin/injection/callback/CallbackInfoReturnable;)V does use it's CallbackInfoReturnable
[17:19:25] [main/DEBUG] (FabricLoader/Mixin) fabric-biome-api-v1.mixins.json:TheEndBiomeSourceMixin from mod fabric-biome-api-v1->@Inject::getWeightedEndBiome(IIILnet/minecraft/world/biome/source/util/MultiNoiseUtil$MultiNoiseSampler;Lorg/spongepowered/asm/mixin/injection/callback/CallbackInfoReturnable;)V does use it's CallbackInfoReturnable
[17:19:25] [main/DEBUG] (FabricLoader/Mixin) fabric-biome-api-v1.mixins.json:TheEndBiomeSourceMixin from mod fabric-biome-api-v1->@Inject::getWeightedEndBiome(IIILnet/minecraft/world/biome/source/util/MultiNoiseUtil$MultiNoiseSampler;Lorg/spongepowered/asm/mixin/injection/callback/CallbackInfoReturnable;)V does use it's CallbackInfoReturnable
[17:19:25] [main/DEBUG] (FabricLoader/Mixin) fabric-biome-api-v1.mixins.json:TheEndBiomeSourceMixin from mod fabric-biome-api-v1->@Inject::getWeightedEndBiome(IIILnet/minecraft/world/biome/source/util/MultiNoiseUtil$MultiNoiseSampler;Lorg/spongepowered/asm/mixin/injection/callback/CallbackInfoReturnable;)V does use it's CallbackInfoReturnable
[17:19:25] [main/DEBUG] (FabricLoader/Mixin) Mixing DebugChunkGeneratorAccessor from fabric-registry-sync-v0.mixins.json into net.minecraft.world.gen.chunk.DebugChunkGenerator
[17:19:25] [main/DEBUG] (FabricLoader/Mixin) Renaming @Accessor method setBLOCK_STATES(Ljava/util/List;)V to setBLOCK_STATES$fabric-registry-sync-v0_$md$9c000e$0 in fabric-registry-sync-v0.mixins.json:DebugChunkGeneratorAccessor from mod fabric-registry-sync-v0
[17:19:25] [main/DEBUG] (FabricLoader/Mixin) Renaming @Accessor method setX_SIDE_LENGTH(I)V to setX_SIDE_LENGTH$fabric-registry-sync-v0_$md$9c000e$1 in fabric-registry-sync-v0.mixins.json:DebugChunkGeneratorAccessor from mod fabric-registry-sync-v0
[17:19:25] [main/DEBUG] (FabricLoader/Mixin) Renaming @Accessor method setZ_SIDE_LENGTH(I)V to setZ_SIDE_LENGTH$fabric-registry-sync-v0_$md$9c000e$2 in fabric-registry-sync-v0.mixins.json:DebugChunkGeneratorAccessor from mod fabric-registry-sync-v0
[17:19:25] [main/DEBUG] (FabricLoader/Mixin) Mixing GameRulesBooleanRuleAccessor from fabric-game-rule-api-v1.mixins.json into net.minecraft.world.GameRules$BooleanRule
[17:19:25] [main/DEBUG] (FabricLoader/Mixin) Renaming @Invoker method invokeCreate(ZLjava/util/function/BiConsumer;)Lnet/minecraft/world/GameRules$Type; to invokeCreate$fabric-game-rule-api-v1_$md$9c000e$0 in fabric-game-rule-api-v1.mixins.json:GameRulesBooleanRuleAccessor from mod fabric-game-rule-api-v1
[17:19:25] [main/DEBUG] (FabricLoader/Mixin) Mixing GameRulesAccessor from fabric-game-rule-api-v1.mixins.json into net.minecraft.world.GameRules
[17:19:25] [main/DEBUG] (FabricLoader/Mixin) Renaming @Invoker method callRegister(Ljava/lang/String;Lnet/minecraft/world/GameRules$Category;Lnet/minecraft/world/GameRules$Type;)Lnet/minecraft/world/GameRules$Key; to callRegister$fabric-game-rule-api-v1_$md$9c000e$0 in fabric-game-rule-api-v1.mixins.json:GameRulesAccessor from mod fabric-game-rule-api-v1
[17:19:25] [main/DEBUG] (FabricLoader/Mixin) Renaming @Accessor method getRuleTypes()Ljava/util/Map; to getRuleTypes$fabric-game-rule-api-v1_$md$9c000e$1 in fabric-game-rule-api-v1.mixins.json:GameRulesAccessor from mod fabric-game-rule-api-v1
[17:19:25] [main/DEBUG] (FabricLoader/Mixin) Mixing GameRulesKeyMixin from fabric-game-rule-api-v1.mixins.json into net.minecraft.world.GameRules$Key
[17:19:25] [main/DEBUG] (FabricLoader/Mixin) Mixing MinecraftServerMixin from fabric-resource-loader-v0.mixins.json into net.minecraft.server.MinecraftServer
[17:19:25] [main/DEBUG] (FabricLoader/Mixin) Renaming synthetic method lambda$init$0(Lnet/minecraft/resource/ResourcePack;)Ljava/util/stream/Stream; to md9c000e$fabric-resource-loader-v0$lambda$init$0$0 in fabric-resource-loader-v0.mixins.json:MinecraftServerMixin from mod fabric-resource-loader-v0
[17:19:25] [main/DEBUG] (FabricLoader/Mixin) Mixing MinecraftServerMixin from fabric-message-api-v1.mixins.json into net.minecraft.server.MinecraftServer
[17:19:25] [main/DEBUG] (FabricLoader/Mixin) Renaming synthetic method lambda$onGetChatDecorator$0(Lnet/minecraft/server/network/ServerPlayerEntity;Lnet/minecraft/text/Text;)Lnet/minecraft/text/Text; to md9c000e$fabric-message-api-v1$lambda$onGetChatDecorator$0$1 in fabric-message-api-v1.mixins.json:MinecraftServerMixin from mod fabric-message-api-v1
[17:19:25] [main/DEBUG] (FabricLoader/Mixin) Mixing modification.MinecraftServerMixin from fabric-biome-api-v1.mixins.json into net.minecraft.server.MinecraftServer
[17:19:25] [main/DEBUG] (FabricLoader/Mixin) Mixing MinecraftServerMixin from fabric-lifecycle-events-v1.mixins.json into net.minecraft.server.MinecraftServer
[17:19:25] [main/DEBUG] (FabricLoader/Mixin) Renaming synthetic method lambda$endResourceReload$0(Ljava/lang/Void;Ljava/lang/Throwable;)Ljava/lang/Void; to md9c000e$fabric-lifecycle-events-v1$lambda$endResourceReload$0$2 in fabric-lifecycle-events-v1.mixins.json:MinecraftServerMixin from mod fabric-lifecycle-events-v1
[17:19:25] [main/DEBUG] (FabricLoader/Mixin) fabric-resource-loader-v0.mixins.json:MinecraftServerMixin from mod fabric-resource-loader-v0->@Inject::init(Ljava/lang/Thread;Lnet/minecraft/world/level/storage/LevelStorage$Session;Lnet/minecraft/resource/ResourcePackManager;Lnet/minecraft/server/SaveLoader;Ljava/net/Proxy;Lcom/mojang/datafixers/DataFixer;Lnet/minecraft/util/ApiServices;Lnet/minecraft/server/WorldGenerationProgressListenerFactory;Lorg/spongepowered/asm/mixin/injection/callback/CallbackInfo;)V doesn't use it's CallbackInfo
[17:19:25] [main/DEBUG] (FabricLoader/Mixin) fabric-resource-loader-v0.mixins.json:MinecraftServerMixin from mod fabric-resource-loader-v0->@Inject::init(Ljava/lang/Thread;Lnet/minecraft/world/level/storage/LevelStorage$Session;Lnet/minecraft/resource/ResourcePackManager;Lnet/minecraft/server/SaveLoader;Ljava/net/Proxy;Lcom/mojang/datafixers/DataFixer;Lnet/minecraft/util/ApiServices;Lnet/minecraft/server/WorldGenerationProgressListenerFactory;Lorg/spongepowered/asm/mixin/injection/callback/CallbackInfo;)V has 0 override(s) in child classes
[17:19:25] [main/DEBUG] (FabricLoader/Mixin) fabric-resource-loader-v0.mixins.json:MinecraftServerMixin from mod fabric-resource-loader-v0->@Inject::init(Ljava/lang/Thread;Lnet/minecraft/world/level/storage/LevelStorage$Session;Lnet/minecraft/resource/ResourcePackManager;Lnet/minecraft/server/SaveLoader;Ljava/net/Proxy;Lcom/mojang/datafixers/DataFixer;Lnet/minecraft/util/ApiServices;Lnet/minecraft/server/WorldGenerationProgressListenerFactory;Lorg/spongepowered/asm/mixin/injection/callback/CallbackInfo;)V won't be passed a CallbackInfo as a result
[17:19:25] [main/DEBUG] (FabricLoader/Mixin) fabric-message-api-v1.mixins.json:MinecraftServerMixin from mod fabric-message-api-v1->@Inject::onGetChatDecorator(Lorg/spongepowered/asm/mixin/injection/callback/CallbackInfoReturnable;)V does use it's CallbackInfoReturnable
[17:19:25] [main/DEBUG] (FabricLoader/Mixin) fabric-biome-api-v1.mixins.json:modification.MinecraftServerMixin from mod fabric-biome-api-v1->@Inject::finalizeWorldGen(Lorg/spongepowered/asm/mixin/injection/callback/CallbackInfo;)V doesn't use it's CallbackInfo
[17:19:25] [main/DEBUG] (FabricLoader/Mixin) fabric-biome-api-v1.mixins.json:modification.MinecraftServerMixin from mod fabric-biome-api-v1->@Inject::finalizeWorldGen(Lorg/spongepowered/asm/mixin/injection/callback/CallbackInfo;)V has 0 override(s) in child classes
[17:19:25] [main/DEBUG] (FabricLoader/Mixin) fabric-biome-api-v1.mixins.json:modification.MinecraftServerMixin from mod fabric-biome-api-v1->@Inject::finalizeWorldGen(Lorg/spongepowered/asm/mixin/injection/callback/CallbackInfo;)V won't be passed a CallbackInfo as a result
[17:19:25] [main/DEBUG] (FabricLoader/Mixin) fabric-lifecycle-events-v1.mixins.json:MinecraftServerMixin from mod fabric-lifecycle-events-v1->@Inject::beforeSetupServer(Lorg/spongepowered/asm/mixin/injection/callback/CallbackInfo;)V doesn't use it's CallbackInfo
[17:19:25] [main/DEBUG] (FabricLoader/Mixin) fabric-lifecycle-events-v1.mixins.json:MinecraftServerMixin from mod fabric-lifecycle-events-v1->@Inject::beforeSetupServer(Lorg/spongepowered/asm/mixin/injection/callback/CallbackInfo;)V has 0 override(s) in child classes
[17:19:25] [main/DEBUG] (FabricLoader/Mixin) fabric-lifecycle-events-v1.mixins.json:MinecraftServerMixin from mod fabric-lifecycle-events-v1->@Inject::beforeSetupServer(Lorg/spongepowered/asm/mixin/injection/callback/CallbackInfo;)V won't be passed a CallbackInfo as a result
[17:19:25] [main/DEBUG] (FabricLoader/Mixin) fabric-lifecycle-events-v1.mixins.json:MinecraftServerMixin from mod fabric-lifecycle-events-v1->@Inject::afterSetupServer(Lorg/spongepowered/asm/mixin/injection/callback/CallbackInfo;)V doesn't use it's CallbackInfo
[17:19:25] [main/DEBUG] (FabricLoader/Mixin) fabric-lifecycle-events-v1.mixins.json:MinecraftServerMixin from mod fabric-lifecycle-events-v1->@Inject::afterSetupServer(Lorg/spongepowered/asm/mixin/injection/callback/CallbackInfo;)V has 0 override(s) in child classes
[17:19:25] [main/DEBUG] (FabricLoader/Mixin) fabric-lifecycle-events-v1.mixins.json:MinecraftServerMixin from mod fabric-lifecycle-events-v1->@Inject::afterSetupServer(Lorg/spongepowered/asm/mixin/injection/callback/CallbackInfo;)V won't be passed a CallbackInfo as a result
[17:19:25] [main/DEBUG] (FabricLoader/Mixin) fabric-lifecycle-events-v1.mixins.json:MinecraftServerMixin from mod fabric-lifecycle-events-v1->@Inject::beforeShutdownServer(Lorg/spongepowered/asm/mixin/injection/callback/CallbackInfo;)V doesn't use it's CallbackInfo
[17:19:25] [main/DEBUG] (FabricLoader/Mixin) fabric-lifecycle-events-v1.mixins.json:MinecraftServerMixin from mod fabric-lifecycle-events-v1->@Inject::beforeShutdownServer(Lorg/spongepowered/asm/mixin/injection/callback/CallbackInfo;)V has 0 override(s) in child classes
[17:19:25] [main/DEBUG] (FabricLoader/Mixin) fabric-lifecycle-events-v1.mixins.json:MinecraftServerMixin from mod fabric-lifecycle-events-v1->@Inject::beforeShutdownServer(Lorg/spongepowered/asm/mixin/injection/callback/CallbackInfo;)V won't be passed a CallbackInfo as a result
[17:19:25] [main/DEBUG] (FabricLoader/Mixin) fabric-lifecycle-events-v1.mixins.json:MinecraftServerMixin from mod fabric-lifecycle-events-v1->@Inject::afterShutdownServer(Lorg/spongepowered/asm/mixin/injection/callback/CallbackInfo;)V doesn't use it's CallbackInfo
[17:19:25] [main/DEBUG] (FabricLoader/Mixin) fabric-lifecycle-events-v1.mixins.json:MinecraftServerMixin from mod fabric-lifecycle-events-v1->@Inject::afterShutdownServer(Lorg/spongepowered/asm/mixin/injection/callback/CallbackInfo;)V has 0 override(s) in child classes
[17:19:25] [main/DEBUG] (FabricLoader/Mixin) fabric-lifecycle-events-v1.mixins.json:MinecraftServerMixin from mod fabric-lifecycle-events-v1->@Inject::afterShutdownServer(Lorg/spongepowered/asm/mixin/injection/callback/CallbackInfo;)V won't be passed a CallbackInfo as a result
[17:19:25] [main/DEBUG] (FabricLoader/Mixin) fabric-lifecycle-events-v1.mixins.json:MinecraftServerMixin from mod fabric-lifecycle-events-v1->@Inject::onStartTick(Ljava/util/function/BooleanSupplier;Lorg/spongepowered/asm/mixin/injection/callback/CallbackInfo;)V doesn't use it's CallbackInfo
[17:19:25] [main/DEBUG] (FabricLoader/Mixin) fabric-lifecycle-events-v1.mixins.json:MinecraftServerMixin from mod fabric-lifecycle-events-v1->@Inject::onStartTick(Ljava/util/function/BooleanSupplier;Lorg/spongepowered/asm/mixin/injection/callback/CallbackInfo;)V has 0 override(s) in child classes
[17:19:25] [main/DEBUG] (FabricLoader/Mixin) fabric-lifecycle-events-v1.mixins.json:MinecraftServerMixin from mod fabric-lifecycle-events-v1->@Inject::onStartTick(Ljava/util/function/BooleanSupplier;Lorg/spongepowered/asm/mixin/injection/callback/CallbackInfo;)V won't be passed a CallbackInfo as a result
[17:19:25] [main/DEBUG] (FabricLoader/Mixin) fabric-lifecycle-events-v1.mixins.json:MinecraftServerMixin from mod fabric-lifecycle-events-v1->@Inject::onEndTick(Ljava/util/function/BooleanSupplier;Lorg/spongepowered/asm/mixin/injection/callback/CallbackInfo;)V doesn't use it's CallbackInfo
[17:19:25] [main/DEBUG] (FabricLoader/Mixin) fabric-lifecycle-events-v1.mixins.json:MinecraftServerMixin from mod fabric-lifecycle-events-v1->@Inject::onEndTick(Ljava/util/function/BooleanSupplier;Lorg/spongepowered/asm/mixin/injection/callback/CallbackInfo;)V has 0 override(s) in child classes
[17:19:25] [main/DEBUG] (FabricLoader/Mixin) fabric-lifecycle-events-v1.mixins.json:MinecraftServerMixin from mod fabric-lifecycle-events-v1->@Inject::onEndTick(Ljava/util/function/BooleanSupplier;Lorg/spongepowered/asm/mixin/injection/callback/CallbackInfo;)V won't be passed a CallbackInfo as a result
[17:19:25] [main/DEBUG] (FabricLoader/Mixin) fabric-lifecycle-events-v1.mixins.json:MinecraftServerMixin from mod fabric-lifecycle-events-v1->@Inject::onUnloadWorldAtShutdown(Lorg/spongepowered/asm/mixin/injection/callback/CallbackInfo;)V doesn't use it's CallbackInfo
[17:19:25] [main/DEBUG] (FabricLoader/Mixin) fabric-lifecycle-events-v1.mixins.json:MinecraftServerMixin from mod fabric-lifecycle-events-v1->@Inject::onUnloadWorldAtShutdown(Lorg/spongepowered/asm/mixin/injection/callback/CallbackInfo;)V has 0 override(s) in child classes
[17:19:25] [main/DEBUG] (FabricLoader/Mixin) fabric-lifecycle-events-v1.mixins.json:MinecraftServerMixin from mod fabric-lifecycle-events-v1->@Inject::onUnloadWorldAtShutdown(Lorg/spongepowered/asm/mixin/injection/callback/CallbackInfo;)V won't be passed a CallbackInfo as a result
[17:19:25] [main/DEBUG] (FabricLoader/Mixin) fabric-lifecycle-events-v1.mixins.json:MinecraftServerMixin from mod fabric-lifecycle-events-v1->@Inject::startResourceReload(Ljava/util/Collection;Lorg/spongepowered/asm/mixin/injection/callback/CallbackInfoReturnable;)V doesn't use it's CallbackInfoReturnable
[17:19:25] [main/DEBUG] (FabricLoader/Mixin) fabric-lifecycle-events-v1.mixins.json:MinecraftServerMixin from mod fabric-lifecycle-events-v1->@Inject::startResourceReload(Ljava/util/Collection;Lorg/spongepowered/asm/mixin/injection/callback/CallbackInfoReturnable;)V has 0 override(s) in child classes
[17:19:25] [main/DEBUG] (FabricLoader/Mixin) fabric-lifecycle-events-v1.mixins.json:MinecraftServerMixin from mod fabric-lifecycle-events-v1->@Inject::startResourceReload(Ljava/util/Collection;Lorg/spongepowered/asm/mixin/injection/callback/CallbackInfoReturnable;)V won't be passed a CallbackInfoReturnable as a result
[17:19:25] [main/DEBUG] (FabricLoader/Mixin) fabric-lifecycle-events-v1.mixins.json:MinecraftServerMixin from mod fabric-lifecycle-events-v1->@Inject::endResourceReload(Ljava/util/Collection;Lorg/spongepowered/asm/mixin/injection/callback/CallbackInfoReturnable;)V does use it's CallbackInfoReturnable
[17:19:25] [main/DEBUG] (FabricLoader/Mixin) fabric-lifecycle-events-v1.mixins.json:MinecraftServerMixin from mod fabric-lifecycle-events-v1->@Inject::startSave(ZZZLorg/spongepowered/asm/mixin/injection/callback/CallbackInfoReturnable;)V doesn't use it's CallbackInfoReturnable
[17:19:25] [main/DEBUG] (FabricLoader/Mixin) fabric-lifecycle-events-v1.mixins.json:MinecraftServerMixin from mod fabric-lifecycle-events-v1->@Inject::startSave(ZZZLorg/spongepowered/asm/mixin/injection/callback/CallbackInfoReturnable;)V has 0 override(s) in child classes
[17:19:25] [main/DEBUG] (FabricLoader/Mixin) fabric-lifecycle-events-v1.mixins.json:MinecraftServerMixin from mod fabric-lifecycle-events-v1->@Inject::startSave(ZZZLorg/spongepowered/asm/mixin/injection/callback/CallbackInfoReturnable;)V won't be passed a CallbackInfoReturnable as a result
[17:19:25] [main/DEBUG] (FabricLoader/Mixin) fabric-lifecycle-events-v1.mixins.json:MinecraftServerMixin from mod fabric-lifecycle-events-v1->@Inject::endSave(ZZZLorg/spongepowered/asm/mixin/injection/callback/CallbackInfoReturnable;)V doesn't use it's CallbackInfoReturnable
[17:19:25] [main/DEBUG] (FabricLoader/Mixin) fabric-lifecycle-events-v1.mixins.json:MinecraftServerMixin from mod fabric-lifecycle-events-v1->@Inject::endSave(ZZZLorg/spongepowered/asm/mixin/injection/callback/CallbackInfoReturnable;)V has 0 override(s) in child classes
[17:19:25] [main/DEBUG] (FabricLoader/Mixin) fabric-lifecycle-events-v1.mixins.json:MinecraftServerMixin from mod fabric-lifecycle-events-v1->@Inject::endSave(ZZZLorg/spongepowered/asm/mixin/injection/callback/CallbackInfoReturnable;)V won't be passed a CallbackInfoReturnable as a result
[17:19:25] [main/DEBUG] (FabricLoader/Mixin) Mixing client.item.BasicItemModelUnbakedMixin from fabric-renderer-api-v1.mixins.json into net.minecraft.client.render.item.model.BasicItemModel$Unbaked
[17:19:25] [main/DEBUG] (FabricLoader/Mixin) Mixing client.item.BasicItemModelMixin from fabric-renderer-api-v1.mixins.json into net.minecraft.client.render.item.model.BasicItemModel
[17:19:25] [main/DEBUG] (FabricLoader/Mixin) Renaming synthetic method lambda$fabric_setMesh$0(Lnet/fabricmc/fabric/api/renderer/v1/model/SpriteFinder;Lnet/fabricmc/fabric/api/renderer/v1/mesh/QuadView;)V to md9c000e$fabric-renderer-api-v1$lambda$fabric_setMesh$0$0 in fabric-renderer-api-v1.mixins.json:client.item.BasicItemModelMixin from mod fabric-renderer-api-v1
[17:19:25] [main/DEBUG] (FabricLoader/Mixin) fabric-renderer-api-v1.mixins.json:client.item.BasicItemModelMixin from mod fabric-renderer-api-v1->@Inject::onReturnUpdate(Lorg/spongepowered/asm/mixin/injection/callback/CallbackInfo;)V doesn't use it's CallbackInfo
[17:19:25] [main/DEBUG] (FabricLoader/Mixin) fabric-renderer-api-v1.mixins.json:client.item.BasicItemModelMixin from mod fabric-renderer-api-v1->@Inject::onReturnUpdate(Lorg/spongepowered/asm/mixin/injection/callback/CallbackInfo;)V has 0 override(s) in child classes
[17:19:25] [main/DEBUG] (FabricLoader/Mixin) fabric-renderer-api-v1.mixins.json:client.item.BasicItemModelMixin from mod fabric-renderer-api-v1->@Inject::onReturnUpdate(Lorg/spongepowered/asm/mixin/injection/callback/CallbackInfo;)V won't be passed a CallbackInfo as a result
[17:19:25] [main/DEBUG] (FabricLoader/Mixin) Mixing SpecialModelTypesMixin from fabric-rendering-v1.mixins.json into net.minecraft.client.render.item.model.special.SpecialModelTypes
[17:19:25] [main/DEBUG] (FabricLoader/Mixin) fabric-rendering-v1.mixins.json:SpecialModelTypesMixin from mod fabric-rendering-v1->@Inject::onReturnClinit(Lorg/spongepowered/asm/mixin/injection/callback/CallbackInfo;)V doesn't use it's CallbackInfo
[17:19:25] [main/DEBUG] (FabricLoader/Mixin) Mixing TexturedRenderLayersMixin from fabric-object-builder-v1.client.mixins.json into net.minecraft.client.render.TexturedRenderLayers
[17:19:25] [main/DEBUG] (FabricLoader/Mixin) fabric-object-builder-v1.client.mixins.json:TexturedRenderLayersMixin from mod fabric-object-builder-api-v1->@Inject::onReturnClinit(Lorg/spongepowered/asm/mixin/injection/callback/CallbackInfo;)V doesn't use it's CallbackInfo
[17:19:25] [main/DEBUG] (FabricLoader/Mixin) Mixing client.sprite.SpriteAtlasTextureMixin from fabric-renderer-api-v1.mixins.json into net.minecraft.client.texture.SpriteAtlasTexture
[17:19:25] [main/DEBUG] (FabricLoader/Mixin) fabric-renderer-api-v1.mixins.json:client.sprite.SpriteAtlasTextureMixin from mod fabric-renderer-api-v1->@Inject::uploadHook(Lnet/minecraft/client/texture/SpriteLoader$StitchResult;Lorg/spongepowered/asm/mixin/injection/callback/CallbackInfo;)V doesn't use it's CallbackInfo
[17:19:25] [main/DEBUG] (FabricLoader/Mixin) fabric-renderer-api-v1.mixins.json:client.sprite.SpriteAtlasTextureMixin from mod fabric-renderer-api-v1->@Inject::uploadHook(Lnet/minecraft/client/texture/SpriteLoader$StitchResult;Lorg/spongepowered/asm/mixin/injection/callback/CallbackInfo;)V has 0 override(s) in child classes
[17:19:25] [main/DEBUG] (FabricLoader/Mixin) fabric-renderer-api-v1.mixins.json:client.sprite.SpriteAtlasTextureMixin from mod fabric-renderer-api-v1->@Inject::uploadHook(Lnet/minecraft/client/texture/SpriteLoader$StitchResult;Lorg/spongepowered/asm/mixin/injection/callback/CallbackInfo;)V won't be passed a CallbackInfo as a result
[17:19:25] [main/DEBUG] (FabricLoader/Mixin) Mixing KeyedResourceReloadListenerClientMixin from fabric-resource-loader-v0.client.mixins.json into net.minecraft.client.render.item.ItemRenderer
[17:19:25] [main/DEBUG] (FabricLoader/Mixin) Mixing ItemRendererAccessor from fabric-renderer-indigo.mixins.json into net.minecraft.client.render.item.ItemRenderer
[17:19:25] [main/DEBUG] (FabricLoader/Mixin) Renaming @Invoker method fabric_getDynamicDisplayGlintConsumer(Lnet/minecraft/client/render/VertexConsumerProvider;Lnet/minecraft/client/render/RenderLayer;Lnet/minecraft/client/util/math/MatrixStack$Entry;)Lnet/minecraft/client/render/VertexConsumer; to fabric_getDynamicDisplayGlintConsumer$fabric-renderer-indigo_$md$9c000e$0 in fabric-renderer-indigo.mixins.json:ItemRendererAccessor from mod fabric-renderer-indigo
[17:19:25] [main/DEBUG] (FabricLoader/Mixin) Mixing KeyBindingAccessor from fabric-key-binding-api-v1.mixins.json into net.minecraft.client.option.KeyBinding
[17:19:25] [main/DEBUG] (FabricLoader/Mixin) Renaming @Accessor method fabric_getCategoryMap()Ljava/util/Map; to fabric_getCategoryMap$fabric-key-binding-api-v1_$md$9c000e$0 in fabric-key-binding-api-v1.mixins.json:KeyBindingAccessor from mod fabric-key-binding-api-v1
[17:19:25] [main/DEBUG] (FabricLoader/Mixin) Mixing KeyBindingAccessor from fabric-events-interaction-v0.client.mixins.json into net.minecraft.client.option.KeyBinding
[17:19:25] [main/DEBUG] (FabricLoader/Mixin) Mixing AtlasSourceManagerAccessor from fabric-rendering-v1.mixins.json into net.minecraft.client.texture.atlas.AtlasSourceManager
[17:19:25] [main/DEBUG] (FabricLoader/Mixin) Renaming @Accessor method getAtlasSourceCodecs()Lnet/minecraft/util/dynamic/Codecs$IdMapper; to getAtlasSourceCodecs$fabric-rendering-v1_$md$9c000e$0 in fabric-rendering-v1.mixins.json:AtlasSourceManagerAccessor from mod fabric-rendering-v1
[17:19:25] [main/DEBUG] (FabricLoader/Mixin) Mixing ScreenAccessor from fabric-screen-api-v1.mixins.json into net.minecraft.client.gui.screen.Screen
[17:19:25] [main/DEBUG] (FabricLoader/Mixin) Mixing ScreenMixin from fabric-screen-api-v1.mixins.json into net.minecraft.client.gui.screen.Screen
[17:19:25] [main/DEBUG] (FabricLoader/Mixin) fabric-screen-api-v1.mixins.json:ScreenMixin from mod fabric-screen-api-v1->@Inject::beforeInitScreen(Lnet/minecraft/client/MinecraftClient;IILorg/spongepowered/asm/mixin/injection/callback/CallbackInfo;)V doesn't use it's CallbackInfo
[17:19:25] [main/DEBUG] (FabricLoader/Mixin) fabric-screen-api-v1.mixins.json:ScreenMixin from mod fabric-screen-api-v1->@Inject::beforeInitScreen(Lnet/minecraft/client/MinecraftClient;IILorg/spongepowered/asm/mixin/injection/callback/CallbackInfo;)V has 0 override(s) in child classes
[17:19:25] [main/DEBUG] (FabricLoader/Mixin) fabric-screen-api-v1.mixins.json:ScreenMixin from mod fabric-screen-api-v1->@Inject::beforeInitScreen(Lnet/minecraft/client/MinecraftClient;IILorg/spongepowered/asm/mixin/injection/callback/CallbackInfo;)V won't be passed a CallbackInfo as a result
[17:19:25] [main/DEBUG] (FabricLoader/Mixin) fabric-screen-api-v1.mixins.json:ScreenMixin from mod fabric-screen-api-v1->@Inject::afterInitScreen(Lnet/minecraft/client/MinecraftClient;IILorg/spongepowered/asm/mixin/injection/callback/CallbackInfo;)V doesn't use it's CallbackInfo
[17:19:25] [main/DEBUG] (FabricLoader/Mixin) fabric-screen-api-v1.mixins.json:ScreenMixin from mod fabric-screen-api-v1->@Inject::afterInitScreen(Lnet/minecraft/client/MinecraftClient;IILorg/spongepowered/asm/mixin/injection/callback/CallbackInfo;)V has 0 override(s) in child classes
[17:19:25] [main/DEBUG] (FabricLoader/Mixin) fabric-screen-api-v1.mixins.json:ScreenMixin from mod fabric-screen-api-v1->@Inject::afterInitScreen(Lnet/minecraft/client/MinecraftClient;IILorg/spongepowered/asm/mixin/injection/callback/CallbackInfo;)V won't be passed a CallbackInfo as a result
[17:19:25] [main/DEBUG] (FabricLoader/Mixin) fabric-screen-api-v1.mixins.json:ScreenMixin from mod fabric-screen-api-v1->@Inject::beforeResizeScreen(Lnet/minecraft/client/MinecraftClient;IILorg/spongepowered/asm/mixin/injection/callback/CallbackInfo;)V doesn't use it's CallbackInfo
[17:19:25] [main/DEBUG] (FabricLoader/Mixin) fabric-screen-api-v1.mixins.json:ScreenMixin from mod fabric-screen-api-v1->@Inject::beforeResizeScreen(Lnet/minecraft/client/MinecraftClient;IILorg/spongepowered/asm/mixin/injection/callback/CallbackInfo;)V has 0 override(s) in child classes
[17:19:25] [main/DEBUG] (FabricLoader/Mixin) fabric-screen-api-v1.mixins.json:ScreenMixin from mod fabric-screen-api-v1->@Inject::beforeResizeScreen(Lnet/minecraft/client/MinecraftClient;IILorg/spongepowered/asm/mixin/injection/callback/CallbackInfo;)V won't be passed a CallbackInfo as a result
[17:19:25] [main/DEBUG] (FabricLoader/Mixin) fabric-screen-api-v1.mixins.json:ScreenMixin from mod fabric-screen-api-v1->@Inject::afterResizeScreen(Lnet/minecraft/client/MinecraftClient;IILorg/spongepowered/asm/mixin/injection/callback/CallbackInfo;)V doesn't use it's CallbackInfo
[17:19:25] [main/DEBUG] (FabricLoader/Mixin) fabric-screen-api-v1.mixins.json:ScreenMixin from mod fabric-screen-api-v1->@Inject::afterResizeScreen(Lnet/minecraft/client/MinecraftClient;IILorg/spongepowered/asm/mixin/injection/callback/CallbackInfo;)V has 0 override(s) in child classes
[17:19:25] [main/DEBUG] (FabricLoader/Mixin) fabric-screen-api-v1.mixins.json:ScreenMixin from mod fabric-screen-api-v1->@Inject::afterResizeScreen(Lnet/minecraft/client/MinecraftClient;IILorg/spongepowered/asm/mixin/injection/callback/CallbackInfo;)V won't be passed a CallbackInfo as a result
[17:19:25] [main/DEBUG] (FabricLoader/Mixin) Mixing ClientWorldMixin from fabric-rendering-v1.mixins.json into net.minecraft.client.world.ClientWorld
[17:19:25] [main/DEBUG] (FabricLoader/Mixin) Renaming synthetic method lambda$new$1(Lnet/minecraft/world/biome/ColorResolver;)Lnet/minecraft/client/world/BiomeColorCache; to md9c000e$fabric-rendering-v1$lambda$new$1$0 in fabric-rendering-v1.mixins.json:ClientWorldMixin from mod fabric-rendering-v1
[17:19:25] [main/DEBUG] (FabricLoader/Mixin) Renaming synthetic method lambda$new$0(Lnet/minecraft/world/biome/ColorResolver;Lnet/minecraft/util/math/BlockPos;)I to md9c000e$fabric-rendering-v1$lambda$new$0$1 in fabric-rendering-v1.mixins.json:ClientWorldMixin from mod fabric-rendering-v1
[17:19:25] [main/DEBUG] (FabricLoader/Mixin) Mixing ClientWorldMixin from fabric-lifecycle-events-v1.client.mixins.json into net.minecraft.client.world.ClientWorld
[17:19:25] [main/DEBUG] (FabricLoader/Mixin) fabric-rendering-v1.mixins.json:ClientWorldMixin from mod fabric-rendering-v1->@Inject::onResetChunkColor(Lnet/minecraft/util/math/ChunkPos;Lorg/spongepowered/asm/mixin/injection/callback/CallbackInfo;)V doesn't use it's CallbackInfo
[17:19:25] [main/DEBUG] (FabricLoader/Mixin) fabric-rendering-v1.mixins.json:ClientWorldMixin from mod fabric-rendering-v1->@Inject::onResetChunkColor(Lnet/minecraft/util/math/ChunkPos;Lorg/spongepowered/asm/mixin/injection/callback/CallbackInfo;)V has 0 override(s) in child classes
[17:19:25] [main/DEBUG] (FabricLoader/Mixin) fabric-rendering-v1.mixins.json:ClientWorldMixin from mod fabric-rendering-v1->@Inject::onResetChunkColor(Lnet/minecraft/util/math/ChunkPos;Lorg/spongepowered/asm/mixin/injection/callback/CallbackInfo;)V won't be passed a CallbackInfo as a result
[17:19:25] [main/DEBUG] (FabricLoader/Mixin) fabric-rendering-v1.mixins.json:ClientWorldMixin from mod fabric-rendering-v1->@Inject::onReloadColor(Lorg/spongepowered/asm/mixin/injection/callback/CallbackInfo;)V doesn't use it's CallbackInfo
[17:19:25] [main/DEBUG] (FabricLoader/Mixin) fabric-rendering-v1.mixins.json:ClientWorldMixin from mod fabric-rendering-v1->@Inject::onReloadColor(Lorg/spongepowered/asm/mixin/injection/callback/CallbackInfo;)V has 0 override(s) in child classes
[17:19:25] [main/DEBUG] (FabricLoader/Mixin) fabric-rendering-v1.mixins.json:ClientWorldMixin from mod fabric-rendering-v1->@Inject::onReloadColor(Lorg/spongepowered/asm/mixin/injection/callback/CallbackInfo;)V won't be passed a CallbackInfo as a result
[17:19:25] [main/DEBUG] (FabricLoader/Mixin) fabric-lifecycle-events-v1.client.mixins.json:ClientWorldMixin from mod fabric-lifecycle-events-v1->@Inject::tickWorldAfterBlockEntities(Lorg/spongepowered/asm/mixin/injection/callback/CallbackInfo;)V doesn't use it's CallbackInfo
[17:19:25] [main/DEBUG] (FabricLoader/Mixin) fabric-lifecycle-events-v1.client.mixins.json:ClientWorldMixin from mod fabric-lifecycle-events-v1->@Inject::tickWorldAfterBlockEntities(Lorg/spongepowered/asm/mixin/injection/callback/CallbackInfo;)V has 0 override(s) in child classes
[17:19:25] [main/DEBUG] (FabricLoader/Mixin) fabric-lifecycle-events-v1.client.mixins.json:ClientWorldMixin from mod fabric-lifecycle-events-v1->@Inject::tickWorldAfterBlockEntities(Lorg/spongepowered/asm/mixin/injection/callback/CallbackInfo;)V won't be passed a CallbackInfo as a result
[17:19:25] [main/DEBUG] (FabricLoader/Mixin) fabric-lifecycle-events-v1.client.mixins.json:ClientWorldMixin from mod fabric-lifecycle-events-v1->@Inject::startWorldTick(Lorg/spongepowered/asm/mixin/injection/callback/CallbackInfo;)V doesn't use it's CallbackInfo
[17:19:25] [main/DEBUG] (FabricLoader/Mixin) fabric-lifecycle-events-v1.client.mixins.json:ClientWorldMixin from mod fabric-lifecycle-events-v1->@Inject::startWorldTick(Lorg/spongepowered/asm/mixin/injection/callback/CallbackInfo;)V has 0 override(s) in child classes
[17:19:25] [main/DEBUG] (FabricLoader/Mixin) fabric-lifecycle-events-v1.client.mixins.json:ClientWorldMixin from mod fabric-lifecycle-events-v1->@Inject::startWorldTick(Lorg/spongepowered/asm/mixin/injection/callback/CallbackInfo;)V won't be passed a CallbackInfo as a result
[17:19:25] [main/DEBUG] (FabricLoader/Mixin) Mixing DefaultAttributeRegistryAccessor from fabric-object-builder-v1.mixins.json into net.minecraft.entity.attribute.DefaultAttributeRegistry
[17:19:25] [main/DEBUG] (FabricLoader/Mixin) Renaming @Accessor method getRegistry()Ljava/util/Map; to getRegistry$fabric-object-builder-api-v1_$md$9c000e$0 in fabric-object-builder-v1.mixins.json:DefaultAttributeRegistryAccessor from mod fabric-object-builder-api-v1
[17:19:25] [main/DEBUG] (FabricLoader/Mixin) Mixing DefaultAttributeRegistryMixin from fabric-object-builder-v1.mixins.json into net.minecraft.entity.attribute.DefaultAttributeRegistry
[17:19:25] [main/DEBUG] (FabricLoader/Mixin) fabric-object-builder-v1.mixins.json:DefaultAttributeRegistryMixin from mod fabric-object-builder-api-v1->@Inject::injectAttributes(Lorg/spongepowered/asm/mixin/injection/callback/CallbackInfo;)V doesn't use it's CallbackInfo
[17:19:25] [Render thread/DEBUG] (FabricLoader/Mixin) Mixing accessor.MinecraftClientAccessor from fabric-networking-api-v1.client.mixins.json into net.minecraft.client.MinecraftClient
[17:19:25] [Render thread/DEBUG] (FabricLoader/Mixin) Mixing MinecraftClientMixin from fabric-registry-sync-v0.client.mixins.json into net.minecraft.client.MinecraftClient
[17:19:25] [Render thread/DEBUG] (FabricLoader/Mixin) Mixing MinecraftClientMixin from fabric-data-generation-api-v1.client.mixins.json into net.minecraft.client.MinecraftClient
[17:19:25] [Render thread/DEBUG] (FabricLoader/Mixin) Mixing MinecraftClientMixin from fabric-events-interaction-v0.client.mixins.json into net.minecraft.client.MinecraftClient
[17:19:25] [Render thread/DEBUG] (FabricLoader/Mixin) Mixing MinecraftClientMixin from fabric-lifecycle-events-v1.client.mixins.json into net.minecraft.client.MinecraftClient
[17:19:25] [Render thread/DEBUG] (FabricLoader/Mixin) Mixing MinecraftClientMixin from fabric-screen-api-v1.mixins.json into net.minecraft.client.MinecraftClient
[17:19:25] [Render thread/DEBUG] (FabricLoader/Mixin) Renaming @Unique field LOGGERLorg/slf4j/Logger; to fd9c000e$fabric-screen-api-v1$LOGGER$0 in fabric-screen-api-v1.mixins.json:MinecraftClientMixin from mod fabric-screen-api-v1
[17:19:25] [Render thread/DEBUG] (FabricLoader/Mixin) fabric-registry-sync-v0.client.mixins.json:MinecraftClientMixin from mod fabric-registry-sync-v0->@Inject::disconnectAfter(Lnet/minecraft/client/gui/screen/Screen;ZLorg/spongepowered/asm/mixin/injection/callback/CallbackInfo;)V doesn't use it's CallbackInfo
[17:19:25] [Render thread/DEBUG] (FabricLoader/Mixin) fabric-registry-sync-v0.client.mixins.json:MinecraftClientMixin from mod fabric-registry-sync-v0->@Inject::disconnectAfter(Lnet/minecraft/client/gui/screen/Screen;ZLorg/spongepowered/asm/mixin/injection/callback/CallbackInfo;)V has 0 override(s) in child classes
[17:19:25] [Render thread/DEBUG] (FabricLoader/Mixin) fabric-registry-sync-v0.client.mixins.json:MinecraftClientMixin from mod fabric-registry-sync-v0->@Inject::disconnectAfter(Lnet/minecraft/client/gui/screen/Screen;ZLorg/spongepowered/asm/mixin/injection/callback/CallbackInfo;)V won't be passed a CallbackInfo as a result
[17:19:25] [Render thread/DEBUG] (FabricLoader/Mixin) fabric-registry-sync-v0.client.mixins.json:MinecraftClientMixin from mod fabric-registry-sync-v0->@Inject::afterModInit(Lorg/spongepowered/asm/mixin/injection/callback/CallbackInfo;)V doesn't use it's CallbackInfo
[17:19:25] [Render thread/DEBUG] (FabricLoader/Mixin) fabric-registry-sync-v0.client.mixins.json:MinecraftClientMixin from mod fabric-registry-sync-v0->@Inject::afterModInit(Lorg/spongepowered/asm/mixin/injection/callback/CallbackInfo;)V has 0 override(s) in child classes
[17:19:25] [Render thread/DEBUG] (FabricLoader/Mixin) fabric-registry-sync-v0.client.mixins.json:MinecraftClientMixin from mod fabric-registry-sync-v0->@Inject::afterModInit(Lorg/spongepowered/asm/mixin/injection/callback/CallbackInfo;)V won't be passed a CallbackInfo as a result
[17:19:25] [Render thread/DEBUG] (FabricLoader/Mixin) fabric-data-generation-api-v1.client.mixins.json:MinecraftClientMixin from mod fabric-data-generation-api-v1->@Inject::main(Lorg/spongepowered/asm/mixin/injection/callback/CallbackInfo;)V doesn't use it's CallbackInfo
[17:19:25] [Render thread/DEBUG] (FabricLoader/Mixin) fabric-data-generation-api-v1.client.mixins.json:MinecraftClientMixin from mod fabric-data-generation-api-v1->@Inject::main(Lorg/spongepowered/asm/mixin/injection/callback/CallbackInfo;)V has 0 override(s) in child classes
[17:19:25] [Render thread/DEBUG] (FabricLoader/Mixin) fabric-data-generation-api-v1.client.mixins.json:MinecraftClientMixin from mod fabric-data-generation-api-v1->@Inject::main(Lorg/spongepowered/asm/mixin/injection/callback/CallbackInfo;)V won't be passed a CallbackInfo as a result
[17:19:25] [Render thread/DEBUG] (FabricLoader/Mixin) fabric-events-interaction-v0.client.mixins.json:MinecraftClientMixin from mod fabric-events-interaction-v0->@Inject::injectUseEntityCallback(Lorg/spongepowered/asm/mixin/injection/callback/CallbackInfo;)V does use it's CallbackInfo
[17:19:25] [Render thread/DEBUG] (FabricLoader/Mixin) fabric-events-interaction-v0.client.mixins.json:MinecraftClientMixin from mod fabric-events-interaction-v0->@Inject::injectHandleInputEventsForPreAttackCallback(Lorg/spongepowered/asm/mixin/injection/callback/CallbackInfo;)V doesn't use it's CallbackInfo
[17:19:25] [Render thread/DEBUG] (FabricLoader/Mixin) fabric-events-interaction-v0.client.mixins.json:MinecraftClientMixin from mod fabric-events-interaction-v0->@Inject::injectHandleInputEventsForPreAttackCallback(Lorg/spongepowered/asm/mixin/injection/callback/CallbackInfo;)V has 0 override(s) in child classes
[17:19:25] [Render thread/DEBUG] (FabricLoader/Mixin) fabric-events-interaction-v0.client.mixins.json:MinecraftClientMixin from mod fabric-events-interaction-v0->@Inject::injectHandleInputEventsForPreAttackCallback(Lorg/spongepowered/asm/mixin/injection/callback/CallbackInfo;)V won't be passed a CallbackInfo as a result
[17:19:25] [Render thread/DEBUG] (FabricLoader/Mixin) fabric-events-interaction-v0.client.mixins.json:MinecraftClientMixin from mod fabric-events-interaction-v0->@Inject::injectDoAttackForCancelling(Lorg/spongepowered/asm/mixin/injection/callback/CallbackInfoReturnable;)V does use it's CallbackInfoReturnable
[17:19:25] [Render thread/DEBUG] (FabricLoader/Mixin) fabric-events-interaction-v0.client.mixins.json:MinecraftClientMixin from mod fabric-events-interaction-v0->@Inject::injectHandleBlockBreakingForCancelling(ZLorg/spongepowered/asm/mixin/injection/callback/CallbackInfo;)V does use it's CallbackInfo
[17:19:25] [Render thread/DEBUG] (FabricLoader/Mixin) fabric-lifecycle-events-v1.client.mixins.json:MinecraftClientMixin from mod fabric-lifecycle-events-v1->@Inject::onStartTick(Lorg/spongepowered/asm/mixin/injection/callback/CallbackInfo;)V doesn't use it's CallbackInfo
[17:19:25] [Render thread/DEBUG] (FabricLoader/Mixin) fabric-lifecycle-events-v1.client.mixins.json:MinecraftClientMixin from mod fabric-lifecycle-events-v1->@Inject::onStartTick(Lorg/spongepowered/asm/mixin/injection/callback/CallbackInfo;)V has 0 override(s) in child classes
[17:19:25] [Render thread/DEBUG] (FabricLoader/Mixin) fabric-lifecycle-events-v1.client.mixins.json:MinecraftClientMixin from mod fabric-lifecycle-events-v1->@Inject::onStartTick(Lorg/spongepowered/asm/mixin/injection/callback/CallbackInfo;)V won't be passed a CallbackInfo as a result
[17:19:25] [Render thread/DEBUG] (FabricLoader/Mixin) fabric-lifecycle-events-v1.client.mixins.json:MinecraftClientMixin from mod fabric-lifecycle-events-v1->@Inject::onEndTick(Lorg/spongepowered/asm/mixin/injection/callback/CallbackInfo;)V doesn't use it's CallbackInfo
[17:19:25] [Render thread/DEBUG] (FabricLoader/Mixin) fabric-lifecycle-events-v1.client.mixins.json:MinecraftClientMixin from mod fabric-lifecycle-events-v1->@Inject::onEndTick(Lorg/spongepowered/asm/mixin/injection/callback/CallbackInfo;)V has 0 override(s) in child classes
[17:19:25] [Render thread/DEBUG] (FabricLoader/Mixin) fabric-lifecycle-events-v1.client.mixins.json:MinecraftClientMixin from mod fabric-lifecycle-events-v1->@Inject::onEndTick(Lorg/spongepowered/asm/mixin/injection/callback/CallbackInfo;)V won't be passed a CallbackInfo as a result
[17:19:25] [Render thread/DEBUG] (FabricLoader/Mixin) fabric-lifecycle-events-v1.client.mixins.json:MinecraftClientMixin from mod fabric-lifecycle-events-v1->@Inject::onStopping(Lorg/spongepowered/asm/mixin/injection/callback/CallbackInfo;)V doesn't use it's CallbackInfo
[17:19:25] [Render thread/DEBUG] (FabricLoader/Mixin) fabric-lifecycle-events-v1.client.mixins.json:MinecraftClientMixin from mod fabric-lifecycle-events-v1->@Inject::onStopping(Lorg/spongepowered/asm/mixin/injection/callback/CallbackInfo;)V has 0 override(s) in child classes
[17:19:25] [Render thread/DEBUG] (FabricLoader/Mixin) fabric-lifecycle-events-v1.client.mixins.json:MinecraftClientMixin from mod fabric-lifecycle-events-v1->@Inject::onStopping(Lorg/spongepowered/asm/mixin/injection/callback/CallbackInfo;)V won't be passed a CallbackInfo as a result
[17:19:25] [Render thread/DEBUG] (FabricLoader/Mixin) fabric-lifecycle-events-v1.client.mixins.json:MinecraftClientMixin from mod fabric-lifecycle-events-v1->@Inject::onStart(Lorg/spongepowered/asm/mixin/injection/callback/CallbackInfo;)V doesn't use it's CallbackInfo
[17:19:25] [Render thread/DEBUG] (FabricLoader/Mixin) fabric-lifecycle-events-v1.client.mixins.json:MinecraftClientMixin from mod fabric-lifecycle-events-v1->@Inject::onStart(Lorg/spongepowered/asm/mixin/injection/callback/CallbackInfo;)V has 0 override(s) in child classes
[17:19:25] [Render thread/DEBUG] (FabricLoader/Mixin) fabric-lifecycle-events-v1.client.mixins.json:MinecraftClientMixin from mod fabric-lifecycle-events-v1->@Inject::onStart(Lorg/spongepowered/asm/mixin/injection/callback/CallbackInfo;)V won't be passed a CallbackInfo as a result
[17:19:25] [Render thread/DEBUG] (FabricLoader/Mixin) fabric-lifecycle-events-v1.client.mixins.json:MinecraftClientMixin from mod fabric-lifecycle-events-v1->@Inject::afterClientWorldChange(Lnet/minecraft/client/world/ClientWorld;Lorg/spongepowered/asm/mixin/injection/callback/CallbackInfo;)V doesn't use it's CallbackInfo
[17:19:25] [Render thread/DEBUG] (FabricLoader/Mixin) fabric-lifecycle-events-v1.client.mixins.json:MinecraftClientMixin from mod fabric-lifecycle-events-v1->@Inject::afterClientWorldChange(Lnet/minecraft/client/world/ClientWorld;Lorg/spongepowered/asm/mixin/injection/callback/CallbackInfo;)V has 0 override(s) in child classes
[17:19:25] [Render thread/DEBUG] (FabricLoader/Mixin) fabric-lifecycle-events-v1.client.mixins.json:MinecraftClientMixin from mod fabric-lifecycle-events-v1->@Inject::afterClientWorldChange(Lnet/minecraft/client/world/ClientWorld;Lorg/spongepowered/asm/mixin/injection/callback/CallbackInfo;)V won't be passed a CallbackInfo as a result
[17:19:25] [Render thread/DEBUG] (FabricLoader/Mixin) fabric-screen-api-v1.mixins.json:MinecraftClientMixin from mod fabric-screen-api-v1->@Inject::checkThreadOnDev(Lnet/minecraft/client/gui/screen/Screen;Lorg/spongepowered/asm/mixin/injection/callback/CallbackInfo;)V doesn't use it's CallbackInfo
[17:19:25] [Render thread/DEBUG] (FabricLoader/Mixin) fabric-screen-api-v1.mixins.json:MinecraftClientMixin from mod fabric-screen-api-v1->@Inject::checkThreadOnDev(Lnet/minecraft/client/gui/screen/Screen;Lorg/spongepowered/asm/mixin/injection/callback/CallbackInfo;)V has 0 override(s) in child classes
[17:19:25] [Render thread/DEBUG] (FabricLoader/Mixin) fabric-screen-api-v1.mixins.json:MinecraftClientMixin from mod fabric-screen-api-v1->@Inject::checkThreadOnDev(Lnet/minecraft/client/gui/screen/Screen;Lorg/spongepowered/asm/mixin/injection/callback/CallbackInfo;)V won't be passed a CallbackInfo as a result
[17:19:25] [Render thread/DEBUG] (FabricLoader/Mixin) fabric-screen-api-v1.mixins.json:MinecraftClientMixin from mod fabric-screen-api-v1->@Inject::onScreenRemove(Lnet/minecraft/client/gui/screen/Screen;Lorg/spongepowered/asm/mixin/injection/callback/CallbackInfo;)V doesn't use it's CallbackInfo
[17:19:25] [Render thread/DEBUG] (FabricLoader/Mixin) fabric-screen-api-v1.mixins.json:MinecraftClientMixin from mod fabric-screen-api-v1->@Inject::onScreenRemove(Lnet/minecraft/client/gui/screen/Screen;Lorg/spongepowered/asm/mixin/injection/callback/CallbackInfo;)V has 0 override(s) in child classes
[17:19:25] [Render thread/DEBUG] (FabricLoader/Mixin) fabric-screen-api-v1.mixins.json:MinecraftClientMixin from mod fabric-screen-api-v1->@Inject::onScreenRemove(Lnet/minecraft/client/gui/screen/Screen;Lorg/spongepowered/asm/mixin/injection/callback/CallbackInfo;)V won't be passed a CallbackInfo as a result
[17:19:25] [Render thread/DEBUG] (FabricLoader/Mixin) fabric-screen-api-v1.mixins.json:MinecraftClientMixin from mod fabric-screen-api-v1->@Inject::onScreenRemoveBecauseStopping(Lorg/spongepowered/asm/mixin/injection/callback/CallbackInfo;)V doesn't use it's CallbackInfo
[17:19:25] [Render thread/DEBUG] (FabricLoader/Mixin) fabric-screen-api-v1.mixins.json:MinecraftClientMixin from mod fabric-screen-api-v1->@Inject::onScreenRemoveBecauseStopping(Lorg/spongepowered/asm/mixin/injection/callback/CallbackInfo;)V has 0 override(s) in child classes
[17:19:25] [Render thread/DEBUG] (FabricLoader/Mixin) fabric-screen-api-v1.mixins.json:MinecraftClientMixin from mod fabric-screen-api-v1->@Inject::onScreenRemoveBecauseStopping(Lorg/spongepowered/asm/mixin/injection/callback/CallbackInfo;)V won't be passed a CallbackInfo as a result
[17:19:25] [Render thread/DEBUG] (FabricLoader/Mixin) fabric-screen-api-v1.mixins.json:MinecraftClientMixin from mod fabric-screen-api-v1->@Inject::beforeScreenTick(Lorg/spongepowered/asm/mixin/injection/callback/CallbackInfo;)V doesn't use it's CallbackInfo
[17:19:25] [Render thread/DEBUG] (FabricLoader/Mixin) fabric-screen-api-v1.mixins.json:MinecraftClientMixin from mod fabric-screen-api-v1->@Inject::beforeScreenTick(Lorg/spongepowered/asm/mixin/injection/callback/CallbackInfo;)V has 0 override(s) in child classes
[17:19:25] [Render thread/DEBUG] (FabricLoader/Mixin) fabric-screen-api-v1.mixins.json:MinecraftClientMixin from mod fabric-screen-api-v1->@Inject::beforeScreenTick(Lorg/spongepowered/asm/mixin/injection/callback/CallbackInfo;)V won't be passed a CallbackInfo as a result
[17:19:25] [Render thread/DEBUG] (FabricLoader/Mixin) fabric-screen-api-v1.mixins.json:MinecraftClientMixin from mod fabric-screen-api-v1->@Inject::afterScreenTick(Lorg/spongepowered/asm/mixin/injection/callback/CallbackInfo;)V doesn't use it's CallbackInfo
[17:19:25] [Render thread/DEBUG] (FabricLoader/Mixin) fabric-screen-api-v1.mixins.json:MinecraftClientMixin from mod fabric-screen-api-v1->@Inject::afterScreenTick(Lorg/spongepowered/asm/mixin/injection/callback/CallbackInfo;)V has 0 override(s) in child classes
[17:19:25] [Render thread/DEBUG] (FabricLoader/Mixin) fabric-screen-api-v1.mixins.json:MinecraftClientMixin from mod fabric-screen-api-v1->@Inject::afterScreenTick(Lorg/spongepowered/asm/mixin/injection/callback/CallbackInfo;)V won't be passed a CallbackInfo as a result
[17:19:25] [Render thread/DEBUG] (FabricLoader/Mixin) fabric-screen-api-v1.mixins.json:MinecraftClientMixin from mod fabric-screen-api-v1->@Inject::beforeLoadingScreenTick(Lorg/spongepowered/asm/mixin/injection/callback/CallbackInfo;)V doesn't use it's CallbackInfo
[17:19:25] [Render thread/DEBUG] (FabricLoader/Mixin) fabric-screen-api-v1.mixins.json:MinecraftClientMixin from mod fabric-screen-api-v1->@Inject::beforeLoadingScreenTick(Lorg/spongepowered/asm/mixin/injection/callback/CallbackInfo;)V has 0 override(s) in child classes
[17:19:25] [Render thread/DEBUG] (FabricLoader/Mixin) fabric-screen-api-v1.mixins.json:MinecraftClientMixin from mod fabric-screen-api-v1->@Inject::beforeLoadingScreenTick(Lorg/spongepowered/asm/mixin/injection/callback/CallbackInfo;)V won't be passed a CallbackInfo as a result
[17:19:25] [Render thread/DEBUG] (FabricLoader/Mixin) fabric-screen-api-v1.mixins.json:MinecraftClientMixin from mod fabric-screen-api-v1->@Inject::afterLoadingScreenTick(Lorg/spongepowered/asm/mixin/injection/callback/CallbackInfo;)V doesn't use it's CallbackInfo
[17:19:25] [Render thread/DEBUG] (FabricLoader/Mixin) fabric-screen-api-v1.mixins.json:MinecraftClientMixin from mod fabric-screen-api-v1->@Inject::afterLoadingScreenTick(Lorg/spongepowered/asm/mixin/injection/callback/CallbackInfo;)V has 0 override(s) in child classes
[17:19:25] [Render thread/DEBUG] (FabricLoader/Mixin) fabric-screen-api-v1.mixins.json:MinecraftClientMixin from mod fabric-screen-api-v1->@Inject::afterLoadingScreenTick(Lorg/spongepowered/asm/mixin/injection/callback/CallbackInfo;)V won't be passed a CallbackInfo as a result
[17:19:25] [Render thread/DEBUG] (FabricLoader/Mixin) Mixing MixinTitleScreen from mixins.modmenu.json into net.minecraft.client.gui.screen.TitleScreen
[17:19:25] [Render thread/DEBUG] (FabricLoader/Mixin) Mixing InventoryScreenMixin from fabric-rendering-v1.mixins.json into net.minecraft.client.gui.screen.ingame.InventoryScreen
[17:19:25] [Render thread/DEBUG] (FabricLoader/Mixin) Mixing HandledScreenMixin from fabric-screen-api-v1.mixins.json into net.minecraft.client.gui.screen.ingame.HandledScreen
[17:19:25] [Render thread/DEBUG] (FabricLoader/Mixin) fabric-screen-api-v1.mixins.json:HandledScreenMixin from mod fabric-screen-api-v1->@Inject::callSuperMouseReleased(DDILorg/spongepowered/asm/mixin/injection/callback/CallbackInfoReturnable;)V does use it's CallbackInfoReturnable
[17:19:25] [Render thread/DEBUG] (FabricLoader/Mixin) fabric-screen-api-v1.mixins.json:HandledScreenMixin from mod fabric-screen-api-v1->@Inject::callSuperMouseReleased(DDIDDLorg/spongepowered/asm/mixin/injection/callback/CallbackInfoReturnable;)V does use it's CallbackInfoReturnable
[17:19:25] [Render thread/DEBUG] (FabricLoader/Mixin) Mixing MixinGameMenu from mixins.modmenu.json into net.minecraft.client.gui.screen.GameMenuScreen
[17:19:25] [Render thread/DEBUG] (FabricLoader/Mixin) Renaming synthetic method lambda$onInitWidgets$2(Lnet/minecraft/client/gui/widget/ButtonWidget;)V to md9c000e$modmenu$lambda$onInitWidgets$2$0 in mixins.modmenu.json:MixinGameMenu from mod modmenu
[17:19:25] [Render thread/DEBUG] (FabricLoader/Mixin) Renaming synthetic method lambda$onInitWidgets$1(Lnet/minecraft/client/gui/widget/Widget;)V to md9c000e$modmenu$lambda$onInitWidgets$1$1 in mixins.modmenu.json:MixinGameMenu from mod modmenu
[17:19:25] [Render thread/DEBUG] (FabricLoader/Mixin) Renaming synthetic method lambda$onInitWidgets$0(Lnet/minecraft/client/gui/widget/Widget;)Z to md9c000e$modmenu$lambda$onInitWidgets$0$2 in mixins.modmenu.json:MixinGameMenu from mod modmenu
[17:19:25] [Render thread/DEBUG] (FabricLoader/Mixin) mixins.modmenu.json:MixinGameMenu from mod modmenu->@Inject::onInitWidgets(Lorg/spongepowered/asm/mixin/injection/callback/CallbackInfo;Lnet/minecraft/client/gui/widget/GridWidget;)V doesn't use it's CallbackInfo
[17:19:25] [Render thread/DEBUG] (FabricLoader/Mixin) mixins.modmenu.json:MixinGameMenu from mod modmenu->@Inject::onInitWidgets(Lorg/spongepowered/asm/mixin/injection/callback/CallbackInfo;Lnet/minecraft/client/gui/widget/GridWidget;)V has 0 override(s) in child classes
[17:19:25] [Render thread/DEBUG] (FabricLoader/Mixin) mixins.modmenu.json:MixinGameMenu from mod modmenu->@Inject::onInitWidgets(Lorg/spongepowered/asm/mixin/injection/callback/CallbackInfo;Lnet/minecraft/client/gui/widget/GridWidget;)V won't be passed a CallbackInfo as a result
[17:19:25] [Render thread/DEBUG] (FabricLoader/Mixin) Mixing VanillaResourcePackProviderMixin from fabric-resource-loader-v0.client.mixins.json into net.minecraft.resource.VanillaResourcePackProvider
[17:19:25] [Render thread/DEBUG] (FabricLoader/Mixin) fabric-resource-loader-v0.client.mixins.json:VanillaResourcePackProviderMixin from mod fabric-resource-loader-v0->@Inject::addBuiltinResourcePacks(Ljava/util/function/Consumer;Lorg/spongepowered/asm/mixin/injection/callback/CallbackInfo;)V doesn't use it's CallbackInfo
[17:19:25] [Render thread/DEBUG] (FabricLoader/Mixin) fabric-resource-loader-v0.client.mixins.json:VanillaResourcePackProviderMixin from mod fabric-resource-loader-v0->@Inject::addBuiltinResourcePacks(Ljava/util/function/Consumer;Lorg/spongepowered/asm/mixin/injection/callback/CallbackInfo;)V has 0 override(s) in child classes
[17:19:25] [Render thread/DEBUG] (FabricLoader/Mixin) fabric-resource-loader-v0.client.mixins.json:VanillaResourcePackProviderMixin from mod fabric-resource-loader-v0->@Inject::addBuiltinResourcePacks(Ljava/util/function/Consumer;Lorg/spongepowered/asm/mixin/injection/callback/CallbackInfo;)V won't be passed a CallbackInfo as a result
[17:19:25] [Render thread/DEBUG] (FabricLoader/Mixin) Mixing ResourcePackManagerMixin from fabric-resource-loader-v0.mixins.json into net.minecraft.resource.ResourcePackManager
[17:19:25] [Render thread/DEBUG] (FabricLoader/Mixin) Renaming synthetic method lambda$handleAutoDisable$0(Ljava/util/Set;Lnet/minecraft/resource/ResourcePackProfile;)Z to md9c000e$fabric-resource-loader-v0$lambda$handleAutoDisable$0$0 in fabric-resource-loader-v0.mixins.json:ResourcePackManagerMixin from mod fabric-resource-loader-v0
[17:19:25] [Render thread/DEBUG] (FabricLoader/Mixin) fabric-resource-loader-v0.mixins.json:ResourcePackManagerMixin from mod fabric-resource-loader-v0->@Inject::construct([Lnet/minecraft/resource/ResourcePackProvider;Lorg/spongepowered/asm/mixin/injection/callback/CallbackInfo;)V doesn't use it's CallbackInfo
[17:19:25] [Render thread/DEBUG] (FabricLoader/Mixin) fabric-resource-loader-v0.mixins.json:ResourcePackManagerMixin from mod fabric-resource-loader-v0->@Inject::construct([Lnet/minecraft/resource/ResourcePackProvider;Lorg/spongepowered/asm/mixin/injection/callback/CallbackInfo;)V has 0 override(s) in child classes
[17:19:25] [Render thread/DEBUG] (FabricLoader/Mixin) fabric-resource-loader-v0.mixins.json:ResourcePackManagerMixin from mod fabric-resource-loader-v0->@Inject::construct([Lnet/minecraft/resource/ResourcePackProvider;Lorg/spongepowered/asm/mixin/injection/callback/CallbackInfo;)V won't be passed a CallbackInfo as a result
[17:19:25] [Render thread/DEBUG] (FabricLoader/Mixin) fabric-resource-loader-v0.mixins.json:ResourcePackManagerMixin from mod fabric-resource-loader-v0->@Inject::handleAutoEnableDisable(Ljava/util/Collection;Lorg/spongepowered/asm/mixin/injection/callback/CallbackInfoReturnable;)V doesn't use it's CallbackInfoReturnable
[17:19:25] [Render thread/DEBUG] (FabricLoader/Mixin) fabric-resource-loader-v0.mixins.json:ResourcePackManagerMixin from mod fabric-resource-loader-v0->@Inject::handleAutoEnableDisable(Ljava/util/Collection;Lorg/spongepowered/asm/mixin/injection/callback/CallbackInfoReturnable;)V has 0 override(s) in child classes
[17:19:25] [Render thread/DEBUG] (FabricLoader/Mixin) fabric-resource-loader-v0.mixins.json:ResourcePackManagerMixin from mod fabric-resource-loader-v0->@Inject::handleAutoEnableDisable(Ljava/util/Collection;Lorg/spongepowered/asm/mixin/injection/callback/CallbackInfoReturnable;)V won't be passed a CallbackInfoReturnable as a result
[17:19:25] [Render thread/DEBUG] (FabricLoader/Mixin) fabric-resource-loader-v0.mixins.json:ResourcePackManagerMixin from mod fabric-resource-loader-v0->@Inject::handleAutoEnable(Ljava/lang/String;Lorg/spongepowered/asm/mixin/injection/callback/CallbackInfoReturnable;)V doesn't use it's CallbackInfoReturnable
[17:19:25] [Render thread/DEBUG] (FabricLoader/Mixin) fabric-resource-loader-v0.mixins.json:ResourcePackManagerMixin from mod fabric-resource-loader-v0->@Inject::handleAutoEnable(Ljava/lang/String;Lorg/spongepowered/asm/mixin/injection/callback/CallbackInfoReturnable;)V has 0 override(s) in child classes
[17:19:25] [Render thread/DEBUG] (FabricLoader/Mixin) fabric-resource-loader-v0.mixins.json:ResourcePackManagerMixin from mod fabric-resource-loader-v0->@Inject::handleAutoEnable(Ljava/lang/String;Lorg/spongepowered/asm/mixin/injection/callback/CallbackInfoReturnable;)V won't be passed a CallbackInfoReturnable as a result
[17:19:25] [Render thread/DEBUG] (FabricLoader/Mixin) fabric-resource-loader-v0.mixins.json:ResourcePackManagerMixin from mod fabric-resource-loader-v0->@Inject::handleAutoDisable(Ljava/lang/String;Lorg/spongepowered/asm/mixin/injection/callback/CallbackInfoReturnable;)V doesn't use it's CallbackInfoReturnable
[17:19:25] [Render thread/DEBUG] (FabricLoader/Mixin) fabric-resource-loader-v0.mixins.json:ResourcePackManagerMixin from mod fabric-resource-loader-v0->@Inject::handleAutoDisable(Ljava/lang/String;Lorg/spongepowered/asm/mixin/injection/callback/CallbackInfoReturnable;)V has 0 override(s) in child classes
[17:19:25] [Render thread/DEBUG] (FabricLoader/Mixin) fabric-resource-loader-v0.mixins.json:ResourcePackManagerMixin from mod fabric-resource-loader-v0->@Inject::handleAutoDisable(Ljava/lang/String;Lorg/spongepowered/asm/mixin/injection/callback/CallbackInfoReturnable;)V won't be passed a CallbackInfoReturnable as a result
[17:19:25] [Render thread/INFO] (com.mojang.authlib.yggdrasil.YggdrasilAuthenticationService) Environment: Environment[sessionHost=https://sessionserver.mojang.com, servicesHost=https://api.minecraftservices.com, name=PROD]
[17:19:25] [Yggdrasil Key Fetcher/DEBUG] (com.mojang.authlib.minecraft.client.MinecraftClient) Connecting to https://api.minecraftservices.com/publickeys
[17:19:25] [Render thread/INFO] (net.minecraft.client.MinecraftClient) Setting user: Player592
[17:19:25] [Download-1/DEBUG] (com.mojang.authlib.minecraft.client.MinecraftClient) Connecting to https://sessionserver.mojang.com/session/minecraft/profile/c1b94a4298fc3354947f44f786fd56fa?unsigned=false
[17:19:25] [Render thread/DEBUG] (FabricLoader/Entrypoint) Iterating over entrypoint 'main'
[17:19:25] [Render thread/DEBUG] (FabricLoader/Mixin) Mixing ResourceFinderAccessor from fabric-resource-conditions-api-v1.mixins.json into net.minecraft.resource.ResourceFinder
[17:19:25] [Render thread/DEBUG] (FabricLoader/Mixin) Mixing ResourceFinderAccessor from fabric-loot-api-v3.mixins.json into net.minecraft.resource.ResourceFinder
[17:19:25] [Render thread/DEBUG] (FabricLoader/Mixin) Unexpected: Registered method getDirectoryName()Ljava/lang/String; in net.minecraft.resource.ResourceFinder was not merged
[17:19:25] [Render thread/DEBUG] (FabricLoader/Mixin) Mixing ServerConfigurationNetworkHandlerMixin from fabric-networking-api-v1.mixins.json into net.minecraft.server.network.ServerConfigurationNetworkHandler
[17:19:25] [Render thread/DEBUG] (FabricLoader/Mixin) Renaming synthetic method lambda$bindChannelInfo$0(Lnet/minecraft/network/RegistryByteBuf;)Lnet/minecraft/network/RegistryByteBuf; to md9c000e$fabric-networking-api-v1$lambda$bindChannelInfo$0$0 in fabric-networking-api-v1.mixins.json:ServerConfigurationNetworkHandlerMixin from mod fabric-networking-api-v1
[17:19:25] [Render thread/DEBUG] (FabricLoader/Mixin) Mixing ServerConfigurationNetworkHandlerMixin from fabric-resource-loader-v0.mixins.json into net.minecraft.server.network.ServerConfigurationNetworkHandler
[17:19:25] [Render thread/DEBUG] (FabricLoader/Mixin) fabric-networking-api-v1.mixins.json:ServerConfigurationNetworkHandlerMixin from mod fabric-networking-api-v1->@Inject::initAddon(Lorg/spongepowered/asm/mixin/injection/callback/CallbackInfo;)V doesn't use it's CallbackInfo
[17:19:25] [Render thread/DEBUG] (FabricLoader/Mixin) fabric-networking-api-v1.mixins.json:ServerConfigurationNetworkHandlerMixin from mod fabric-networking-api-v1->@Inject::initAddon(Lorg/spongepowered/asm/mixin/injection/callback/CallbackInfo;)V has 0 override(s) in child classes
[17:19:25] [Render thread/DEBUG] (FabricLoader/Mixin) fabric-networking-api-v1.mixins.json:ServerConfigurationNetworkHandlerMixin from mod fabric-networking-api-v1->@Inject::initAddon(Lorg/spongepowered/asm/mixin/injection/callback/CallbackInfo;)V won't be passed a CallbackInfo as a result
[17:19:25] [Render thread/DEBUG] (FabricLoader/Mixin) fabric-networking-api-v1.mixins.json:ServerConfigurationNetworkHandlerMixin from mod fabric-networking-api-v1->@Inject::onClientReady(Lorg/spongepowered/asm/mixin/injection/callback/CallbackInfo;)V does use it's CallbackInfo
[17:19:25] [Render thread/DEBUG] (FabricLoader/Mixin) Mixing ServerCommonNetworkHandlerMixin from fabric-networking-api-v1.mixins.json into net.minecraft.server.network.ServerCommonNetworkHandler
[17:19:25] [Render thread/DEBUG] (FabricLoader/Mixin) Mixing accessor.ServerCommonNetworkHandlerAccessor from fabric-networking-api-v1.mixins.json into net.minecraft.server.network.ServerCommonNetworkHandler
[17:19:25] [Render thread/DEBUG] (FabricLoader/Mixin) fabric-networking-api-v1.mixins.json:ServerCommonNetworkHandlerMixin from mod fabric-networking-api-v1->@Inject::handleCustomPayloadReceivedAsync(Lnet/minecraft/network/packet/c2s/common/CustomPayloadC2SPacket;Lorg/spongepowered/asm/mixin/injection/callback/CallbackInfo;)V does use it's CallbackInfo
[17:19:25] [Render thread/DEBUG] (FabricLoader/Mixin) fabric-networking-api-v1.mixins.json:ServerCommonNetworkHandlerMixin from mod fabric-networking-api-v1->@Inject::onPlayPong(Lnet/minecraft/network/packet/c2s/common/CommonPongC2SPacket;Lorg/spongepowered/asm/mixin/injection/callback/CallbackInfo;)V doesn't use it's CallbackInfo
[17:19:25] [Render thread/DEBUG] (FabricLoader/Mixin) fabric-networking-api-v1.mixins.json:ServerCommonNetworkHandlerMixin from mod fabric-networking-api-v1->@Inject::onPlayPong(Lnet/minecraft/network/packet/c2s/common/CommonPongC2SPacket;Lorg/spongepowered/asm/mixin/injection/callback/CallbackInfo;)V has 0 override(s) in child classes
[17:19:25] [Render thread/DEBUG] (FabricLoader/Mixin) fabric-networking-api-v1.mixins.json:ServerCommonNetworkHandlerMixin from mod fabric-networking-api-v1->@Inject::onPlayPong(Lnet/minecraft/network/packet/c2s/common/CommonPongC2SPacket;Lorg/spongepowered/asm/mixin/injection/callback/CallbackInfo;)V won't be passed a CallbackInfo as a result
[17:19:25] [Render thread/DEBUG] (FabricLoader/Mixin) Mixing CustomPayloadC2SPacketMixin from fabric-networking-api-v1.mixins.json into net.minecraft.network.packet.c2s.common.CustomPayloadC2SPacket
[17:19:25] [Render thread/DEBUG] (FabricLoader/Mixin) Renaming synthetic method lambda$wrapCodec$0(Lnet/minecraft/network/PacketByteBuf;Lnet/minecraft/util/Identifier;)Lnet/minecraft/network/packet/CustomPayload$Type; to md9c000e$fabric-networking-api-v1$lambda$wrapCodec$0$0 in fabric-networking-api-v1.mixins.json:CustomPayloadC2SPacketMixin from mod fabric-networking-api-v1
[17:19:25] [Render thread/DEBUG] (FabricLoader/Mixin) Mixing CustomPayloadC2SPacketAccessor from fabric-data-attachment-api-v1.mixins.json into net.minecraft.network.packet.c2s.common.CustomPayloadC2SPacket
[17:19:25] [Render thread/DEBUG] (FabricLoader/Mixin) Mixing CustomPayloadPacketCodecMixin from fabric-networking-api-v1.mixins.json into net.minecraft.network.packet.CustomPayload$1
[17:19:25] [Render thread/DEBUG] (FabricLoader/Mixin) Mixing ServerPlayNetworkHandlerMixin from fabric-networking-api-v1.mixins.json into net.minecraft.server.network.ServerPlayNetworkHandler
[17:19:25] [Render thread/DEBUG] (FabricLoader/Mixin) Mixing ServerPlayNetworkHandlerMixin from fabric-events-interaction-v0.mixins.json into net.minecraft.server.network.ServerPlayNetworkHandler
[17:19:25] [Render thread/DEBUG] (FabricLoader/Mixin) fabric-networking-api-v1.mixins.json:ServerPlayNetworkHandlerMixin from mod fabric-networking-api-v1->@Inject::initAddon(Lorg/spongepowered/asm/mixin/injection/callback/CallbackInfo;)V doesn't use it's CallbackInfo
[17:19:25] [Render thread/DEBUG] (FabricLoader/Mixin) fabric-networking-api-v1.mixins.json:ServerPlayNetworkHandlerMixin from mod fabric-networking-api-v1->@Inject::initAddon(Lorg/spongepowered/asm/mixin/injection/callback/CallbackInfo;)V has 0 override(s) in child classes
[17:19:25] [Render thread/DEBUG] (FabricLoader/Mixin) fabric-networking-api-v1.mixins.json:ServerPlayNetworkHandlerMixin from mod fabric-networking-api-v1->@Inject::initAddon(Lorg/spongepowered/asm/mixin/injection/callback/CallbackInfo;)V won't be passed a CallbackInfo as a result
[17:19:25] [Render thread/DEBUG] (FabricLoader/Mixin) fabric-networking-api-v1.mixins.json:ServerPlayNetworkHandlerMixin from mod fabric-networking-api-v1->@Inject::handleCustomPayloadReceivedAsync(Lnet/minecraft/network/packet/c2s/common/CustomPayloadC2SPacket;Lorg/spongepowered/asm/mixin/injection/callback/CallbackInfo;)V does use it's CallbackInfo
[17:19:25] [Render thread/DEBUG] (FabricLoader/Mixin) Mixing LootTableBuilderMixin from fabric-loot-api-v2.mixins.json into net.minecraft.loot.LootTable$Builder
[17:19:25] [Render thread/DEBUG] (FabricLoader/Mixin) Mixing LootTableBuilderMixin from fabric-loot-api-v3.mixins.json into net.minecraft.loot.LootTable$Builder
[17:19:25] [Render thread/DEBUG] (FabricLoader/Entrypoint) Iterating over entrypoint 'client'
[17:19:25] [Render thread/INFO] (Mod Menu/Update Checker) Checking mod updates...
[17:19:25] [Worker-Main-1/DEBUG] (Mod Menu/Update Checker) Hash for fabric-renderer-api-v1 is 933826cb37c296344b2a8142986b515967d79c681298ba068c146ab7cef963ff84e99d1468c001e5311e94b8882cb7f53f74baeb7e88ed014a45c036b108ff09
[17:19:25] [Worker-Main-1/DEBUG] (Mod Menu/Update Checker) Hash for fabric-transfer-api-v1 is 63f9d466efcfa67e84458662740272d140bada348dab1a5bafc0eb27536ccdf51337beb27c9c2cf524dd103bbf81705859c4903b5c7e08725c5e62b81d69095b
[17:19:25] [Worker-Main-1/DEBUG] (Mod Menu/Update Checker) Hash for fabric-dimensions-v1 is ed4a97772a9875d4dfcd5c8b03e853997e1c25e77cafd9a5ded917fb8175205840a3e82f000b2c7dad66112d3d1dc897d82fb4a3e5ae7688fa913844d9fe729b
[17:19:25] [Worker-Main-1/DEBUG] (Mod Menu/Update Checker) Hash for fabric-object-builder-api-v1 is c0ca07c9f3aecdfe8d48c25c56c27db02dd6246f75e1d0715d0ec8ddfc0b0900b36acd44aa2fe3ce09d5fa82c74c9181b5ec6aa6e67b1ee14b4729de614d74cd
[17:19:25] [Worker-Main-1/DEBUG] (Mod Menu/Update Checker) Hash for fabric-client-gametest-api-v1 is c01b5ff261be9bd5b51c866604146e9e36fe6d6bdcc7f2e7bda3c545b94dd6c8093e23501babad8f0aa78f0f31384067656785c23c15fd4ce2eb9c71d8858612
[17:19:25] [Worker-Main-1/DEBUG] (Mod Menu/Update Checker) Hash for fabric-game-rule-api-v1 is 91a8feaf1c7e933c4847c6756b559b12f86b8f2e2d0a8840e9e985a9c083d5bf9dc921ed793e5264d3d458bf4b50a24af630e8110c67e34b560193eaa5045bb1
[17:19:25] [Worker-Main-1/DEBUG] (Mod Menu/Update Checker) Hash for fabric-api-base is e2948640f328507fb63999624e91ad4bfd9fedefa8328be2efbec207247084aa5f873153fcd072f15af8033fc6ee90132b9b9502442e64dd0a9fea4212c6a526
[17:19:25] [Worker-Main-1/DEBUG] (Mod Menu/Update Checker) Hash for fabric-resource-conditions-api-v1 is aed5c561c57c357ec86cfc9558f940d1fd20906a81db229e6139cf61a016263ced280dbfd5cf9f6424b0e0dfc35ebba04393f66eb567cbb57dfdb550adcaf7ba
[17:19:25] [Worker-Main-1/DEBUG] (Mod Menu/Update Checker) Hash for fabric-sound-api-v1 is fe3ac23fd88a880657ca7ae27f4b084a4b417fea6db04f663606668e6b2ebdca216189bd11a18afd05f312bd5ca062355a9eee34b72255f1efa5d02efde5961a
[17:19:25] [Worker-Main-1/DEBUG] (Mod Menu/Update Checker) Hash for fabric-model-loading-api-v1 is ee8fa41e6a89fbb4ac40afad69949161f615e231d39986f828a80e444978f17d8f8c2935c2ce2b72f8659ed963acf8dc3cc4829b0f1588ee536cf3af743f46d2
[17:19:25] [Worker-Main-1/DEBUG] (Mod Menu/Update Checker) Hash for mixinextras is 424a8c33f37159d5987c6bba56ffb5704c70763a157cb2de7a6962c0021d8829cc3850ce474ceae86acf26921b2ec811a48577aed2f18c96902a30205103ae3c
[17:19:25] [Worker-Main-1/DEBUG] (Mod Menu/Update Checker) Hash for fabric-data-attachment-api-v1 is 622bedf833c191f1d8e2414f6d62689e4a49c427dfbcee0c14a99aa0c89a1cff2460939c9e579c0d836fc81167c811f09459b5c74a4b3e80bdb3667f74ba67f2
[17:19:25] [Worker-Main-1/DEBUG] (Mod Menu/Update Checker) Hash for fabric-rendering-fluids-v1 is beeb5d6263594917dcb181ffdd9f9baeeb3035ca2700615e5fe93b37dfa102cc41460db3d1517b46bc75c1a68221a8383efe5bf7093dff45f5d6baf64db8d52e
[17:19:25] [Worker-Main-1/DEBUG] (Mod Menu/Update Checker) Hash for fabric-lifecycle-events-v1 is 34b3c148d4eb1083003bd47c7bc779bcc0111a74be3ae161a4f014483258c6ac7de470a8e1b629f011502793af74d233ea7f102b2ef00ada0406724fad5f4ceb
[17:19:25] [Worker-Main-1/DEBUG] (Mod Menu/Update Checker) Hash for fabric-particles-v1 is 69012afe387c64830a16b4e9e4fc0e3f3cb3549b8fa83adac21eed8593ded280cef4532880a8ebf5af2a80b4a77a37e4bfc4b6cc2f330dc79978a8caa546ef8c
[17:19:25] [Worker-Main-1/DEBUG] (Mod Menu/Update Checker) Hash for fabric-data-generation-api-v1 is 4586b4a8b0f748369ee4166fb6535c4b4b285bca0540292cfae7d01ffe03f3b48de14e7e9f7ed842e99fe05500be9517476c59a792e9a6a13264f254f5ed8d83
[17:19:25] [Worker-Main-1/DEBUG] (Mod Menu/Update Checker) Hash for fabric-api-lookup-api-v1 is cb4f21ab23f6f2e8c23bd00ab00c43adea409d1f97145ab6df24446a599d0c3b75698037958d249115340743c0cda0046d13ca37331960648cc3af40e39d0dd9
[17:19:25] [Worker-Main-1/DEBUG] (Mod Menu/Update Checker) Hash for fabric-screen-handler-api-v1 is 171436f344ef6c7f35083c1dae18c79ec3f94206d95618e0001a5a319495a5b8b3102c375a135999718dd77142ea4dc783b826b477f5162d66b77dc6e5215186
[17:19:25] [Worker-Main-1/DEBUG] (Mod Menu/Update Checker) Hash for modmenu is e8c68eed90e1975fdb8f4def5dd9df90959270ac5a3a7704ef663493ad1ec70dfeef8b7c102d94d79602208ad6e266821c7fc7dae9806bf851cf1650192f35a9
[17:19:25] [Worker-Main-1/DEBUG] (Mod Menu/Update Checker) Hash for fabric-command-api-v2 is cbf64506ba34d7c0715fb3dcd312266d38c79e070395c91878fcb18baf37ad6af80937a9ea76d77b4e979ac61e0dccf6c06582f957b4fb8303b3ccca0c6b338b
[17:19:25] [Worker-Main-1/DEBUG] (Mod Menu/Update Checker) Hash for fabric-block-api-v1 is 25018b0f85a4e75a5e45d8384dbfec35835fd7e8c102bbe2b871ccda5ef2babc3b25ed4be9ab8f02ba416daa4bd354fd5f77d783a26939aac9c46cf9c0ee59b1
[17:19:25] [Worker-Main-1/DEBUG] (Mod Menu/Update Checker) Hash for fabric-tag-api-v1 is 23d2ce564d5d22aec7f32e5091d2b2807d6ba0a93c6de8dd27f629893ff34be6feca16cc64d4405bec2f39873f134003de92620400a41fc720585d02ff51756e
[17:19:25] [Worker-Main-1/DEBUG] (Mod Menu/Update Checker) Hash for fabric-screen-api-v1 is c0eef159ba13add4200b5adccf2c8648dd84c785d8968a9bb02c12c68b35f8b35a47986b4992d0814ef81ded79130f7792b0581583a7a69500c144fe982d3acc
[17:19:25] [Worker-Main-1/DEBUG] (Mod Menu/Update Checker) Hash for fabric-renderer-indigo is a947bb8531aacde5e2814cc36c26135a933c721b7581b56ef9b7f939236430108399d0d16a13758f43560c4a57d0bfe01de4f623414af5a09084e7e2c11ea278
[17:19:25] [Worker-Main-1/DEBUG] (Mod Menu/Update Checker) Hash for fabric-api is be40ff5ae0f3e534f0b88130b1108928aac2625391acb7aceec5083a89195229bd6a27adc493436556abb4c486e7cd0d4785dee6849b4c3aff652ef376a4bb5f
[17:19:25] [Worker-Main-1/DEBUG] (Mod Menu/Update Checker) Hash for fabric-convention-tags-v2 is 4d6a72342a69751f9728bddfde2f49c23ff6dba8fb88b951dead717268fba18ba6da4e9c53e7d1db2b44ec557d8aa246bec9da4ebb15abb1662602bce112ef29
[17:19:25] [Worker-Main-1/DEBUG] (Mod Menu/Update Checker) Hash for fabric-item-api-v1 is 45346288f16ad63e9f12386dc5988c6cae7266f5ab5b268d0bbbb3c967f9e4ebe41a76aec9b5b285e24c71b2808edb841ce5c7b5f5e3439d12148177274452b0
[17:19:25] [Worker-Main-1/DEBUG] (Mod Menu/Update Checker) Hash for fabric-events-interaction-v0 is 20da14f606ffe17cbdd317a4a255425b5b7dcc56eb0f64426b71254f7d8e6655e22460a9d2cc1e5b4eb9b30428046f49705bb3f4c1e8f4b2b0a53551dcad3825
[17:19:25] [Worker-Main-1/DEBUG] (Mod Menu/Update Checker) Hash for fabric-crash-report-info-v1 is 97c6b6d0f41983b4ce244fb5e94b030946e3ee336409a2193ef67eb41b977510399d21ec202f62f1a614b47e63e4a9955223ef944a662ce1d65a8a2f045fad19
[17:19:25] [Worker-Main-1/DEBUG] (Mod Menu/Update Checker) Hash for fabric-convention-tags-v1 is e370e44b957cfaaf0d354af525067b2b7707a4ef40c7442fdfb29e8c67124e1796ab6bef12e2b55540f47936fc68d95119bc0c1d9a969239c5afdb0e73d0ff1e
[17:19:25] [Worker-Main-1/DEBUG] (Mod Menu/Update Checker) Hash for fabric-item-group-api-v1 is 042f1808034665f912b5ffa7201aa7f09ddfed9c6ecc0f71c45ca6a2befd9d92424f1e5ce7fb89d6e0f93c26bd0d7a505aa5e11c43f44a90933e523d0bfaf1ac
[17:19:25] [Worker-Main-1/DEBUG] (Mod Menu/Update Checker) Hash for fabric-recipe-api-v1 is 8e2775407aaf1ff382356f3ee1cd38a17b4c08acf4bbabd58049a674f4e4a98716af3f503ac199a96ccd20b6da3e475c9c8a78b853d31dd4450f07cdcf1f4d62
[17:19:25] [Worker-Main-1/DEBUG] (Mod Menu/Update Checker) Hash for fabric-entity-events-v1 is 566a1f63b4a4d4f17e4dd5ddf092ce05e51b69b48629a2de59c241f0e3e5110de7cbcfbd2a1cd58a1566d9aa592f7b0d4ecf38b8aa6bbec0bad89a04bb25d641
[17:19:25] [Worker-Main-1/DEBUG] (Mod Menu/Update Checker) Hash for fabric-rendering-v1 is 479151907f54b6d21c03030159c1dadd905cc3d8496bcd02a170fdac45a3a108abbe43d08880400e1ab335440dd58fce2202f23a1e609dedc12ec149243354cf
[17:19:25] [Worker-Main-1/DEBUG] (Mod Menu/Update Checker) Hash for fabric-key-binding-api-v1 is be74b670bda0016f1822d7a2ef980415f784a1551de6ddafecff61ba456711e9d43dced70718aac334400d54c52d801d02cba39205d679a9982bfa82dd01742a
[17:19:25] [Worker-Main-1/DEBUG] (Mod Menu/Update Checker) Hash for fabric-resource-loader-v0 is 02186e4510da148f3f9da8ba534dc3d401e582334d4d5f862701b62621f69177ae7ac5321ea226f37dd36d6c74e8c5fb803328b0fa5f9a83d688413b3cf4ce2f
[17:19:25] [Worker-Main-1/DEBUG] (Mod Menu/Update Checker) Hash for fabric-content-registries-v0 is 165918d9bc16ab3bf0a0ef01ab1f2b6d47ca5a48782f4c89f92af0fcd20bd79303cd8d2b1d4cb7c0220b454eccaf1300b289ee1e260a2e6b8a4402c67f57fb7f
[17:19:25] [Worker-Main-1/DEBUG] (Mod Menu/Update Checker) Hash for fabric-block-view-api-v2 is 2de408911a61dde6834a0970a66d7e7098d994dd0bab0b6a5af1bd0d058c0eabd6d1bd5c9f5caf0f8c732123c85d744ad7cab1ac37c44f98e9fbd8508e71a6bc
[17:19:25] [Worker-Main-1/DEBUG] (Mod Menu/Update Checker) Hash for fabric-biome-api-v1 is 5aa1509d534127859c9df3ceb8bdb73ac67bb41e6078263f26727290be5eaaedb1c92488942bff31b02d116e1b3475516c50159b64477cab2165e6257bb37a67
[17:19:25] [Worker-Main-1/DEBUG] (Mod Menu/Update Checker) Hash for fabric-gametest-api-v1 is 60bc9eb73bcbcbf8d04f6d5c1502a3f103f498fd588cbc20848716a2875e6e518a190f6c208f1152f1e7d7c9803c09f4cead1788fae647e3b78a2014a19e6370
[17:19:25] [Worker-Main-1/DEBUG] (Mod Menu/Update Checker) Hash for fabric-loot-api-v3 is 68b946a5ff1d8701f24f498cd32036e8fb47df19a80b71eb4a7d945eaa527e555c0385012064be6e841f497c311a15d97bbfd4b99c7f2b2d8a322d9c5586960c
[17:19:25] [Worker-Main-1/DEBUG] (Mod Menu/Update Checker) Hash for fabric-loot-api-v2 is ba7c906d9d730c1b3857993db9c7c76dfd8c12ed2d6b005e6e959f6bd2e459ab1611fc3b971d528753ecb1cf391da6e303ade3999bbf81a38c8b90286f4333b3
[17:19:25] [Worker-Main-1/DEBUG] (Mod Menu/Update Checker) Hash for fabric-message-api-v1 is b1000d6f5d5444d15bccc9a5fe24bb7b164dffbecd1019b62c4b4f2110a6af14c9deabcf93ded5258bbda4b3fc7dba2ca8a9c74a53e8858e4cd897529dc70a9f
[17:19:25] [Worker-Main-1/DEBUG] (Mod Menu/Update Checker) Hash for fabric-registry-sync-v0 is 7377b2939cba49d3e83e0d9efccff036c2eb96231685606eb038fac629a7b73863900b567955b12c9cc169b283a4c865aeb71575bde8791aecbc3f6e010f4516
[17:19:25] [Worker-Main-1/DEBUG] (Mod Menu/Update Checker) Hash for fabric-transitive-access-wideners-v1 is a7b58a67acfa559e7a4ab62f1cf05a39502d0d21f389e0ec3869a9736666a7095c9ef42ecfa04be98ce9f54a363183d75565c0e4583716a2fb52bdb20660b983
[17:19:25] [Worker-Main-1/DEBUG] (Mod Menu/Update Checker) Hash for fabric-networking-api-v1 is b4867e78e74d077b6702528b38fe016d1ce9cd1d63d80128b5e8f035b42a3c1447ed683c1f63642cad7c364ec6f3a6d23a5e134f8768eee1cf06dfe78d93e721
[17:19:25] [ModMenu/Update Checker/2/DEBUG] (Mod Menu/Update Checker) Body: {
  "hashes": [
    "20da14f606ffe17cbdd317a4a255425b5b7dcc56eb0f64426b71254f7d8e6655e22460a9d2cc1e5b4eb9b30428046f49705bb3f4c1e8f4b2b0a53551dcad3825",
    "8e2775407aaf1ff382356f3ee1cd38a17b4c08acf4bbabd58049a674f4e4a98716af3f503ac199a96ccd20b6da3e475c9c8a78b853d31dd4450f07cdcf1f4d62",
    "4d6a72342a69751f9728bddfde2f49c23ff6dba8fb88b951dead717268fba18ba6da4e9c53e7d1db2b44ec557d8aa246bec9da4ebb15abb1662602bce112ef29",
    "02186e4510da148f3f9da8ba534dc3d401e582334d4d5f862701b62621f69177ae7ac5321ea226f37dd36d6c74e8c5fb803328b0fa5f9a83d688413b3cf4ce2f",
    "25018b0f85a4e75a5e45d8384dbfec35835fd7e8c102bbe2b871ccda5ef2babc3b25ed4be9ab8f02ba416daa4bd354fd5f77d783a26939aac9c46cf9c0ee59b1",
    "566a1f63b4a4d4f17e4dd5ddf092ce05e51b69b48629a2de59c241f0e3e5110de7cbcfbd2a1cd58a1566d9aa592f7b0d4ecf38b8aa6bbec0bad89a04bb25d641",
    "69012afe387c64830a16b4e9e4fc0e3f3cb3549b8fa83adac21eed8593ded280cef4532880a8ebf5af2a80b4a77a37e4bfc4b6cc2f330dc79978a8caa546ef8c",
    "c0eef159ba13add4200b5adccf2c8648dd84c785d8968a9bb02c12c68b35f8b35a47986b4992d0814ef81ded79130f7792b0581583a7a69500c144fe982d3acc",
    "23d2ce564d5d22aec7f32e5091d2b2807d6ba0a93c6de8dd27f629893ff34be6feca16cc64d4405bec2f39873f134003de92620400a41fc720585d02ff51756e",
    "042f1808034665f912b5ffa7201aa7f09ddfed9c6ecc0f71c45ca6a2befd9d92424f1e5ce7fb89d6e0f93c26bd0d7a505aa5e11c43f44a90933e523d0bfaf1ac",
    "63f9d466efcfa67e84458662740272d140bada348dab1a5bafc0eb27536ccdf51337beb27c9c2cf524dd103bbf81705859c4903b5c7e08725c5e62b81d69095b",
    "45346288f16ad63e9f12386dc5988c6cae7266f5ab5b268d0bbbb3c967f9e4ebe41a76aec9b5b285e24c71b2808edb841ce5c7b5f5e3439d12148177274452b0",
    "34b3c148d4eb1083003bd47c7bc779bcc0111a74be3ae161a4f014483258c6ac7de470a8e1b629f011502793af74d233ea7f102b2ef00ada0406724fad5f4ceb",
    "424a8c33f37159d5987c6bba56ffb5704c70763a157cb2de7a6962c0021d8829cc3850ce474ceae86acf26921b2ec811a48577aed2f18c96902a30205103ae3c",
    "68b946a5ff1d8701f24f498cd32036e8fb47df19a80b71eb4a7d945eaa527e555c0385012064be6e841f497c311a15d97bbfd4b99c7f2b2d8a322d9c5586960c",
    "2de408911a61dde6834a0970a66d7e7098d994dd0bab0b6a5af1bd0d058c0eabd6d1bd5c9f5caf0f8c732123c85d744ad7cab1ac37c44f98e9fbd8508e71a6bc",
    "e2948640f328507fb63999624e91ad4bfd9fedefa8328be2efbec207247084aa5f873153fcd072f15af8033fc6ee90132b9b9502442e64dd0a9fea4212c6a526",
    "e370e44b957cfaaf0d354af525067b2b7707a4ef40c7442fdfb29e8c67124e1796ab6bef12e2b55540f47936fc68d95119bc0c1d9a969239c5afdb0e73d0ff1e",
    "479151907f54b6d21c03030159c1dadd905cc3d8496bcd02a170fdac45a3a108abbe43d08880400e1ab335440dd58fce2202f23a1e609dedc12ec149243354cf",
    "e8c68eed90e1975fdb8f4def5dd9df90959270ac5a3a7704ef663493ad1ec70dfeef8b7c102d94d79602208ad6e266821c7fc7dae9806bf851cf1650192f35a9",
    "cbf64506ba34d7c0715fb3dcd312266d38c79e070395c91878fcb18baf37ad6af80937a9ea76d77b4e979ac61e0dccf6c06582f957b4fb8303b3ccca0c6b338b",
    "cb4f21ab23f6f2e8c23bd00ab00c43adea409d1f97145ab6df24446a599d0c3b75698037958d249115340743c0cda0046d13ca37331960648cc3af40e39d0dd9",
    "b4867e78e74d077b6702528b38fe016d1ce9cd1d63d80128b5e8f035b42a3c1447ed683c1f63642cad7c364ec6f3a6d23a5e134f8768eee1cf06dfe78d93e721",
    "beeb5d6263594917dcb181ffdd9f9baeeb3035ca2700615e5fe93b37dfa102cc41460db3d1517b46bc75c1a68221a8383efe5bf7093dff45f5d6baf64db8d52e",
    "91a8feaf1c7e933c4847c6756b559b12f86b8f2e2d0a8840e9e985a9c083d5bf9dc921ed793e5264d3d458bf4b50a24af630e8110c67e34b560193eaa5045bb1",
    "ed4a97772a9875d4dfcd5c8b03e853997e1c25e77cafd9a5ded917fb8175205840a3e82f000b2c7dad66112d3d1dc897d82fb4a3e5ae7688fa913844d9fe729b",
    "5aa1509d534127859c9df3ceb8bdb73ac67bb41e6078263f26727290be5eaaedb1c92488942bff31b02d116e1b3475516c50159b64477cab2165e6257bb37a67",
    "171436f344ef6c7f35083c1dae18c79ec3f94206d95618e0001a5a319495a5b8b3102c375a135999718dd77142ea4dc783b826b477f5162d66b77dc6e5215186",
    "c0ca07c9f3aecdfe8d48c25c56c27db02dd6246f75e1d0715d0ec8ddfc0b0900b36acd44aa2fe3ce09d5fa82c74c9181b5ec6aa6e67b1ee14b4729de614d74cd",
    "a947bb8531aacde5e2814cc36c26135a933c721b7581b56ef9b7f939236430108399d0d16a13758f43560c4a57d0bfe01de4f623414af5a09084e7e2c11ea278",
    "933826cb37c296344b2a8142986b515967d79c681298ba068c146ab7cef963ff84e99d1468c001e5311e94b8882cb7f53f74baeb7e88ed014a45c036b108ff09",
    "fe3ac23fd88a880657ca7ae27f4b084a4b417fea6db04f663606668e6b2ebdca216189bd11a18afd05f312bd5ca062355a9eee34b72255f1efa5d02efde5961a",
    "4586b4a8b0f748369ee4166fb6535c4b4b285bca0540292cfae7d01ffe03f3b48de14e7e9f7ed842e99fe05500be9517476c59a792e9a6a13264f254f5ed8d83",
    "97c6b6d0f41983b4ce244fb5e94b030946e3ee336409a2193ef67eb41b977510399d21ec202f62f1a614b47e63e4a9955223ef944a662ce1d65a8a2f045fad19",
    "be74b670bda0016f1822d7a2ef980415f784a1551de6ddafecff61ba456711e9d43dced70718aac334400d54c52d801d02cba39205d679a9982bfa82dd01742a",
    "be40ff5ae0f3e534f0b88130b1108928aac2625391acb7aceec5083a89195229bd6a27adc493436556abb4c486e7cd0d4785dee6849b4c3aff652ef376a4bb5f",
    "c01b5ff261be9bd5b51c866604146e9e36fe6d6bdcc7f2e7bda3c545b94dd6c8093e23501babad8f0aa78f0f31384067656785c23c15fd4ce2eb9c71d8858612",
    "aed5c561c57c357ec86cfc9558f940d1fd20906a81db229e6139cf61a016263ced280dbfd5cf9f6424b0e0dfc35ebba04393f66eb567cbb57dfdb550adcaf7ba",
    "622bedf833c191f1d8e2414f6d62689e4a49c427dfbcee0c14a99aa0c89a1cff2460939c9e579c0d836fc81167c811f09459b5c74a4b3e80bdb3667f74ba67f2",
    "60bc9eb73bcbcbf8d04f6d5c1502a3f103f498fd588cbc20848716a2875e6e518a190f6c208f1152f1e7d7c9803c09f4cead1788fae647e3b78a2014a19e6370",
    "165918d9bc16ab3bf0a0ef01ab1f2b6d47ca5a48782f4c89f92af0fcd20bd79303cd8d2b1d4cb7c0220b454eccaf1300b289ee1e260a2e6b8a4402c67f57fb7f",
    "b1000d6f5d5444d15bccc9a5fe24bb7b164dffbecd1019b62c4b4f2110a6af14c9deabcf93ded5258bbda4b3fc7dba2ca8a9c74a53e8858e4cd897529dc70a9f",
    "7377b2939cba49d3e83e0d9efccff036c2eb96231685606eb038fac629a7b73863900b567955b12c9cc169b283a4c865aeb71575bde8791aecbc3f6e010f4516",
    "a7b58a67acfa559e7a4ab62f1cf05a39502d0d21f389e0ec3869a9736666a7095c9ef42ecfa04be98ce9f54a363183d75565c0e4583716a2fb52bdb20660b983",
    "ee8fa41e6a89fbb4ac40afad69949161f615e231d39986f828a80e444978f17d8f8c2935c2ce2b72f8659ed963acf8dc3cc4829b0f1588ee536cf3af743f46d2",
    "ba7c906d9d730c1b3857993db9c7c76dfd8c12ed2d6b005e6e959f6bd2e459ab1611fc3b971d528753ecb1cf391da6e303ade3999bbf81a38c8b90286f4333b3"
  ],
  "algorithm": "sha512",
  "loaders": [
    "fabric"
  ],
  "game_versions": [
    "1.21.8"
  ],
  "version_types": [
    "release"
  ]
}
[17:19:25] [Render thread/DEBUG] (FabricLoader/Mixin) Mixing ClientPlayNetworkHandlerMixin from fabric-message-api-v1.client.mixins.json into net.minecraft.client.network.ClientPlayNetworkHandler
[17:19:25] [Render thread/DEBUG] (FabricLoader/Mixin) Mixing ClientPlayNetworkHandlerMixin from fabric-networking-api-v1.client.mixins.json into net.minecraft.client.network.ClientPlayNetworkHandler
[17:19:25] [Render thread/DEBUG] (FabricLoader/Mixin) Mixing ClientPlayNetworkHandlerMixin from fabric-data-attachment-api-v1.client.mixins.json into net.minecraft.client.network.ClientPlayNetworkHandler
[17:19:25] [Render thread/DEBUG] (FabricLoader/Mixin) Mixing ClientPlayNetworkHandlerMixin from fabric-lifecycle-events-v1.client.mixins.json into net.minecraft.client.network.ClientPlayNetworkHandler
[17:19:25] [Render thread/DEBUG] (FabricLoader/Mixin) Mixing ClientPlayNetworkHandlerMixin from fabric-command-api-v2.client.mixins.json into net.minecraft.client.network.ClientPlayNetworkHandler
[17:19:25] [Render thread/DEBUG] (FabricLoader/Mixin) fabric-message-api-v1.client.mixins.json:ClientPlayNetworkHandlerMixin from mod fabric-message-api-v1->@Inject::fabric_allowSendChatMessage(Ljava/lang/String;Lorg/spongepowered/asm/mixin/injection/callback/CallbackInfo;)V does use it's CallbackInfo
[17:19:25] [Render thread/DEBUG] (FabricLoader/Mixin) fabric-message-api-v1.client.mixins.json:ClientPlayNetworkHandlerMixin from mod fabric-message-api-v1->@Inject::fabric_allowSendCommandMessage(Ljava/lang/String;Lorg/spongepowered/asm/mixin/injection/callback/CallbackInfo;)V does use it's CallbackInfo
[17:19:25] [Render thread/DEBUG] (FabricLoader/Mixin) fabric-networking-api-v1.client.mixins.json:ClientPlayNetworkHandlerMixin from mod fabric-networking-api-v1->@Inject::initAddon(Lorg/spongepowered/asm/mixin/injection/callback/CallbackInfo;)V doesn't use it's CallbackInfo
[17:19:25] [Render thread/DEBUG] (FabricLoader/Mixin) fabric-networking-api-v1.client.mixins.json:ClientPlayNetworkHandlerMixin from mod fabric-networking-api-v1->@Inject::initAddon(Lorg/spongepowered/asm/mixin/injection/callback/CallbackInfo;)V has 0 override(s) in child classes
[17:19:25] [Render thread/DEBUG] (FabricLoader/Mixin) fabric-networking-api-v1.client.mixins.json:ClientPlayNetworkHandlerMixin from mod fabric-networking-api-v1->@Inject::initAddon(Lorg/spongepowered/asm/mixin/injection/callback/CallbackInfo;)V won't be passed a CallbackInfo as a result
[17:19:25] [Render thread/DEBUG] (FabricLoader/Mixin) fabric-networking-api-v1.client.mixins.json:ClientPlayNetworkHandlerMixin from mod fabric-networking-api-v1->@Inject::handleServerPlayReady(Lnet/minecraft/network/packet/s2c/play/GameJoinS2CPacket;Lorg/spongepowered/asm/mixin/injection/callback/CallbackInfo;)V doesn't use it's CallbackInfo
[17:19:25] [Render thread/DEBUG] (FabricLoader/Mixin) fabric-networking-api-v1.client.mixins.json:ClientPlayNetworkHandlerMixin from mod fabric-networking-api-v1->@Inject::handleServerPlayReady(Lnet/minecraft/network/packet/s2c/play/GameJoinS2CPacket;Lorg/spongepowered/asm/mixin/injection/callback/CallbackInfo;)V has 0 override(s) in child classes
[17:19:25] [Render thread/DEBUG] (FabricLoader/Mixin) fabric-networking-api-v1.client.mixins.json:ClientPlayNetworkHandlerMixin from mod fabric-networking-api-v1->@Inject::handleServerPlayReady(Lnet/minecraft/network/packet/s2c/play/GameJoinS2CPacket;Lorg/spongepowered/asm/mixin/injection/callback/CallbackInfo;)V won't be passed a CallbackInfo as a result
[17:19:25] [Render thread/DEBUG] (FabricLoader/Mixin) fabric-lifecycle-events-v1.client.mixins.json:ClientPlayNetworkHandlerMixin from mod fabric-lifecycle-events-v1->@Inject::onPlayerRespawn(Lnet/minecraft/network/packet/s2c/play/PlayerRespawnS2CPacket;Lorg/spongepowered/asm/mixin/injection/callback/CallbackInfo;)V doesn't use it's CallbackInfo
[17:19:25] [Render thread/DEBUG] (FabricLoader/Mixin) fabric-lifecycle-events-v1.client.mixins.json:ClientPlayNetworkHandlerMixin from mod fabric-lifecycle-events-v1->@Inject::onPlayerRespawn(Lnet/minecraft/network/packet/s2c/play/PlayerRespawnS2CPacket;Lorg/spongepowered/asm/mixin/injection/callback/CallbackInfo;)V has 0 override(s) in child classes
[17:19:25] [Render thread/DEBUG] (FabricLoader/Mixin) fabric-lifecycle-events-v1.client.mixins.json:ClientPlayNetworkHandlerMixin from mod fabric-lifecycle-events-v1->@Inject::onPlayerRespawn(Lnet/minecraft/network/packet/s2c/play/PlayerRespawnS2CPacket;Lorg/spongepowered/asm/mixin/injection/callback/CallbackInfo;)V won't be passed a CallbackInfo as a result
[17:19:25] [Render thread/DEBUG] (FabricLoader/Mixin) fabric-lifecycle-events-v1.client.mixins.json:ClientPlayNetworkHandlerMixin from mod fabric-lifecycle-events-v1->@Inject::onGameJoin(Lnet/minecraft/network/packet/s2c/play/GameJoinS2CPacket;Lorg/spongepowered/asm/mixin/injection/callback/CallbackInfo;)V doesn't use it's CallbackInfo
[17:19:25] [Render thread/DEBUG] (FabricLoader/Mixin) fabric-lifecycle-events-v1.client.mixins.json:ClientPlayNetworkHandlerMixin from mod fabric-lifecycle-events-v1->@Inject::onGameJoin(Lnet/minecraft/network/packet/s2c/play/GameJoinS2CPacket;Lorg/spongepowered/asm/mixin/injection/callback/CallbackInfo;)V has 0 override(s) in child classes
[17:19:25] [Render thread/DEBUG] (FabricLoader/Mixin) fabric-lifecycle-events-v1.client.mixins.json:ClientPlayNetworkHandlerMixin from mod fabric-lifecycle-events-v1->@Inject::onGameJoin(Lnet/minecraft/network/packet/s2c/play/GameJoinS2CPacket;Lorg/spongepowered/asm/mixin/injection/callback/CallbackInfo;)V won't be passed a CallbackInfo as a result
[17:19:25] [Render thread/DEBUG] (FabricLoader/Mixin) fabric-lifecycle-events-v1.client.mixins.json:ClientPlayNetworkHandlerMixin from mod fabric-lifecycle-events-v1->@Inject::onClearWorld(Lorg/spongepowered/asm/mixin/injection/callback/CallbackInfo;)V doesn't use it's CallbackInfo
[17:19:25] [Render thread/DEBUG] (FabricLoader/Mixin) fabric-lifecycle-events-v1.client.mixins.json:ClientPlayNetworkHandlerMixin from mod fabric-lifecycle-events-v1->@Inject::onClearWorld(Lorg/spongepowered/asm/mixin/injection/callback/CallbackInfo;)V has 0 override(s) in child classes
[17:19:25] [Render thread/DEBUG] (FabricLoader/Mixin) fabric-lifecycle-events-v1.client.mixins.json:ClientPlayNetworkHandlerMixin from mod fabric-lifecycle-events-v1->@Inject::onClearWorld(Lorg/spongepowered/asm/mixin/injection/callback/CallbackInfo;)V won't be passed a CallbackInfo as a result
[17:19:25] [Render thread/DEBUG] (FabricLoader/Mixin) fabric-lifecycle-events-v1.client.mixins.json:ClientPlayNetworkHandlerMixin from mod fabric-lifecycle-events-v1->@Inject::invokeTagsLoaded(Lnet/minecraft/network/packet/s2c/common/SynchronizeTagsS2CPacket;Lorg/spongepowered/asm/mixin/injection/callback/CallbackInfo;)V doesn't use it's CallbackInfo
[17:19:25] [Render thread/DEBUG] (FabricLoader/Mixin) fabric-lifecycle-events-v1.client.mixins.json:ClientPlayNetworkHandlerMixin from mod fabric-lifecycle-events-v1->@Inject::invokeTagsLoaded(Lnet/minecraft/network/packet/s2c/common/SynchronizeTagsS2CPacket;Lorg/spongepowered/asm/mixin/injection/callback/CallbackInfo;)V has 0 override(s) in child classes
[17:19:25] [Render thread/DEBUG] (FabricLoader/Mixin) fabric-lifecycle-events-v1.client.mixins.json:ClientPlayNetworkHandlerMixin from mod fabric-lifecycle-events-v1->@Inject::invokeTagsLoaded(Lnet/minecraft/network/packet/s2c/common/SynchronizeTagsS2CPacket;Lorg/spongepowered/asm/mixin/injection/callback/CallbackInfo;)V won't be passed a CallbackInfo as a result
[17:19:25] [Render thread/DEBUG] (FabricLoader/Mixin) fabric-command-api-v2.client.mixins.json:ClientPlayNetworkHandlerMixin from mod fabric-command-api-v2->@Inject::onGameJoin(Lnet/minecraft/network/packet/s2c/play/GameJoinS2CPacket;Lorg/spongepowered/asm/mixin/injection/callback/CallbackInfo;)V doesn't use it's CallbackInfo
[17:19:25] [Render thread/DEBUG] (FabricLoader/Mixin) fabric-command-api-v2.client.mixins.json:ClientPlayNetworkHandlerMixin from mod fabric-command-api-v2->@Inject::onGameJoin(Lnet/minecraft/network/packet/s2c/play/GameJoinS2CPacket;Lorg/spongepowered/asm/mixin/injection/callback/CallbackInfo;)V has 0 override(s) in child classes
[17:19:25] [Render thread/DEBUG] (FabricLoader/Mixin) fabric-command-api-v2.client.mixins.json:ClientPlayNetworkHandlerMixin from mod fabric-command-api-v2->@Inject::onGameJoin(Lnet/minecraft/network/packet/s2c/play/GameJoinS2CPacket;Lorg/spongepowered/asm/mixin/injection/callback/CallbackInfo;)V won't be passed a CallbackInfo as a result
[17:19:25] [Render thread/DEBUG] (FabricLoader/Mixin) fabric-command-api-v2.client.mixins.json:ClientPlayNetworkHandlerMixin from mod fabric-command-api-v2->@Inject::onOnCommandTree(Lnet/minecraft/network/packet/s2c/play/CommandTreeS2CPacket;Lorg/spongepowered/asm/mixin/injection/callback/CallbackInfo;)V doesn't use it's CallbackInfo
[17:19:25] [Render thread/DEBUG] (FabricLoader/Mixin) fabric-command-api-v2.client.mixins.json:ClientPlayNetworkHandlerMixin from mod fabric-command-api-v2->@Inject::onOnCommandTree(Lnet/minecraft/network/packet/s2c/play/CommandTreeS2CPacket;Lorg/spongepowered/asm/mixin/injection/callback/CallbackInfo;)V has 0 override(s) in child classes
[17:19:25] [Render thread/DEBUG] (FabricLoader/Mixin) fabric-command-api-v2.client.mixins.json:ClientPlayNetworkHandlerMixin from mod fabric-command-api-v2->@Inject::onOnCommandTree(Lnet/minecraft/network/packet/s2c/play/CommandTreeS2CPacket;Lorg/spongepowered/asm/mixin/injection/callback/CallbackInfo;)V won't be passed a CallbackInfo as a result
[17:19:25] [Render thread/DEBUG] (FabricLoader/Mixin) fabric-command-api-v2.client.mixins.json:ClientPlayNetworkHandlerMixin from mod fabric-command-api-v2->@Inject::onSendCommand(Ljava/lang/String;Lnet/minecraft/client/gui/screen/Screen;Lorg/spongepowered/asm/mixin/injection/callback/CallbackInfo;)V does use it's CallbackInfo
[17:19:25] [Render thread/DEBUG] (FabricLoader/Mixin) fabric-command-api-v2.client.mixins.json:ClientPlayNetworkHandlerMixin from mod fabric-command-api-v2->@Inject::onSendCommand(Ljava/lang/String;Lorg/spongepowered/asm/mixin/injection/callback/CallbackInfo;)V does use it's CallbackInfo
[17:19:25] [Render thread/DEBUG] (FabricLoader/Mixin) Mixing accessor.ClientCommonNetworkHandlerAccessor from fabric-networking-api-v1.client.mixins.json into net.minecraft.client.network.ClientCommonNetworkHandler
[17:19:25] [Render thread/DEBUG] (FabricLoader/Mixin) Mixing ClientCommonNetworkHandlerMixin from fabric-networking-api-v1.client.mixins.json into net.minecraft.client.network.ClientCommonNetworkHandler
[17:19:25] [Render thread/DEBUG] (FabricLoader/Mixin) fabric-networking-api-v1.client.mixins.json:ClientCommonNetworkHandlerMixin from mod fabric-networking-api-v1->@Inject::onCustomPayload(Lnet/minecraft/network/packet/s2c/common/CustomPayloadS2CPacket;Lorg/spongepowered/asm/mixin/injection/callback/CallbackInfo;)V does use it's CallbackInfo
[17:19:25] [Render thread/DEBUG] (FabricLoader/Mixin) Mixing ClientConfigurationNetworkHandlerMixin from fabric-networking-api-v1.client.mixins.json into net.minecraft.client.network.ClientConfigurationNetworkHandler
[17:19:25] [Render thread/DEBUG] (FabricLoader/Mixin) Mixing accessor.ClientConfigurationNetworkHandlerAccessor from fabric-networking-api-v1.client.mixins.json into net.minecraft.client.network.ClientConfigurationNetworkHandler
[17:19:25] [Render thread/DEBUG] (FabricLoader/Mixin) Mixing ClientConfigurationNetworkHandlerMixin from fabric-lifecycle-events-v1.client.mixins.json into net.minecraft.client.network.ClientConfigurationNetworkHandler
[17:19:25] [Render thread/DEBUG] (FabricLoader/Mixin) fabric-networking-api-v1.client.mixins.json:ClientConfigurationNetworkHandlerMixin from mod fabric-networking-api-v1->@Inject::initAddon(Lorg/spongepowered/asm/mixin/injection/callback/CallbackInfo;)V doesn't use it's CallbackInfo
[17:19:25] [Render thread/DEBUG] (FabricLoader/Mixin) fabric-networking-api-v1.client.mixins.json:ClientConfigurationNetworkHandlerMixin from mod fabric-networking-api-v1->@Inject::initAddon(Lorg/spongepowered/asm/mixin/injection/callback/CallbackInfo;)V has 0 override(s) in child classes
[17:19:25] [Render thread/DEBUG] (FabricLoader/Mixin) fabric-networking-api-v1.client.mixins.json:ClientConfigurationNetworkHandlerMixin from mod fabric-networking-api-v1->@Inject::initAddon(Lorg/spongepowered/asm/mixin/injection/callback/CallbackInfo;)V won't be passed a CallbackInfo as a result
[17:19:25] [Render thread/DEBUG] (FabricLoader/Mixin) fabric-networking-api-v1.client.mixins.json:ClientConfigurationNetworkHandlerMixin from mod fabric-networking-api-v1->@Inject::handleComplete(Lnet/minecraft/network/packet/s2c/config/ReadyS2CPacket;Lorg/spongepowered/asm/mixin/injection/callback/CallbackInfo;)V doesn't use it's CallbackInfo
[17:19:25] [Render thread/DEBUG] (FabricLoader/Mixin) fabric-networking-api-v1.client.mixins.json:ClientConfigurationNetworkHandlerMixin from mod fabric-networking-api-v1->@Inject::handleComplete(Lnet/minecraft/network/packet/s2c/config/ReadyS2CPacket;Lorg/spongepowered/asm/mixin/injection/callback/CallbackInfo;)V has 0 override(s) in child classes
[17:19:25] [Render thread/DEBUG] (FabricLoader/Mixin) fabric-networking-api-v1.client.mixins.json:ClientConfigurationNetworkHandlerMixin from mod fabric-networking-api-v1->@Inject::handleComplete(Lnet/minecraft/network/packet/s2c/config/ReadyS2CPacket;Lorg/spongepowered/asm/mixin/injection/callback/CallbackInfo;)V won't be passed a CallbackInfo as a result
[17:19:25] [Render thread/DEBUG] (FabricLoader/Mixin) fabric-lifecycle-events-v1.client.mixins.json:ClientConfigurationNetworkHandlerMixin from mod fabric-lifecycle-events-v1->@Inject::invokeTagsLoaded(Lnet/minecraft/resource/ResourceFactory;Lorg/spongepowered/asm/mixin/injection/callback/CallbackInfoReturnable;)V does use it's CallbackInfoReturnable
[17:19:25] [Render thread/DEBUG] (FabricLoader/Mixin) Mixing accessor.ClientLoginNetworkHandlerAccessor from fabric-networking-api-v1.client.mixins.json into net.minecraft.client.network.ClientLoginNetworkHandler
[17:19:25] [Render thread/DEBUG] (FabricLoader/Mixin) Mixing ClientLoginNetworkHandlerMixin from fabric-networking-api-v1.client.mixins.json into net.minecraft.client.network.ClientLoginNetworkHandler
[17:19:25] [Render thread/DEBUG] (FabricLoader/Mixin) fabric-networking-api-v1.client.mixins.json:ClientLoginNetworkHandlerMixin from mod fabric-networking-api-v1->@Inject::initAddon(Lorg/spongepowered/asm/mixin/injection/callback/CallbackInfo;)V doesn't use it's CallbackInfo
[17:19:25] [Render thread/DEBUG] (FabricLoader/Mixin) fabric-networking-api-v1.client.mixins.json:ClientLoginNetworkHandlerMixin from mod fabric-networking-api-v1->@Inject::initAddon(Lorg/spongepowered/asm/mixin/injection/callback/CallbackInfo;)V has 0 override(s) in child classes
[17:19:25] [Render thread/DEBUG] (FabricLoader/Mixin) fabric-networking-api-v1.client.mixins.json:ClientLoginNetworkHandlerMixin from mod fabric-networking-api-v1->@Inject::initAddon(Lorg/spongepowered/asm/mixin/injection/callback/CallbackInfo;)V won't be passed a CallbackInfo as a result
[17:19:25] [Render thread/DEBUG] (FabricLoader/Mixin) fabric-networking-api-v1.client.mixins.json:ClientLoginNetworkHandlerMixin from mod fabric-networking-api-v1->@Inject::handleQueryRequest(Lnet/minecraft/network/packet/s2c/login/LoginQueryRequestS2CPacket;Lorg/spongepowered/asm/mixin/injection/callback/CallbackInfo;)V does use it's CallbackInfo
[17:19:25] [Render thread/DEBUG] (FabricLoader/Mixin) Mixing ClientConnectionMixin from fabric-networking-api-v1.mixins.json into net.minecraft.network.ClientConnection
[17:19:25] [Render thread/DEBUG] (FabricLoader/Mixin) Renaming synthetic method lambda$fabric_getPendingChannelsNames$0(Lnet/minecraft/network/NetworkPhase;)Ljava/util/Collection; to md9c000e$fabric-networking-api-v1$lambda$fabric_getPendingChannelsNames$0$0 in fabric-networking-api-v1.mixins.json:ClientConnectionMixin from mod fabric-networking-api-v1
[17:19:25] [Render thread/DEBUG] (FabricLoader/Mixin) Mixing ClientConnectionMixin from fabric-data-attachment-api-v1.mixins.json into net.minecraft.network.ClientConnection
[17:19:25] [Render thread/DEBUG] (FabricLoader/Mixin) Mixing ingredient.ClientConnectionMixin from fabric-recipe-api-v1.mixins.json into net.minecraft.network.ClientConnection
[17:19:25] [Render thread/DEBUG] (FabricLoader/Mixin) fabric-networking-api-v1.mixins.json:ClientConnectionMixin from mod fabric-networking-api-v1->@Inject::initAddedFields(Lnet/minecraft/network/NetworkSide;Lorg/spongepowered/asm/mixin/injection/callback/CallbackInfo;)V doesn't use it's CallbackInfo
[17:19:25] [Render thread/DEBUG] (FabricLoader/Mixin) fabric-networking-api-v1.mixins.json:ClientConnectionMixin from mod fabric-networking-api-v1->@Inject::initAddedFields(Lnet/minecraft/network/NetworkSide;Lorg/spongepowered/asm/mixin/injection/callback/CallbackInfo;)V has 0 override(s) in child classes
[17:19:25] [Render thread/DEBUG] (FabricLoader/Mixin) fabric-networking-api-v1.mixins.json:ClientConnectionMixin from mod fabric-networking-api-v1->@Inject::initAddedFields(Lnet/minecraft/network/NetworkSide;Lorg/spongepowered/asm/mixin/injection/callback/CallbackInfo;)V won't be passed a CallbackInfo as a result
[17:19:25] [Render thread/DEBUG] (FabricLoader/Mixin) fabric-networking-api-v1.mixins.json:ClientConnectionMixin from mod fabric-networking-api-v1->@Inject::checkPacket(Lnet/minecraft/network/packet/Packet;Lio/netty/channel/ChannelFutureListener;ZLorg/spongepowered/asm/mixin/injection/callback/CallbackInfo;)V doesn't use it's CallbackInfo
[17:19:25] [Render thread/DEBUG] (FabricLoader/Mixin) fabric-networking-api-v1.mixins.json:ClientConnectionMixin from mod fabric-networking-api-v1->@Inject::checkPacket(Lnet/minecraft/network/packet/Packet;Lio/netty/channel/ChannelFutureListener;ZLorg/spongepowered/asm/mixin/injection/callback/CallbackInfo;)V has 0 override(s) in child classes
[17:19:25] [Render thread/DEBUG] (FabricLoader/Mixin) fabric-networking-api-v1.mixins.json:ClientConnectionMixin from mod fabric-networking-api-v1->@Inject::checkPacket(Lnet/minecraft/network/packet/Packet;Lio/netty/channel/ChannelFutureListener;ZLorg/spongepowered/asm/mixin/injection/callback/CallbackInfo;)V won't be passed a CallbackInfo as a result
[17:19:25] [Render thread/DEBUG] (FabricLoader/Mixin) fabric-networking-api-v1.mixins.json:ClientConnectionMixin from mod fabric-networking-api-v1->@Inject::checkPacket(Lnet/minecraft/network/packet/Packet;Lio/netty/channel/ChannelFutureListener;ZLorg/spongepowered/asm/mixin/injection/callback/CallbackInfo;)V doesn't use it's CallbackInfo
[17:19:25] [Render thread/DEBUG] (FabricLoader/Mixin) fabric-networking-api-v1.mixins.json:ClientConnectionMixin from mod fabric-networking-api-v1->@Inject::checkPacket(Lnet/minecraft/network/packet/Packet;Lio/netty/channel/ChannelFutureListener;ZLorg/spongepowered/asm/mixin/injection/callback/CallbackInfo;)V has 0 override(s) in child classes
[17:19:25] [Render thread/DEBUG] (FabricLoader/Mixin) fabric-networking-api-v1.mixins.json:ClientConnectionMixin from mod fabric-networking-api-v1->@Inject::checkPacket(Lnet/minecraft/network/packet/Packet;Lio/netty/channel/ChannelFutureListener;ZLorg/spongepowered/asm/mixin/injection/callback/CallbackInfo;)V won't be passed a CallbackInfo as a result
[17:19:25] [Render thread/DEBUG] (FabricLoader/Mixin) fabric-networking-api-v1.mixins.json:ClientConnectionMixin from mod fabric-networking-api-v1->@Inject::unwatchAddon(Lnet/minecraft/network/state/NetworkState;Lnet/minecraft/network/listener/PacketListener;Lorg/spongepowered/asm/mixin/injection/callback/CallbackInfo;)V doesn't use it's CallbackInfo
[17:19:25] [Render thread/DEBUG] (FabricLoader/Mixin) fabric-networking-api-v1.mixins.json:ClientConnectionMixin from mod fabric-networking-api-v1->@Inject::unwatchAddon(Lnet/minecraft/network/state/NetworkState;Lnet/minecraft/network/listener/PacketListener;Lorg/spongepowered/asm/mixin/injection/callback/CallbackInfo;)V has 0 override(s) in child classes
[17:19:25] [Render thread/DEBUG] (FabricLoader/Mixin) fabric-networking-api-v1.mixins.json:ClientConnectionMixin from mod fabric-networking-api-v1->@Inject::unwatchAddon(Lnet/minecraft/network/state/NetworkState;Lnet/minecraft/network/listener/PacketListener;Lorg/spongepowered/asm/mixin/injection/callback/CallbackInfo;)V won't be passed a CallbackInfo as a result
[17:19:25] [Render thread/DEBUG] (FabricLoader/Mixin) fabric-networking-api-v1.mixins.json:ClientConnectionMixin from mod fabric-networking-api-v1->@Inject::disconnectAddon(Lio/netty/channel/ChannelHandlerContext;Lorg/spongepowered/asm/mixin/injection/callback/CallbackInfo;)V doesn't use it's CallbackInfo
[17:19:25] [Render thread/DEBUG] (FabricLoader/Mixin) fabric-networking-api-v1.mixins.json:ClientConnectionMixin from mod fabric-networking-api-v1->@Inject::disconnectAddon(Lio/netty/channel/ChannelHandlerContext;Lorg/spongepowered/asm/mixin/injection/callback/CallbackInfo;)V has 0 override(s) in child classes
[17:19:25] [Render thread/DEBUG] (FabricLoader/Mixin) fabric-networking-api-v1.mixins.json:ClientConnectionMixin from mod fabric-networking-api-v1->@Inject::disconnectAddon(Lio/netty/channel/ChannelHandlerContext;Lorg/spongepowered/asm/mixin/injection/callback/CallbackInfo;)V won't be passed a CallbackInfo as a result
[17:19:25] [Render thread/DEBUG] (FabricLoader/Mixin) fabric-networking-api-v1.mixins.json:ClientConnectionMixin from mod fabric-networking-api-v1->@Inject::disconnectAddon(Lorg/spongepowered/asm/mixin/injection/callback/CallbackInfo;)V doesn't use it's CallbackInfo
[17:19:25] [Render thread/DEBUG] (FabricLoader/Mixin) fabric-networking-api-v1.mixins.json:ClientConnectionMixin from mod fabric-networking-api-v1->@Inject::disconnectAddon(Lorg/spongepowered/asm/mixin/injection/callback/CallbackInfo;)V has 0 override(s) in child classes
[17:19:25] [Render thread/DEBUG] (FabricLoader/Mixin) fabric-networking-api-v1.mixins.json:ClientConnectionMixin from mod fabric-networking-api-v1->@Inject::disconnectAddon(Lorg/spongepowered/asm/mixin/injection/callback/CallbackInfo;)V won't be passed a CallbackInfo as a result
[17:19:26] [Download-1/DEBUG] (com.mojang.authlib.yggdrasil.YggdrasilMinecraftSessionService) Couldn't fetch profile properties for c1b94a42-98fc-3354-947f-44f786fd56fa as the profile does not exist
[17:19:26] [Render thread/DEBUG] (FabricLoader/Mixin) Mixing BlockStateModelUnbakedMixin from fabric-model-loading-api-v1.mixins.json into net.minecraft.client.render.model.BlockStateModel$Unbaked
[17:19:26] [Render thread/DEBUG] (FabricLoader/Mixin) Mixing client.block.model.BlockStateModelMixin from fabric-renderer-api-v1.mixins.json into net.minecraft.client.render.model.BlockStateModel
[17:19:26] [Render thread/DEBUG] (FabricLoader/Mixin) Mixing client.block.model.BlockModelPartMixin from fabric-renderer-api-v1.mixins.json into net.minecraft.client.render.model.BlockModelPart
[17:19:26] [Render thread/DEBUG] (FabricLoader/Mixin) Mixing client.block.model.SimpleBlockStateModelMixin from fabric-renderer-api-v1.mixins.json into net.minecraft.client.render.model.SimpleBlockStateModel
[17:19:26] [Render thread/INFO] (net.fabricmc.fabric.impl.client.indigo.Indigo) [Indigo] Registering Indigo renderer!
[17:19:26] [Render thread/DEBUG] (FabricLoader/Mixin) Mixing SimpleRegistryTagLookup2Accessor from fabric-tag-api-v1.mixins.json into net.minecraft.registry.SimpleRegistry$TagLookup$2
[17:19:26] [ModMenu/Update Checker/Fabric Loader/DEBUG] (Mod Menu/Fabric Update Checker) Fabric Loader has a matching update available!
[17:19:26] [ModMenu/Update Checker/Fabric Loader/INFO] (Mod Menu/Update Checker) Update available for 'fabricloader@0.16.14'
[17:19:26] [Render thread/DEBUG] (FabricLoader/Mixin) Mixing GameOptionsMixin from fabric-resource-loader-v0.client.mixins.json into net.minecraft.client.option.GameOptions
[17:19:26] [Render thread/DEBUG] (FabricLoader/Mixin) Mixing GameOptionsMixin from fabric-key-binding-api-v1.mixins.json into net.minecraft.client.option.GameOptions
[17:19:26] [Render thread/DEBUG] (FabricLoader/Mixin) fabric-resource-loader-v0.client.mixins.json:GameOptionsMixin from mod fabric-resource-loader-v0->@Inject::onLoad(Lorg/spongepowered/asm/mixin/injection/callback/CallbackInfo;)V doesn't use it's CallbackInfo
[17:19:26] [Render thread/DEBUG] (FabricLoader/Mixin) fabric-resource-loader-v0.client.mixins.json:GameOptionsMixin from mod fabric-resource-loader-v0->@Inject::onLoad(Lorg/spongepowered/asm/mixin/injection/callback/CallbackInfo;)V has 0 override(s) in child classes
[17:19:26] [Render thread/DEBUG] (FabricLoader/Mixin) fabric-resource-loader-v0.client.mixins.json:GameOptionsMixin from mod fabric-resource-loader-v0->@Inject::onLoad(Lorg/spongepowered/asm/mixin/injection/callback/CallbackInfo;)V won't be passed a CallbackInfo as a result
[17:19:26] [Render thread/DEBUG] (FabricLoader/Mixin) fabric-resource-loader-v0.client.mixins.json:GameOptionsMixin from mod fabric-resource-loader-v0->@Inject::onLoad(Lorg/spongepowered/asm/mixin/injection/callback/CallbackInfo;)V doesn't use it's CallbackInfo
[17:19:26] [Render thread/DEBUG] (FabricLoader/Mixin) fabric-resource-loader-v0.client.mixins.json:GameOptionsMixin from mod fabric-resource-loader-v0->@Inject::onLoad(Lorg/spongepowered/asm/mixin/injection/callback/CallbackInfo;)V has 0 override(s) in child classes
[17:19:26] [Render thread/DEBUG] (FabricLoader/Mixin) fabric-resource-loader-v0.client.mixins.json:GameOptionsMixin from mod fabric-resource-loader-v0->@Inject::onLoad(Lorg/spongepowered/asm/mixin/injection/callback/CallbackInfo;)V won't be passed a CallbackInfo as a result
[17:19:26] [Render thread/DEBUG] (FabricLoader/Mixin) fabric-key-binding-api-v1.mixins.json:GameOptionsMixin from mod fabric-key-binding-api-v1->@Inject::loadHook(Lorg/spongepowered/asm/mixin/injection/callback/CallbackInfo;)V doesn't use it's CallbackInfo
[17:19:26] [Render thread/DEBUG] (FabricLoader/Mixin) fabric-key-binding-api-v1.mixins.json:GameOptionsMixin from mod fabric-key-binding-api-v1->@Inject::loadHook(Lorg/spongepowered/asm/mixin/injection/callback/CallbackInfo;)V has 0 override(s) in child classes
[17:19:26] [Render thread/DEBUG] (FabricLoader/Mixin) fabric-key-binding-api-v1.mixins.json:GameOptionsMixin from mod fabric-key-binding-api-v1->@Inject::loadHook(Lorg/spongepowered/asm/mixin/injection/callback/CallbackInfo;)V won't be passed a CallbackInfo as a result
[17:19:26] [Render thread/DEBUG] (FabricLoader/Mixin) Mixing SoundInstanceMixin from fabric-sound-api-v1.mixins.json into net.minecraft.client.sound.SoundInstance
[17:19:26] [Render thread/DEBUG] (FabricLoader/Mixin) Mixing ResourcePackProfileMixin from fabric-resource-loader-v0.mixins.json into net.minecraft.resource.ResourcePackProfile
[17:19:26] [Render thread/DEBUG] (FabricLoader/Mixin) Renaming synthetic method lambda$static$0(Ljava/util/Set;)Z to md9c000e$fabric-resource-loader-v0$lambda$static$0$0 in fabric-resource-loader-v0.mixins.json:ResourcePackProfileMixin from mod fabric-resource-loader-v0
[17:19:26] [Render thread/DEBUG] (FabricLoader/Mixin) Mixing ResourcePackProfileMixin from fabric-resource-conditions-api-v1.mixins.json into net.minecraft.resource.ResourcePackProfile
[17:19:26] [Render thread/DEBUG] (FabricLoader/Mixin) fabric-resource-loader-v0.mixins.json:ResourcePackProfileMixin from mod fabric-resource-loader-v0->@Inject::onCreateResourcePack(Lorg/spongepowered/asm/mixin/injection/callback/CallbackInfoReturnable;)V does use it's CallbackInfoReturnable
[17:19:26] [ModMenu/Update Checker/2/DEBUG] (Mod Menu/Update Checker) Status: 200
[17:19:26] [ModMenu/Update Checker/2/DEBUG] (Mod Menu/Update Checker) {}
[17:19:26] [Render thread/DEBUG] (FabricLoader/Mixin) Mixing GameOptionsWriteVisitorMixin from fabric-resource-loader-v0.client.mixins.json into net.minecraft.client.option.GameOptions$3
[17:19:26] [Render thread/INFO] (net.minecraft.client.MinecraftClient) Backend library: LWJGL version 3.3.3-snapshot
[17:19:26] [Render thread/DEBUG] (FabricLoader/Mixin) Mixing MouseMixin from fabric-screen-api-v1.mixins.json into net.minecraft.client.Mouse
[17:19:26] [Render thread/DEBUG] (FabricLoader/Mixin) Mixing KeyboardMixin from fabric-screen-api-v1.mixins.json into net.minecraft.client.Keyboard
[17:19:26] [Render thread/INFO] (net.minecraft.client.MinecraftClient) Using optional rendering extensions: GL_ARB_buffer_storage, GL_KHR_debug, GL_ARB_vertex_attrib_binding, GL_ARB_direct_state_access
[17:19:26] [Render thread/DEBUG] (FabricLoader/Mixin) Mixing LifecycledResourceManagerImplMixin from fabric-resource-loader-v0.mixins.json into net.minecraft.resource.LifecycledResourceManagerImpl
[17:19:26] [Render thread/DEBUG] (FabricLoader/Mixin) fabric-resource-loader-v0.mixins.json:LifecycledResourceManagerImplMixin from mod fabric-resource-loader-v0->@Inject::init(Lnet/minecraft/resource/ResourceType;Ljava/util/List;Lorg/spongepowered/asm/mixin/injection/callback/CallbackInfo;)V doesn't use it's CallbackInfo
[17:19:26] [Render thread/DEBUG] (FabricLoader/Mixin) fabric-resource-loader-v0.mixins.json:LifecycledResourceManagerImplMixin from mod fabric-resource-loader-v0->@Inject::init(Lnet/minecraft/resource/ResourceType;Ljava/util/List;Lorg/spongepowered/asm/mixin/injection/callback/CallbackInfo;)V has 0 override(s) in child classes
[17:19:26] [Render thread/DEBUG] (FabricLoader/Mixin) fabric-resource-loader-v0.mixins.json:LifecycledResourceManagerImplMixin from mod fabric-resource-loader-v0->@Inject::init(Lnet/minecraft/resource/ResourceType;Ljava/util/List;Lorg/spongepowered/asm/mixin/injection/callback/CallbackInfo;)V won't be passed a CallbackInfo as a result
[17:19:26] [Render thread/DEBUG] (net.fabricmc.fabric.impl.resource.loader.ModResourcePackUtil) [Fabric] Starting internal pack sorting with: [vanilla, fabric, fabric-api, fabric-api-base, fabric-api-lookup-api-v1, fabric-biome-api-v1, fabric-block-api-v1, fabric-block-view-api-v2, fabric-client-gametest-api-v1, fabric-command-api-v2, fabric-content-registries-v0, fabric-convention-tags-v1, fabric-convention-tags-v2, fabric-crash-report-info-v1, fabric-data-attachment-api-v1, fabric-data-generation-api-v1, fabric-dimensions-v1, fabric-entity-events-v1, fabric-events-interaction-v0, fabric-game-rule-api-v1, fabric-gametest-api-v1, fabric-item-api-v1, fabric-item-group-api-v1, fabric-item-group-api-v1_programmer_art, fabric-key-binding-api-v1, fabric-lifecycle-events-v1, fabric-loot-api-v2, fabric-loot-api-v3, fabric-message-api-v1, fabric-model-loading-api-v1, fabric-networking-api-v1, fabric-object-builder-api-v1, fabric-particles-v1, fabric-recipe-api-v1, fabric-registry-sync-v0, fabric-renderer-api-v1, fabric-renderer-indigo, fabric-rendering-fluids-v1, fabric-rendering-v1, fabric-resource-conditions-api-v1, fabric-resource-loader-v0, fabric-screen-api-v1, fabric-screen-handler-api-v1, fabric-sound-api-v1, fabric-tag-api-v1, fabric-transfer-api-v1, fabric-transitive-access-wideners-v1, fabricloader, modmenu, modmenu_high_contrast, modmenu_programmer_art, noflamesmoke]
[17:19:26] [Render thread/DEBUG] (net.fabricmc.fabric.impl.resource.loader.ModResourcePackUtil) [Fabric] Removed all internal packs, result: [vanilla, fabric]
[17:19:26] [Render thread/DEBUG] (net.fabricmc.fabric.impl.resource.loader.ModResourcePackUtil) [Fabric] cur @ fabric, auto-enabled fabric-api, currently enabled: [vanilla, fabric, fabric-api]
[17:19:26] [Render thread/DEBUG] (net.fabricmc.fabric.impl.resource.loader.ModResourcePackUtil) [Fabric] cur @ fabric, auto-enabled fabric-api-base, currently enabled: [vanilla, fabric, fabric-api, fabric-api-base]
[17:19:26] [Render thread/DEBUG] (net.fabricmc.fabric.impl.resource.loader.ModResourcePackUtil) [Fabric] cur @ fabric, auto-enabled fabric-api-lookup-api-v1, currently enabled: [vanilla, fabric, fabric-api, fabric-api-base, fabric-api-lookup-api-v1]
[17:19:26] [Render thread/DEBUG] (net.fabricmc.fabric.impl.resource.loader.ModResourcePackUtil) [Fabric] cur @ fabric, auto-enabled fabric-biome-api-v1, currently enabled: [vanilla, fabric, fabric-api, fabric-api-base, fabric-api-lookup-api-v1, fabric-biome-api-v1]
[17:19:26] [Render thread/DEBUG] (net.fabricmc.fabric.impl.resource.loader.ModResourcePackUtil) [Fabric] cur @ fabric, auto-enabled fabric-block-api-v1, currently enabled: [vanilla, fabric, fabric-api, fabric-api-base, fabric-api-lookup-api-v1, fabric-biome-api-v1, fabric-block-api-v1]
[17:19:26] [Render thread/DEBUG] (net.fabricmc.fabric.impl.resource.loader.ModResourcePackUtil) [Fabric] cur @ fabric, auto-enabled fabric-block-view-api-v2, currently enabled: [vanilla, fabric, fabric-api, fabric-api-base, fabric-api-lookup-api-v1, fabric-biome-api-v1, fabric-block-api-v1, fabric-block-view-api-v2]
[17:19:26] [Render thread/DEBUG] (net.fabricmc.fabric.impl.resource.loader.ModResourcePackUtil) [Fabric] cur @ fabric, auto-enabled fabric-client-gametest-api-v1, currently enabled: [vanilla, fabric, fabric-api, fabric-api-base, fabric-api-lookup-api-v1, fabric-biome-api-v1, fabric-block-api-v1, fabric-block-view-api-v2, fabric-client-gametest-api-v1]
[17:19:26] [Render thread/DEBUG] (net.fabricmc.fabric.impl.resource.loader.ModResourcePackUtil) [Fabric] cur @ fabric, auto-enabled fabric-command-api-v2, currently enabled: [vanilla, fabric, fabric-api, fabric-api-base, fabric-api-lookup-api-v1, fabric-biome-api-v1, fabric-block-api-v1, fabric-block-view-api-v2, fabric-client-gametest-api-v1, fabric-command-api-v2]
[17:19:26] [Render thread/DEBUG] (net.fabricmc.fabric.impl.resource.loader.ModResourcePackUtil) [Fabric] cur @ fabric, auto-enabled fabric-content-registries-v0, currently enabled: [vanilla, fabric, fabric-api, fabric-api-base, fabric-api-lookup-api-v1, fabric-biome-api-v1, fabric-block-api-v1, fabric-block-view-api-v2, fabric-client-gametest-api-v1, fabric-command-api-v2, fabric-content-registries-v0]
[17:19:26] [Render thread/DEBUG] (net.fabricmc.fabric.impl.resource.loader.ModResourcePackUtil) [Fabric] cur @ fabric, auto-enabled fabric-convention-tags-v1, currently enabled: [vanilla, fabric, fabric-api, fabric-api-base, fabric-api-lookup-api-v1, fabric-biome-api-v1, fabric-block-api-v1, fabric-block-view-api-v2, fabric-client-gametest-api-v1, fabric-command-api-v2, fabric-content-registries-v0, fabric-convention-tags-v1]
[17:19:26] [Render thread/DEBUG] (net.fabricmc.fabric.impl.resource.loader.ModResourcePackUtil) [Fabric] cur @ fabric, auto-enabled fabric-convention-tags-v2, currently enabled: [vanilla, fabric, fabric-api, fabric-api-base, fabric-api-lookup-api-v1, fabric-biome-api-v1, fabric-block-api-v1, fabric-block-view-api-v2, fabric-client-gametest-api-v1, fabric-command-api-v2, fabric-content-registries-v0, fabric-convention-tags-v1, fabric-convention-tags-v2]
[17:19:26] [Render thread/DEBUG] (net.fabricmc.fabric.impl.resource.loader.ModResourcePackUtil) [Fabric] cur @ fabric, auto-enabled fabric-crash-report-info-v1, currently enabled: [vanilla, fabric, fabric-api, fabric-api-base, fabric-api-lookup-api-v1, fabric-biome-api-v1, fabric-block-api-v1, fabric-block-view-api-v2, fabric-client-gametest-api-v1, fabric-command-api-v2, fabric-content-registries-v0, fabric-convention-tags-v1, fabric-convention-tags-v2, fabric-crash-report-info-v1]
[17:19:26] [Render thread/DEBUG] (net.fabricmc.fabric.impl.resource.loader.ModResourcePackUtil) [Fabric] cur @ fabric, auto-enabled fabric-data-attachment-api-v1, currently enabled: [vanilla, fabric, fabric-api, fabric-api-base, fabric-api-lookup-api-v1, fabric-biome-api-v1, fabric-block-api-v1, fabric-block-view-api-v2, fabric-client-gametest-api-v1, fabric-command-api-v2, fabric-content-registries-v0, fabric-convention-tags-v1, fabric-convention-tags-v2, fabric-crash-report-info-v1, fabric-data-attachment-api-v1]
[17:19:26] [Render thread/DEBUG] (net.fabricmc.fabric.impl.resource.loader.ModResourcePackUtil) [Fabric] cur @ fabric, auto-enabled fabric-data-generation-api-v1, currently enabled: [vanilla, fabric, fabric-api, fabric-api-base, fabric-api-lookup-api-v1, fabric-biome-api-v1, fabric-block-api-v1, fabric-block-view-api-v2, fabric-client-gametest-api-v1, fabric-command-api-v2, fabric-content-registries-v0, fabric-convention-tags-v1, fabric-convention-tags-v2, fabric-crash-report-info-v1, fabric-data-attachment-api-v1, fabric-data-generation-api-v1]
[17:19:26] [Render thread/DEBUG] (net.fabricmc.fabric.impl.resource.loader.ModResourcePackUtil) [Fabric] cur @ fabric, auto-enabled fabric-dimensions-v1, currently enabled: [vanilla, fabric, fabric-api, fabric-api-base, fabric-api-lookup-api-v1, fabric-biome-api-v1, fabric-block-api-v1, fabric-block-view-api-v2, fabric-client-gametest-api-v1, fabric-command-api-v2, fabric-content-registries-v0, fabric-convention-tags-v1, fabric-convention-tags-v2, fabric-crash-report-info-v1, fabric-data-attachment-api-v1, fabric-data-generation-api-v1, fabric-dimensions-v1]
[17:19:26] [Render thread/DEBUG] (net.fabricmc.fabric.impl.resource.loader.ModResourcePackUtil) [Fabric] cur @ fabric, auto-enabled fabric-entity-events-v1, currently enabled: [vanilla, fabric, fabric-api, fabric-api-base, fabric-api-lookup-api-v1, fabric-biome-api-v1, fabric-block-api-v1, fabric-block-view-api-v2, fabric-client-gametest-api-v1, fabric-command-api-v2, fabric-content-registries-v0, fabric-convention-tags-v1, fabric-convention-tags-v2, fabric-crash-report-info-v1, fabric-data-attachment-api-v1, fabric-data-generation-api-v1, fabric-dimensions-v1, fabric-entity-events-v1]
[17:19:26] [Render thread/DEBUG] (net.fabricmc.fabric.impl.resource.loader.ModResourcePackUtil) [Fabric] cur @ fabric, auto-enabled fabric-events-interaction-v0, currently enabled: [vanilla, fabric, fabric-api, fabric-api-base, fabric-api-lookup-api-v1, fabric-biome-api-v1, fabric-block-api-v1, fabric-block-view-api-v2, fabric-client-gametest-api-v1, fabric-command-api-v2, fabric-content-registries-v0, fabric-convention-tags-v1, fabric-convention-tags-v2, fabric-crash-report-info-v1, fabric-data-attachment-api-v1, fabric-data-generation-api-v1, fabric-dimensions-v1, fabric-entity-events-v1, fabric-events-interaction-v0]
[17:19:26] [Render thread/DEBUG] (net.fabricmc.fabric.impl.resource.loader.ModResourcePackUtil) [Fabric] cur @ fabric, auto-enabled fabric-game-rule-api-v1, currently enabled: [vanilla, fabric, fabric-api, fabric-api-base, fabric-api-lookup-api-v1, fabric-biome-api-v1, fabric-block-api-v1, fabric-block-view-api-v2, fabric-client-gametest-api-v1, fabric-command-api-v2, fabric-content-registries-v0, fabric-convention-tags-v1, fabric-convention-tags-v2, fabric-crash-report-info-v1, fabric-data-attachment-api-v1, fabric-data-generation-api-v1, fabric-dimensions-v1, fabric-entity-events-v1, fabric-events-interaction-v0, fabric-game-rule-api-v1]
[17:19:26] [Render thread/DEBUG] (net.fabricmc.fabric.impl.resource.loader.ModResourcePackUtil) [Fabric] cur @ fabric, auto-enabled fabric-gametest-api-v1, currently enabled: [vanilla, fabric, fabric-api, fabric-api-base, fabric-api-lookup-api-v1, fabric-biome-api-v1, fabric-block-api-v1, fabric-block-view-api-v2, fabric-client-gametest-api-v1, fabric-command-api-v2, fabric-content-registries-v0, fabric-convention-tags-v1, fabric-convention-tags-v2, fabric-crash-report-info-v1, fabric-data-attachment-api-v1, fabric-data-generation-api-v1, fabric-dimensions-v1, fabric-entity-events-v1, fabric-events-interaction-v0, fabric-game-rule-api-v1, fabric-gametest-api-v1]
[17:19:26] [Render thread/DEBUG] (net.fabricmc.fabric.impl.resource.loader.ModResourcePackUtil) [Fabric] cur @ fabric, auto-enabled fabric-item-api-v1, currently enabled: [vanilla, fabric, fabric-api, fabric-api-base, fabric-api-lookup-api-v1, fabric-biome-api-v1, fabric-block-api-v1, fabric-block-view-api-v2, fabric-client-gametest-api-v1, fabric-command-api-v2, fabric-content-registries-v0, fabric-convention-tags-v1, fabric-convention-tags-v2, fabric-crash-report-info-v1, fabric-data-attachment-api-v1, fabric-data-generation-api-v1, fabric-dimensions-v1, fabric-entity-events-v1, fabric-events-interaction-v0, fabric-game-rule-api-v1, fabric-gametest-api-v1, fabric-item-api-v1]
[17:19:26] [Render thread/DEBUG] (net.fabricmc.fabric.impl.resource.loader.ModResourcePackUtil) [Fabric] cur @ fabric, auto-enabled fabric-item-group-api-v1, currently enabled: [vanilla, fabric, fabric-api, fabric-api-base, fabric-api-lookup-api-v1, fabric-biome-api-v1, fabric-block-api-v1, fabric-block-view-api-v2, fabric-client-gametest-api-v1, fabric-command-api-v2, fabric-content-registries-v0, fabric-convention-tags-v1, fabric-convention-tags-v2, fabric-crash-report-info-v1, fabric-data-attachment-api-v1, fabric-data-generation-api-v1, fabric-dimensions-v1, fabric-entity-events-v1, fabric-events-interaction-v0, fabric-game-rule-api-v1, fabric-gametest-api-v1, fabric-item-api-v1, fabric-item-group-api-v1]
[17:19:26] [Render thread/DEBUG] (net.fabricmc.fabric.impl.resource.loader.ModResourcePackUtil) [Fabric] cur @ fabric, auto-enabled fabric-key-binding-api-v1, currently enabled: [vanilla, fabric, fabric-api, fabric-api-base, fabric-api-lookup-api-v1, fabric-biome-api-v1, fabric-block-api-v1, fabric-block-view-api-v2, fabric-client-gametest-api-v1, fabric-command-api-v2, fabric-content-registries-v0, fabric-convention-tags-v1, fabric-convention-tags-v2, fabric-crash-report-info-v1, fabric-data-attachment-api-v1, fabric-data-generation-api-v1, fabric-dimensions-v1, fabric-entity-events-v1, fabric-events-interaction-v0, fabric-game-rule-api-v1, fabric-gametest-api-v1, fabric-item-api-v1, fabric-item-group-api-v1, fabric-key-binding-api-v1]
[17:19:26] [Render thread/DEBUG] (net.fabricmc.fabric.impl.resource.loader.ModResourcePackUtil) [Fabric] cur @ fabric, auto-enabled fabric-lifecycle-events-v1, currently enabled: [vanilla, fabric, fabric-api, fabric-api-base, fabric-api-lookup-api-v1, fabric-biome-api-v1, fabric-block-api-v1, fabric-block-view-api-v2, fabric-client-gametest-api-v1, fabric-command-api-v2, fabric-content-registries-v0, fabric-convention-tags-v1, fabric-convention-tags-v2, fabric-crash-report-info-v1, fabric-data-attachment-api-v1, fabric-data-generation-api-v1, fabric-dimensions-v1, fabric-entity-events-v1, fabric-events-interaction-v0, fabric-game-rule-api-v1, fabric-gametest-api-v1, fabric-item-api-v1, fabric-item-group-api-v1, fabric-key-binding-api-v1, fabric-lifecycle-events-v1]
[17:19:26] [Render thread/DEBUG] (net.fabricmc.fabric.impl.resource.loader.ModResourcePackUtil) [Fabric] cur @ fabric, auto-enabled fabric-loot-api-v2, currently enabled: [vanilla, fabric, fabric-api, fabric-api-base, fabric-api-lookup-api-v1, fabric-biome-api-v1, fabric-block-api-v1, fabric-block-view-api-v2, fabric-client-gametest-api-v1, fabric-command-api-v2, fabric-content-registries-v0, fabric-convention-tags-v1, fabric-convention-tags-v2, fabric-crash-report-info-v1, fabric-data-attachment-api-v1, fabric-data-generation-api-v1, fabric-dimensions-v1, fabric-entity-events-v1, fabric-events-interaction-v0, fabric-game-rule-api-v1, fabric-gametest-api-v1, fabric-item-api-v1, fabric-item-group-api-v1, fabric-key-binding-api-v1, fabric-lifecycle-events-v1, fabric-loot-api-v2]
[17:19:26] [Render thread/DEBUG] (net.fabricmc.fabric.impl.resource.loader.ModResourcePackUtil) [Fabric] cur @ fabric, auto-enabled fabric-loot-api-v3, currently enabled: [vanilla, fabric, fabric-api, fabric-api-base, fabric-api-lookup-api-v1, fabric-biome-api-v1, fabric-block-api-v1, fabric-block-view-api-v2, fabric-client-gametest-api-v1, fabric-command-api-v2, fabric-content-registries-v0, fabric-convention-tags-v1, fabric-convention-tags-v2, fabric-crash-report-info-v1, fabric-data-attachment-api-v1, fabric-data-generation-api-v1, fabric-dimensions-v1, fabric-entity-events-v1, fabric-events-interaction-v0, fabric-game-rule-api-v1, fabric-gametest-api-v1, fabric-item-api-v1, fabric-item-group-api-v1, fabric-key-binding-api-v1, fabric-lifecycle-events-v1, fabric-loot-api-v2, fabric-loot-api-v3]
[17:19:26] [Render thread/DEBUG] (net.fabricmc.fabric.impl.resource.loader.ModResourcePackUtil) [Fabric] cur @ fabric, auto-enabled fabric-message-api-v1, currently enabled: [vanilla, fabric, fabric-api, fabric-api-base, fabric-api-lookup-api-v1, fabric-biome-api-v1, fabric-block-api-v1, fabric-block-view-api-v2, fabric-client-gametest-api-v1, fabric-command-api-v2, fabric-content-registries-v0, fabric-convention-tags-v1, fabric-convention-tags-v2, fabric-crash-report-info-v1, fabric-data-attachment-api-v1, fabric-data-generation-api-v1, fabric-dimensions-v1, fabric-entity-events-v1, fabric-events-interaction-v0, fabric-game-rule-api-v1, fabric-gametest-api-v1, fabric-item-api-v1, fabric-item-group-api-v1, fabric-key-binding-api-v1, fabric-lifecycle-events-v1, fabric-loot-api-v2, fabric-loot-api-v3, fabric-message-api-v1]
[17:19:26] [Render thread/DEBUG] (net.fabricmc.fabric.impl.resource.loader.ModResourcePackUtil) [Fabric] cur @ fabric, auto-enabled fabric-model-loading-api-v1, currently enabled: [vanilla, fabric, fabric-api, fabric-api-base, fabric-api-lookup-api-v1, fabric-biome-api-v1, fabric-block-api-v1, fabric-block-view-api-v2, fabric-client-gametest-api-v1, fabric-command-api-v2, fabric-content-registries-v0, fabric-convention-tags-v1, fabric-convention-tags-v2, fabric-crash-report-info-v1, fabric-data-attachment-api-v1, fabric-data-generation-api-v1, fabric-dimensions-v1, fabric-entity-events-v1, fabric-events-interaction-v0, fabric-game-rule-api-v1, fabric-gametest-api-v1, fabric-item-api-v1, fabric-item-group-api-v1, fabric-key-binding-api-v1, fabric-lifecycle-events-v1, fabric-loot-api-v2, fabric-loot-api-v3, fabric-message-api-v1, fabric-model-loading-api-v1]
[17:19:26] [Render thread/DEBUG] (net.fabricmc.fabric.impl.resource.loader.ModResourcePackUtil) [Fabric] cur @ fabric, auto-enabled fabric-networking-api-v1, currently enabled: [vanilla, fabric, fabric-api, fabric-api-base, fabric-api-lookup-api-v1, fabric-biome-api-v1, fabric-block-api-v1, fabric-block-view-api-v2, fabric-client-gametest-api-v1, fabric-command-api-v2, fabric-content-registries-v0, fabric-convention-tags-v1, fabric-convention-tags-v2, fabric-crash-report-info-v1, fabric-data-attachment-api-v1, fabric-data-generation-api-v1, fabric-dimensions-v1, fabric-entity-events-v1, fabric-events-interaction-v0, fabric-game-rule-api-v1, fabric-gametest-api-v1, fabric-item-api-v1, fabric-item-group-api-v1, fabric-key-binding-api-v1, fabric-lifecycle-events-v1, fabric-loot-api-v2, fabric-loot-api-v3, fabric-message-api-v1, fabric-model-loading-api-v1, fabric-networking-api-v1]
[17:19:26] [Render thread/DEBUG] (net.fabricmc.fabric.impl.resource.loader.ModResourcePackUtil) [Fabric] cur @ fabric, auto-enabled fabric-object-builder-api-v1, currently enabled: [vanilla, fabric, fabric-api, fabric-api-base, fabric-api-lookup-api-v1, fabric-biome-api-v1, fabric-block-api-v1, fabric-block-view-api-v2, fabric-client-gametest-api-v1, fabric-command-api-v2, fabric-content-registries-v0, fabric-convention-tags-v1, fabric-convention-tags-v2, fabric-crash-report-info-v1, fabric-data-attachment-api-v1, fabric-data-generation-api-v1, fabric-dimensions-v1, fabric-entity-events-v1, fabric-events-interaction-v0, fabric-game-rule-api-v1, fabric-gametest-api-v1, fabric-item-api-v1, fabric-item-group-api-v1, fabric-key-binding-api-v1, fabric-lifecycle-events-v1, fabric-loot-api-v2, fabric-loot-api-v3, fabric-message-api-v1, fabric-model-loading-api-v1, fabric-networking-api-v1, fabric-object-builder-api-v1]
[17:19:26] [Render thread/DEBUG] (net.fabricmc.fabric.impl.resource.loader.ModResourcePackUtil) [Fabric] cur @ fabric, auto-enabled fabric-particles-v1, currently enabled: [vanilla, fabric, fabric-api, fabric-api-base, fabric-api-lookup-api-v1, fabric-biome-api-v1, fabric-block-api-v1, fabric-block-view-api-v2, fabric-client-gametest-api-v1, fabric-command-api-v2, fabric-content-registries-v0, fabric-convention-tags-v1, fabric-convention-tags-v2, fabric-crash-report-info-v1, fabric-data-attachment-api-v1, fabric-data-generation-api-v1, fabric-dimensions-v1, fabric-entity-events-v1, fabric-events-interaction-v0, fabric-game-rule-api-v1, fabric-gametest-api-v1, fabric-item-api-v1, fabric-item-group-api-v1, fabric-key-binding-api-v1, fabric-lifecycle-events-v1, fabric-loot-api-v2, fabric-loot-api-v3, fabric-message-api-v1, fabric-model-loading-api-v1, fabric-networking-api-v1, fabric-object-builder-api-v1, fabric-particles-v1]
[17:19:26] [Render thread/DEBUG] (net.fabricmc.fabric.impl.resource.loader.ModResourcePackUtil) [Fabric] cur @ fabric, auto-enabled fabric-recipe-api-v1, currently enabled: [vanilla, fabric, fabric-api, fabric-api-base, fabric-api-lookup-api-v1, fabric-biome-api-v1, fabric-block-api-v1, fabric-block-view-api-v2, fabric-client-gametest-api-v1, fabric-command-api-v2, fabric-content-registries-v0, fabric-convention-tags-v1, fabric-convention-tags-v2, fabric-crash-report-info-v1, fabric-data-attachment-api-v1, fabric-data-generation-api-v1, fabric-dimensions-v1, fabric-entity-events-v1, fabric-events-interaction-v0, fabric-game-rule-api-v1, fabric-gametest-api-v1, fabric-item-api-v1, fabric-item-group-api-v1, fabric-key-binding-api-v1, fabric-lifecycle-events-v1, fabric-loot-api-v2, fabric-loot-api-v3, fabric-message-api-v1, fabric-model-loading-api-v1, fabric-networking-api-v1, fabric-object-builder-api-v1, fabric-particles-v1, fabric-recipe-api-v1]
[17:19:26] [Render thread/DEBUG] (net.fabricmc.fabric.impl.resource.loader.ModResourcePackUtil) [Fabric] cur @ fabric, auto-enabled fabric-registry-sync-v0, currently enabled: [vanilla, fabric, fabric-api, fabric-api-base, fabric-api-lookup-api-v1, fabric-biome-api-v1, fabric-block-api-v1, fabric-block-view-api-v2, fabric-client-gametest-api-v1, fabric-command-api-v2, fabric-content-registries-v0, fabric-convention-tags-v1, fabric-convention-tags-v2, fabric-crash-report-info-v1, fabric-data-attachment-api-v1, fabric-data-generation-api-v1, fabric-dimensions-v1, fabric-entity-events-v1, fabric-events-interaction-v0, fabric-game-rule-api-v1, fabric-gametest-api-v1, fabric-item-api-v1, fabric-item-group-api-v1, fabric-key-binding-api-v1, fabric-lifecycle-events-v1, fabric-loot-api-v2, fabric-loot-api-v3, fabric-message-api-v1, fabric-model-loading-api-v1, fabric-networking-api-v1, fabric-object-builder-api-v1, fabric-particles-v1, fabric-recipe-api-v1, fabric-registry-sync-v0]
[17:19:26] [Render thread/DEBUG] (net.fabricmc.fabric.impl.resource.loader.ModResourcePackUtil) [Fabric] cur @ fabric, auto-enabled fabric-renderer-api-v1, currently enabled: [vanilla, fabric, fabric-api, fabric-api-base, fabric-api-lookup-api-v1, fabric-biome-api-v1, fabric-block-api-v1, fabric-block-view-api-v2, fabric-client-gametest-api-v1, fabric-command-api-v2, fabric-content-registries-v0, fabric-convention-tags-v1, fabric-convention-tags-v2, fabric-crash-report-info-v1, fabric-data-attachment-api-v1, fabric-data-generation-api-v1, fabric-dimensions-v1, fabric-entity-events-v1, fabric-events-interaction-v0, fabric-game-rule-api-v1, fabric-gametest-api-v1, fabric-item-api-v1, fabric-item-group-api-v1, fabric-key-binding-api-v1, fabric-lifecycle-events-v1, fabric-loot-api-v2, fabric-loot-api-v3, fabric-message-api-v1, fabric-model-loading-api-v1, fabric-networking-api-v1, fabric-object-builder-api-v1, fabric-particles-v1, fabric-recipe-api-v1, fabric-registry-sync-v0, fabric-renderer-api-v1]
[17:19:26] [Render thread/DEBUG] (net.fabricmc.fabric.impl.resource.loader.ModResourcePackUtil) [Fabric] cur @ fabric, auto-enabled fabric-renderer-indigo, currently enabled: [vanilla, fabric, fabric-api, fabric-api-base, fabric-api-lookup-api-v1, fabric-biome-api-v1, fabric-block-api-v1, fabric-block-view-api-v2, fabric-client-gametest-api-v1, fabric-command-api-v2, fabric-content-registries-v0, fabric-convention-tags-v1, fabric-convention-tags-v2, fabric-crash-report-info-v1, fabric-data-attachment-api-v1, fabric-data-generation-api-v1, fabric-dimensions-v1, fabric-entity-events-v1, fabric-events-interaction-v0, fabric-game-rule-api-v1, fabric-gametest-api-v1, fabric-item-api-v1, fabric-item-group-api-v1, fabric-key-binding-api-v1, fabric-lifecycle-events-v1, fabric-loot-api-v2, fabric-loot-api-v3, fabric-message-api-v1, fabric-model-loading-api-v1, fabric-networking-api-v1, fabric-object-builder-api-v1, fabric-particles-v1, fabric-recipe-api-v1, fabric-registry-sync-v0, fabric-renderer-api-v1, fabric-renderer-indigo]
[17:19:26] [Render thread/DEBUG] (net.fabricmc.fabric.impl.resource.loader.ModResourcePackUtil) [Fabric] cur @ fabric, auto-enabled fabric-rendering-fluids-v1, currently enabled: [vanilla, fabric, fabric-api, fabric-api-base, fabric-api-lookup-api-v1, fabric-biome-api-v1, fabric-block-api-v1, fabric-block-view-api-v2, fabric-client-gametest-api-v1, fabric-command-api-v2, fabric-content-registries-v0, fabric-convention-tags-v1, fabric-convention-tags-v2, fabric-crash-report-info-v1, fabric-data-attachment-api-v1, fabric-data-generation-api-v1, fabric-dimensions-v1, fabric-entity-events-v1, fabric-events-interaction-v0, fabric-game-rule-api-v1, fabric-gametest-api-v1, fabric-item-api-v1, fabric-item-group-api-v1, fabric-key-binding-api-v1, fabric-lifecycle-events-v1, fabric-loot-api-v2, fabric-loot-api-v3, fabric-message-api-v1, fabric-model-loading-api-v1, fabric-networking-api-v1, fabric-object-builder-api-v1, fabric-particles-v1, fabric-recipe-api-v1, fabric-registry-sync-v0, fabric-renderer-api-v1, fabric-renderer-indigo, fabric-rendering-fluids-v1]
[17:19:26] [Render thread/DEBUG] (net.fabricmc.fabric.impl.resource.loader.ModResourcePackUtil) [Fabric] cur @ fabric, auto-enabled fabric-rendering-v1, currently enabled: [vanilla, fabric, fabric-api, fabric-api-base, fabric-api-lookup-api-v1, fabric-biome-api-v1, fabric-block-api-v1, fabric-block-view-api-v2, fabric-client-gametest-api-v1, fabric-command-api-v2, fabric-content-registries-v0, fabric-convention-tags-v1, fabric-convention-tags-v2, fabric-crash-report-info-v1, fabric-data-attachment-api-v1, fabric-data-generation-api-v1, fabric-dimensions-v1, fabric-entity-events-v1, fabric-events-interaction-v0, fabric-game-rule-api-v1, fabric-gametest-api-v1, fabric-item-api-v1, fabric-item-group-api-v1, fabric-key-binding-api-v1, fabric-lifecycle-events-v1, fabric-loot-api-v2, fabric-loot-api-v3, fabric-message-api-v1, fabric-model-loading-api-v1, fabric-networking-api-v1, fabric-object-builder-api-v1, fabric-particles-v1, fabric-recipe-api-v1, fabric-registry-sync-v0, fabric-renderer-api-v1, fabric-renderer-indigo, fabric-rendering-fluids-v1, fabric-rendering-v1]
[17:19:26] [Render thread/DEBUG] (net.fabricmc.fabric.impl.resource.loader.ModResourcePackUtil) [Fabric] cur @ fabric, auto-enabled fabric-resource-conditions-api-v1, currently enabled: [vanilla, fabric, fabric-api, fabric-api-base, fabric-api-lookup-api-v1, fabric-biome-api-v1, fabric-block-api-v1, fabric-block-view-api-v2, fabric-client-gametest-api-v1, fabric-command-api-v2, fabric-content-registries-v0, fabric-convention-tags-v1, fabric-convention-tags-v2, fabric-crash-report-info-v1, fabric-data-attachment-api-v1, fabric-data-generation-api-v1, fabric-dimensions-v1, fabric-entity-events-v1, fabric-events-interaction-v0, fabric-game-rule-api-v1, fabric-gametest-api-v1, fabric-item-api-v1, fabric-item-group-api-v1, fabric-key-binding-api-v1, fabric-lifecycle-events-v1, fabric-loot-api-v2, fabric-loot-api-v3, fabric-message-api-v1, fabric-model-loading-api-v1, fabric-networking-api-v1, fabric-object-builder-api-v1, fabric-particles-v1, fabric-recipe-api-v1, fabric-registry-sync-v0, fabric-renderer-api-v1, fabric-renderer-indigo, fabric-rendering-fluids-v1, fabric-rendering-v1, fabric-resource-conditions-api-v1]
[17:19:26] [Render thread/DEBUG] (net.fabricmc.fabric.impl.resource.loader.ModResourcePackUtil) [Fabric] cur @ fabric, auto-enabled fabric-resource-loader-v0, currently enabled: [vanilla, fabric, fabric-api, fabric-api-base, fabric-api-lookup-api-v1, fabric-biome-api-v1, fabric-block-api-v1, fabric-block-view-api-v2, fabric-client-gametest-api-v1, fabric-command-api-v2, fabric-content-registries-v0, fabric-convention-tags-v1, fabric-convention-tags-v2, fabric-crash-report-info-v1, fabric-data-attachment-api-v1, fabric-data-generation-api-v1, fabric-dimensions-v1, fabric-entity-events-v1, fabric-events-interaction-v0, fabric-game-rule-api-v1, fabric-gametest-api-v1, fabric-item-api-v1, fabric-item-group-api-v1, fabric-key-binding-api-v1, fabric-lifecycle-events-v1, fabric-loot-api-v2, fabric-loot-api-v3, fabric-message-api-v1, fabric-model-loading-api-v1, fabric-networking-api-v1, fabric-object-builder-api-v1, fabric-particles-v1, fabric-recipe-api-v1, fabric-registry-sync-v0, fabric-renderer-api-v1, fabric-renderer-indigo, fabric-rendering-fluids-v1, fabric-rendering-v1, fabric-resource-conditions-api-v1, fabric-resource-loader-v0]
[17:19:26] [Render thread/DEBUG] (net.fabricmc.fabric.impl.resource.loader.ModResourcePackUtil) [Fabric] cur @ fabric, auto-enabled fabric-screen-api-v1, currently enabled: [vanilla, fabric, fabric-api, fabric-api-base, fabric-api-lookup-api-v1, fabric-biome-api-v1, fabric-block-api-v1, fabric-block-view-api-v2, fabric-client-gametest-api-v1, fabric-command-api-v2, fabric-content-registries-v0, fabric-convention-tags-v1, fabric-convention-tags-v2, fabric-crash-report-info-v1, fabric-data-attachment-api-v1, fabric-data-generation-api-v1, fabric-dimensions-v1, fabric-entity-events-v1, fabric-events-interaction-v0, fabric-game-rule-api-v1, fabric-gametest-api-v1, fabric-item-api-v1, fabric-item-group-api-v1, fabric-key-binding-api-v1, fabric-lifecycle-events-v1, fabric-loot-api-v2, fabric-loot-api-v3, fabric-message-api-v1, fabric-model-loading-api-v1, fabric-networking-api-v1, fabric-object-builder-api-v1, fabric-particles-v1, fabric-recipe-api-v1, fabric-registry-sync-v0, fabric-renderer-api-v1, fabric-renderer-indigo, fabric-rendering-fluids-v1, fabric-rendering-v1, fabric-resource-conditions-api-v1, fabric-resource-loader-v0, fabric-screen-api-v1]
[17:19:26] [Render thread/DEBUG] (net.fabricmc.fabric.impl.resource.loader.ModResourcePackUtil) [Fabric] cur @ fabric, auto-enabled fabric-screen-handler-api-v1, currently enabled: [vanilla, fabric, fabric-api, fabric-api-base, fabric-api-lookup-api-v1, fabric-biome-api-v1, fabric-block-api-v1, fabric-block-view-api-v2, fabric-client-gametest-api-v1, fabric-command-api-v2, fabric-content-registries-v0, fabric-convention-tags-v1, fabric-convention-tags-v2, fabric-crash-report-info-v1, fabric-data-attachment-api-v1, fabric-data-generation-api-v1, fabric-dimensions-v1, fabric-entity-events-v1, fabric-events-interaction-v0, fabric-game-rule-api-v1, fabric-gametest-api-v1, fabric-item-api-v1, fabric-item-group-api-v1, fabric-key-binding-api-v1, fabric-lifecycle-events-v1, fabric-loot-api-v2, fabric-loot-api-v3, fabric-message-api-v1, fabric-model-loading-api-v1, fabric-networking-api-v1, fabric-object-builder-api-v1, fabric-particles-v1, fabric-recipe-api-v1, fabric-registry-sync-v0, fabric-renderer-api-v1, fabric-renderer-indigo, fabric-rendering-fluids-v1, fabric-rendering-v1, fabric-resource-conditions-api-v1, fabric-resource-loader-v0, fabric-screen-api-v1, fabric-screen-handler-api-v1]
[17:19:26] [Render thread/DEBUG] (net.fabricmc.fabric.impl.resource.loader.ModResourcePackUtil) [Fabric] cur @ fabric, auto-enabled fabric-sound-api-v1, currently enabled: [vanilla, fabric, fabric-api, fabric-api-base, fabric-api-lookup-api-v1, fabric-biome-api-v1, fabric-block-api-v1, fabric-block-view-api-v2, fabric-client-gametest-api-v1, fabric-command-api-v2, fabric-content-registries-v0, fabric-convention-tags-v1, fabric-convention-tags-v2, fabric-crash-report-info-v1, fabric-data-attachment-api-v1, fabric-data-generation-api-v1, fabric-dimensions-v1, fabric-entity-events-v1, fabric-events-interaction-v0, fabric-game-rule-api-v1, fabric-gametest-api-v1, fabric-item-api-v1, fabric-item-group-api-v1, fabric-key-binding-api-v1, fabric-lifecycle-events-v1, fabric-loot-api-v2, fabric-loot-api-v3, fabric-message-api-v1, fabric-model-loading-api-v1, fabric-networking-api-v1, fabric-object-builder-api-v1, fabric-particles-v1, fabric-recipe-api-v1, fabric-registry-sync-v0, fabric-renderer-api-v1, fabric-renderer-indigo, fabric-rendering-fluids-v1, fabric-rendering-v1, fabric-resource-conditions-api-v1, fabric-resource-loader-v0, fabric-screen-api-v1, fabric-screen-handler-api-v1, fabric-sound-api-v1]
[17:19:26] [Render thread/DEBUG] (net.fabricmc.fabric.impl.resource.loader.ModResourcePackUtil) [Fabric] cur @ fabric, auto-enabled fabric-tag-api-v1, currently enabled: [vanilla, fabric, fabric-api, fabric-api-base, fabric-api-lookup-api-v1, fabric-biome-api-v1, fabric-block-api-v1, fabric-block-view-api-v2, fabric-client-gametest-api-v1, fabric-command-api-v2, fabric-content-registries-v0, fabric-convention-tags-v1, fabric-convention-tags-v2, fabric-crash-report-info-v1, fabric-data-attachment-api-v1, fabric-data-generation-api-v1, fabric-dimensions-v1, fabric-entity-events-v1, fabric-events-interaction-v0, fabric-game-rule-api-v1, fabric-gametest-api-v1, fabric-item-api-v1, fabric-item-group-api-v1, fabric-key-binding-api-v1, fabric-lifecycle-events-v1, fabric-loot-api-v2, fabric-loot-api-v3, fabric-message-api-v1, fabric-model-loading-api-v1, fabric-networking-api-v1, fabric-object-builder-api-v1, fabric-particles-v1, fabric-recipe-api-v1, fabric-registry-sync-v0, fabric-renderer-api-v1, fabric-renderer-indigo, fabric-rendering-fluids-v1, fabric-rendering-v1, fabric-resource-conditions-api-v1, fabric-resource-loader-v0, fabric-screen-api-v1, fabric-screen-handler-api-v1, fabric-sound-api-v1, fabric-tag-api-v1]
[17:19:26] [Render thread/DEBUG] (net.fabricmc.fabric.impl.resource.loader.ModResourcePackUtil) [Fabric] cur @ fabric, auto-enabled fabric-transfer-api-v1, currently enabled: [vanilla, fabric, fabric-api, fabric-api-base, fabric-api-lookup-api-v1, fabric-biome-api-v1, fabric-block-api-v1, fabric-block-view-api-v2, fabric-client-gametest-api-v1, fabric-command-api-v2, fabric-content-registries-v0, fabric-convention-tags-v1, fabric-convention-tags-v2, fabric-crash-report-info-v1, fabric-data-attachment-api-v1, fabric-data-generation-api-v1, fabric-dimensions-v1, fabric-entity-events-v1, fabric-events-interaction-v0, fabric-game-rule-api-v1, fabric-gametest-api-v1, fabric-item-api-v1, fabric-item-group-api-v1, fabric-key-binding-api-v1, fabric-lifecycle-events-v1, fabric-loot-api-v2, fabric-loot-api-v3, fabric-message-api-v1, fabric-model-loading-api-v1, fabric-networking-api-v1, fabric-object-builder-api-v1, fabric-particles-v1, fabric-recipe-api-v1, fabric-registry-sync-v0, fabric-renderer-api-v1, fabric-renderer-indigo, fabric-rendering-fluids-v1, fabric-rendering-v1, fabric-resource-conditions-api-v1, fabric-resource-loader-v0, fabric-screen-api-v1, fabric-screen-handler-api-v1, fabric-sound-api-v1, fabric-tag-api-v1, fabric-transfer-api-v1]
[17:19:26] [Render thread/DEBUG] (net.fabricmc.fabric.impl.resource.loader.ModResourcePackUtil) [Fabric] cur @ fabric, auto-enabled fabric-transitive-access-wideners-v1, currently enabled: [vanilla, fabric, fabric-api, fabric-api-base, fabric-api-lookup-api-v1, fabric-biome-api-v1, fabric-block-api-v1, fabric-block-view-api-v2, fabric-client-gametest-api-v1, fabric-command-api-v2, fabric-content-registries-v0, fabric-convention-tags-v1, fabric-convention-tags-v2, fabric-crash-report-info-v1, fabric-data-attachment-api-v1, fabric-data-generation-api-v1, fabric-dimensions-v1, fabric-entity-events-v1, fabric-events-interaction-v0, fabric-game-rule-api-v1, fabric-gametest-api-v1, fabric-item-api-v1, fabric-item-group-api-v1, fabric-key-binding-api-v1, fabric-lifecycle-events-v1, fabric-loot-api-v2, fabric-loot-api-v3, fabric-message-api-v1, fabric-model-loading-api-v1, fabric-networking-api-v1, fabric-object-builder-api-v1, fabric-particles-v1, fabric-recipe-api-v1, fabric-registry-sync-v0, fabric-renderer-api-v1, fabric-renderer-indigo, fabric-rendering-fluids-v1, fabric-rendering-v1, fabric-resource-conditions-api-v1, fabric-resource-loader-v0, fabric-screen-api-v1, fabric-screen-handler-api-v1, fabric-sound-api-v1, fabric-tag-api-v1, fabric-transfer-api-v1, fabric-transitive-access-wideners-v1]
[17:19:26] [Render thread/DEBUG] (net.fabricmc.fabric.impl.resource.loader.ModResourcePackUtil) [Fabric] cur @ fabric, auto-enabled fabricloader, currently enabled: [vanilla, fabric, fabric-api, fabric-api-base, fabric-api-lookup-api-v1, fabric-biome-api-v1, fabric-block-api-v1, fabric-block-view-api-v2, fabric-client-gametest-api-v1, fabric-command-api-v2, fabric-content-registries-v0, fabric-convention-tags-v1, fabric-convention-tags-v2, fabric-crash-report-info-v1, fabric-data-attachment-api-v1, fabric-data-generation-api-v1, fabric-dimensions-v1, fabric-entity-events-v1, fabric-events-interaction-v0, fabric-game-rule-api-v1, fabric-gametest-api-v1, fabric-item-api-v1, fabric-item-group-api-v1, fabric-key-binding-api-v1, fabric-lifecycle-events-v1, fabric-loot-api-v2, fabric-loot-api-v3, fabric-message-api-v1, fabric-model-loading-api-v1, fabric-networking-api-v1, fabric-object-builder-api-v1, fabric-particles-v1, fabric-recipe-api-v1, fabric-registry-sync-v0, fabric-renderer-api-v1, fabric-renderer-indigo, fabric-rendering-fluids-v1, fabric-rendering-v1, fabric-resource-conditions-api-v1, fabric-resource-loader-v0, fabric-screen-api-v1, fabric-screen-handler-api-v1, fabric-sound-api-v1, fabric-tag-api-v1, fabric-transfer-api-v1, fabric-transitive-access-wideners-v1, fabricloader]
[17:19:26] [Render thread/DEBUG] (net.fabricmc.fabric.impl.resource.loader.ModResourcePackUtil) [Fabric] cur @ fabric, auto-enabled modmenu, currently enabled: [vanilla, fabric, fabric-api, fabric-api-base, fabric-api-lookup-api-v1, fabric-biome-api-v1, fabric-block-api-v1, fabric-block-view-api-v2, fabric-client-gametest-api-v1, fabric-command-api-v2, fabric-content-registries-v0, fabric-convention-tags-v1, fabric-convention-tags-v2, fabric-crash-report-info-v1, fabric-data-attachment-api-v1, fabric-data-generation-api-v1, fabric-dimensions-v1, fabric-entity-events-v1, fabric-events-interaction-v0, fabric-game-rule-api-v1, fabric-gametest-api-v1, fabric-item-api-v1, fabric-item-group-api-v1, fabric-key-binding-api-v1, fabric-lifecycle-events-v1, fabric-loot-api-v2, fabric-loot-api-v3, fabric-message-api-v1, fabric-model-loading-api-v1, fabric-networking-api-v1, fabric-object-builder-api-v1, fabric-particles-v1, fabric-recipe-api-v1, fabric-registry-sync-v0, fabric-renderer-api-v1, fabric-renderer-indigo, fabric-rendering-fluids-v1, fabric-rendering-v1, fabric-resource-conditions-api-v1, fabric-resource-loader-v0, fabric-screen-api-v1, fabric-screen-handler-api-v1, fabric-sound-api-v1, fabric-tag-api-v1, fabric-transfer-api-v1, fabric-transitive-access-wideners-v1, fabricloader, modmenu]
[17:19:26] [Render thread/DEBUG] (net.fabricmc.fabric.impl.resource.loader.ModResourcePackUtil) [Fabric] cur @ fabric, auto-enabled noflamesmoke, currently enabled: [vanilla, fabric, fabric-api, fabric-api-base, fabric-api-lookup-api-v1, fabric-biome-api-v1, fabric-block-api-v1, fabric-block-view-api-v2, fabric-client-gametest-api-v1, fabric-command-api-v2, fabric-content-registries-v0, fabric-convention-tags-v1, fabric-convention-tags-v2, fabric-crash-report-info-v1, fabric-data-attachment-api-v1, fabric-data-generation-api-v1, fabric-dimensions-v1, fabric-entity-events-v1, fabric-events-interaction-v0, fabric-game-rule-api-v1, fabric-gametest-api-v1, fabric-item-api-v1, fabric-item-group-api-v1, fabric-key-binding-api-v1, fabric-lifecycle-events-v1, fabric-loot-api-v2, fabric-loot-api-v3, fabric-message-api-v1, fabric-model-loading-api-v1, fabric-networking-api-v1, fabric-object-builder-api-v1, fabric-particles-v1, fabric-recipe-api-v1, fabric-registry-sync-v0, fabric-renderer-api-v1, fabric-renderer-indigo, fabric-rendering-fluids-v1, fabric-rendering-v1, fabric-resource-conditions-api-v1, fabric-resource-loader-v0, fabric-screen-api-v1, fabric-screen-handler-api-v1, fabric-sound-api-v1, fabric-tag-api-v1, fabric-transfer-api-v1, fabric-transitive-access-wideners-v1, fabricloader, modmenu, noflamesmoke]
[17:19:26] [Render thread/DEBUG] (net.fabricmc.fabric.impl.resource.loader.ModResourcePackUtil) [Fabric] Final sorting result: [vanilla, fabric, fabric-api, fabric-api-base, fabric-api-lookup-api-v1, fabric-biome-api-v1, fabric-block-api-v1, fabric-block-view-api-v2, fabric-client-gametest-api-v1, fabric-command-api-v2, fabric-content-registries-v0, fabric-convention-tags-v1, fabric-convention-tags-v2, fabric-crash-report-info-v1, fabric-data-attachment-api-v1, fabric-data-generation-api-v1, fabric-dimensions-v1, fabric-entity-events-v1, fabric-events-interaction-v0, fabric-game-rule-api-v1, fabric-gametest-api-v1, fabric-item-api-v1, fabric-item-group-api-v1, fabric-key-binding-api-v1, fabric-lifecycle-events-v1, fabric-loot-api-v2, fabric-loot-api-v3, fabric-message-api-v1, fabric-model-loading-api-v1, fabric-networking-api-v1, fabric-object-builder-api-v1, fabric-particles-v1, fabric-recipe-api-v1, fabric-registry-sync-v0, fabric-renderer-api-v1, fabric-renderer-indigo, fabric-rendering-fluids-v1, fabric-rendering-v1, fabric-resource-conditions-api-v1, fabric-resource-loader-v0, fabric-screen-api-v1, fabric-screen-handler-api-v1, fabric-sound-api-v1, fabric-tag-api-v1, fabric-transfer-api-v1, fabric-transitive-access-wideners-v1, fabricloader, modmenu, noflamesmoke]
[17:19:26] [Render thread/DEBUG] (net.fabricmc.fabric.impl.resource.loader.ModResourcePackUtil) [Fabric] Starting internal pack sorting with: [vanilla, fabric, fabric-api, fabric-api-base, fabric-api-lookup-api-v1, fabric-biome-api-v1, fabric-block-api-v1, fabric-block-view-api-v2, fabric-client-gametest-api-v1, fabric-command-api-v2, fabric-content-registries-v0, fabric-convention-tags-v1, fabric-convention-tags-v2, fabric-crash-report-info-v1, fabric-data-attachment-api-v1, fabric-data-generation-api-v1, fabric-dimensions-v1, fabric-entity-events-v1, fabric-events-interaction-v0, fabric-game-rule-api-v1, fabric-gametest-api-v1, fabric-item-api-v1, fabric-item-group-api-v1, fabric-item-group-api-v1_programmer_art, fabric-key-binding-api-v1, fabric-lifecycle-events-v1, fabric-loot-api-v2, fabric-loot-api-v3, fabric-message-api-v1, fabric-model-loading-api-v1, fabric-networking-api-v1, fabric-object-builder-api-v1, fabric-particles-v1, fabric-recipe-api-v1, fabric-registry-sync-v0, fabric-renderer-api-v1, fabric-renderer-indigo, fabric-rendering-fluids-v1, fabric-rendering-v1, fabric-resource-conditions-api-v1, fabric-resource-loader-v0, fabric-screen-api-v1, fabric-screen-handler-api-v1, fabric-sound-api-v1, fabric-tag-api-v1, fabric-transfer-api-v1, fabric-transitive-access-wideners-v1, fabricloader, modmenu, modmenu_high_contrast, modmenu_programmer_art, noflamesmoke]
[17:19:26] [Render thread/DEBUG] (net.fabricmc.fabric.impl.resource.loader.ModResourcePackUtil) [Fabric] Removed all internal packs, result: [vanilla, fabric]
[17:19:26] [Render thread/DEBUG] (net.fabricmc.fabric.impl.resource.loader.ModResourcePackUtil) [Fabric] cur @ fabric, auto-enabled fabric-api, currently enabled: [vanilla, fabric, fabric-api]
[17:19:26] [Render thread/DEBUG] (net.fabricmc.fabric.impl.resource.loader.ModResourcePackUtil) [Fabric] cur @ fabric, auto-enabled fabric-api-base, currently enabled: [vanilla, fabric, fabric-api, fabric-api-base]
[17:19:26] [Render thread/DEBUG] (net.fabricmc.fabric.impl.resource.loader.ModResourcePackUtil) [Fabric] cur @ fabric, auto-enabled fabric-api-lookup-api-v1, currently enabled: [vanilla, fabric, fabric-api, fabric-api-base, fabric-api-lookup-api-v1]
[17:19:26] [Render thread/DEBUG] (net.fabricmc.fabric.impl.resource.loader.ModResourcePackUtil) [Fabric] cur @ fabric, auto-enabled fabric-biome-api-v1, currently enabled: [vanilla, fabric, fabric-api, fabric-api-base, fabric-api-lookup-api-v1, fabric-biome-api-v1]
[17:19:26] [Render thread/DEBUG] (net.fabricmc.fabric.impl.resource.loader.ModResourcePackUtil) [Fabric] cur @ fabric, auto-enabled fabric-block-api-v1, currently enabled: [vanilla, fabric, fabric-api, fabric-api-base, fabric-api-lookup-api-v1, fabric-biome-api-v1, fabric-block-api-v1]
[17:19:26] [Render thread/DEBUG] (net.fabricmc.fabric.impl.resource.loader.ModResourcePackUtil) [Fabric] cur @ fabric, auto-enabled fabric-block-view-api-v2, currently enabled: [vanilla, fabric, fabric-api, fabric-api-base, fabric-api-lookup-api-v1, fabric-biome-api-v1, fabric-block-api-v1, fabric-block-view-api-v2]
[17:19:26] [Render thread/DEBUG] (net.fabricmc.fabric.impl.resource.loader.ModResourcePackUtil) [Fabric] cur @ fabric, auto-enabled fabric-client-gametest-api-v1, currently enabled: [vanilla, fabric, fabric-api, fabric-api-base, fabric-api-lookup-api-v1, fabric-biome-api-v1, fabric-block-api-v1, fabric-block-view-api-v2, fabric-client-gametest-api-v1]
[17:19:26] [Render thread/DEBUG] (net.fabricmc.fabric.impl.resource.loader.ModResourcePackUtil) [Fabric] cur @ fabric, auto-enabled fabric-command-api-v2, currently enabled: [vanilla, fabric, fabric-api, fabric-api-base, fabric-api-lookup-api-v1, fabric-biome-api-v1, fabric-block-api-v1, fabric-block-view-api-v2, fabric-client-gametest-api-v1, fabric-command-api-v2]
[17:19:26] [Render thread/DEBUG] (net.fabricmc.fabric.impl.resource.loader.ModResourcePackUtil) [Fabric] cur @ fabric, auto-enabled fabric-content-registries-v0, currently enabled: [vanilla, fabric, fabric-api, fabric-api-base, fabric-api-lookup-api-v1, fabric-biome-api-v1, fabric-block-api-v1, fabric-block-view-api-v2, fabric-client-gametest-api-v1, fabric-command-api-v2, fabric-content-registries-v0]
[17:19:26] [Render thread/DEBUG] (net.fabricmc.fabric.impl.resource.loader.ModResourcePackUtil) [Fabric] cur @ fabric, auto-enabled fabric-convention-tags-v1, currently enabled: [vanilla, fabric, fabric-api, fabric-api-base, fabric-api-lookup-api-v1, fabric-biome-api-v1, fabric-block-api-v1, fabric-block-view-api-v2, fabric-client-gametest-api-v1, fabric-command-api-v2, fabric-content-registries-v0, fabric-convention-tags-v1]
[17:19:26] [Render thread/DEBUG] (net.fabricmc.fabric.impl.resource.loader.ModResourcePackUtil) [Fabric] cur @ fabric, auto-enabled fabric-convention-tags-v2, currently enabled: [vanilla, fabric, fabric-api, fabric-api-base, fabric-api-lookup-api-v1, fabric-biome-api-v1, fabric-block-api-v1, fabric-block-view-api-v2, fabric-client-gametest-api-v1, fabric-command-api-v2, fabric-content-registries-v0, fabric-convention-tags-v1, fabric-convention-tags-v2]
[17:19:26] [Render thread/DEBUG] (net.fabricmc.fabric.impl.resource.loader.ModResourcePackUtil) [Fabric] cur @ fabric, auto-enabled fabric-crash-report-info-v1, currently enabled: [vanilla, fabric, fabric-api, fabric-api-base, fabric-api-lookup-api-v1, fabric-biome-api-v1, fabric-block-api-v1, fabric-block-view-api-v2, fabric-client-gametest-api-v1, fabric-command-api-v2, fabric-content-registries-v0, fabric-convention-tags-v1, fabric-convention-tags-v2, fabric-crash-report-info-v1]
[17:19:26] [Render thread/DEBUG] (net.fabricmc.fabric.impl.resource.loader.ModResourcePackUtil) [Fabric] cur @ fabric, auto-enabled fabric-data-attachment-api-v1, currently enabled: [vanilla, fabric, fabric-api, fabric-api-base, fabric-api-lookup-api-v1, fabric-biome-api-v1, fabric-block-api-v1, fabric-block-view-api-v2, fabric-client-gametest-api-v1, fabric-command-api-v2, fabric-content-registries-v0, fabric-convention-tags-v1, fabric-convention-tags-v2, fabric-crash-report-info-v1, fabric-data-attachment-api-v1]
[17:19:26] [Render thread/DEBUG] (net.fabricmc.fabric.impl.resource.loader.ModResourcePackUtil) [Fabric] cur @ fabric, auto-enabled fabric-data-generation-api-v1, currently enabled: [vanilla, fabric, fabric-api, fabric-api-base, fabric-api-lookup-api-v1, fabric-biome-api-v1, fabric-block-api-v1, fabric-block-view-api-v2, fabric-client-gametest-api-v1, fabric-command-api-v2, fabric-content-registries-v0, fabric-convention-tags-v1, fabric-convention-tags-v2, fabric-crash-report-info-v1, fabric-data-attachment-api-v1, fabric-data-generation-api-v1]
[17:19:26] [Render thread/DEBUG] (net.fabricmc.fabric.impl.resource.loader.ModResourcePackUtil) [Fabric] cur @ fabric, auto-enabled fabric-dimensions-v1, currently enabled: [vanilla, fabric, fabric-api, fabric-api-base, fabric-api-lookup-api-v1, fabric-biome-api-v1, fabric-block-api-v1, fabric-block-view-api-v2, fabric-client-gametest-api-v1, fabric-command-api-v2, fabric-content-registries-v0, fabric-convention-tags-v1, fabric-convention-tags-v2, fabric-crash-report-info-v1, fabric-data-attachment-api-v1, fabric-data-generation-api-v1, fabric-dimensions-v1]
[17:19:26] [Render thread/DEBUG] (net.fabricmc.fabric.impl.resource.loader.ModResourcePackUtil) [Fabric] cur @ fabric, auto-enabled fabric-entity-events-v1, currently enabled: [vanilla, fabric, fabric-api, fabric-api-base, fabric-api-lookup-api-v1, fabric-biome-api-v1, fabric-block-api-v1, fabric-block-view-api-v2, fabric-client-gametest-api-v1, fabric-command-api-v2, fabric-content-registries-v0, fabric-convention-tags-v1, fabric-convention-tags-v2, fabric-crash-report-info-v1, fabric-data-attachment-api-v1, fabric-data-generation-api-v1, fabric-dimensions-v1, fabric-entity-events-v1]
[17:19:26] [Render thread/DEBUG] (net.fabricmc.fabric.impl.resource.loader.ModResourcePackUtil) [Fabric] cur @ fabric, auto-enabled fabric-events-interaction-v0, currently enabled: [vanilla, fabric, fabric-api, fabric-api-base, fabric-api-lookup-api-v1, fabric-biome-api-v1, fabric-block-api-v1, fabric-block-view-api-v2, fabric-client-gametest-api-v1, fabric-command-api-v2, fabric-content-registries-v0, fabric-convention-tags-v1, fabric-convention-tags-v2, fabric-crash-report-info-v1, fabric-data-attachment-api-v1, fabric-data-generation-api-v1, fabric-dimensions-v1, fabric-entity-events-v1, fabric-events-interaction-v0]
[17:19:26] [Render thread/DEBUG] (net.fabricmc.fabric.impl.resource.loader.ModResourcePackUtil) [Fabric] cur @ fabric, auto-enabled fabric-game-rule-api-v1, currently enabled: [vanilla, fabric, fabric-api, fabric-api-base, fabric-api-lookup-api-v1, fabric-biome-api-v1, fabric-block-api-v1, fabric-block-view-api-v2, fabric-client-gametest-api-v1, fabric-command-api-v2, fabric-content-registries-v0, fabric-convention-tags-v1, fabric-convention-tags-v2, fabric-crash-report-info-v1, fabric-data-attachment-api-v1, fabric-data-generation-api-v1, fabric-dimensions-v1, fabric-entity-events-v1, fabric-events-interaction-v0, fabric-game-rule-api-v1]
[17:19:26] [Render thread/DEBUG] (net.fabricmc.fabric.impl.resource.loader.ModResourcePackUtil) [Fabric] cur @ fabric, auto-enabled fabric-gametest-api-v1, currently enabled: [vanilla, fabric, fabric-api, fabric-api-base, fabric-api-lookup-api-v1, fabric-biome-api-v1, fabric-block-api-v1, fabric-block-view-api-v2, fabric-client-gametest-api-v1, fabric-command-api-v2, fabric-content-registries-v0, fabric-convention-tags-v1, fabric-convention-tags-v2, fabric-crash-report-info-v1, fabric-data-attachment-api-v1, fabric-data-generation-api-v1, fabric-dimensions-v1, fabric-entity-events-v1, fabric-events-interaction-v0, fabric-game-rule-api-v1, fabric-gametest-api-v1]
[17:19:26] [Render thread/DEBUG] (net.fabricmc.fabric.impl.resource.loader.ModResourcePackUtil) [Fabric] cur @ fabric, auto-enabled fabric-item-api-v1, currently enabled: [vanilla, fabric, fabric-api, fabric-api-base, fabric-api-lookup-api-v1, fabric-biome-api-v1, fabric-block-api-v1, fabric-block-view-api-v2, fabric-client-gametest-api-v1, fabric-command-api-v2, fabric-content-registries-v0, fabric-convention-tags-v1, fabric-convention-tags-v2, fabric-crash-report-info-v1, fabric-data-attachment-api-v1, fabric-data-generation-api-v1, fabric-dimensions-v1, fabric-entity-events-v1, fabric-events-interaction-v0, fabric-game-rule-api-v1, fabric-gametest-api-v1, fabric-item-api-v1]
[17:19:26] [Render thread/DEBUG] (net.fabricmc.fabric.impl.resource.loader.ModResourcePackUtil) [Fabric] cur @ fabric, auto-enabled fabric-item-group-api-v1, currently enabled: [vanilla, fabric, fabric-api, fabric-api-base, fabric-api-lookup-api-v1, fabric-biome-api-v1, fabric-block-api-v1, fabric-block-view-api-v2, fabric-client-gametest-api-v1, fabric-command-api-v2, fabric-content-registries-v0, fabric-convention-tags-v1, fabric-convention-tags-v2, fabric-crash-report-info-v1, fabric-data-attachment-api-v1, fabric-data-generation-api-v1, fabric-dimensions-v1, fabric-entity-events-v1, fabric-events-interaction-v0, fabric-game-rule-api-v1, fabric-gametest-api-v1, fabric-item-api-v1, fabric-item-group-api-v1]
[17:19:26] [Render thread/DEBUG] (net.fabricmc.fabric.impl.resource.loader.ModResourcePackUtil) [Fabric] cur @ fabric, auto-enabled fabric-key-binding-api-v1, currently enabled: [vanilla, fabric, fabric-api, fabric-api-base, fabric-api-lookup-api-v1, fabric-biome-api-v1, fabric-block-api-v1, fabric-block-view-api-v2, fabric-client-gametest-api-v1, fabric-command-api-v2, fabric-content-registries-v0, fabric-convention-tags-v1, fabric-convention-tags-v2, fabric-crash-report-info-v1, fabric-data-attachment-api-v1, fabric-data-generation-api-v1, fabric-dimensions-v1, fabric-entity-events-v1, fabric-events-interaction-v0, fabric-game-rule-api-v1, fabric-gametest-api-v1, fabric-item-api-v1, fabric-item-group-api-v1, fabric-key-binding-api-v1]
[17:19:26] [Render thread/DEBUG] (net.fabricmc.fabric.impl.resource.loader.ModResourcePackUtil) [Fabric] cur @ fabric, auto-enabled fabric-lifecycle-events-v1, currently enabled: [vanilla, fabric, fabric-api, fabric-api-base, fabric-api-lookup-api-v1, fabric-biome-api-v1, fabric-block-api-v1, fabric-block-view-api-v2, fabric-client-gametest-api-v1, fabric-command-api-v2, fabric-content-registries-v0, fabric-convention-tags-v1, fabric-convention-tags-v2, fabric-crash-report-info-v1, fabric-data-attachment-api-v1, fabric-data-generation-api-v1, fabric-dimensions-v1, fabric-entity-events-v1, fabric-events-interaction-v0, fabric-game-rule-api-v1, fabric-gametest-api-v1, fabric-item-api-v1, fabric-item-group-api-v1, fabric-key-binding-api-v1, fabric-lifecycle-events-v1]
[17:19:26] [Render thread/DEBUG] (net.fabricmc.fabric.impl.resource.loader.ModResourcePackUtil) [Fabric] cur @ fabric, auto-enabled fabric-loot-api-v2, currently enabled: [vanilla, fabric, fabric-api, fabric-api-base, fabric-api-lookup-api-v1, fabric-biome-api-v1, fabric-block-api-v1, fabric-block-view-api-v2, fabric-client-gametest-api-v1, fabric-command-api-v2, fabric-content-registries-v0, fabric-convention-tags-v1, fabric-convention-tags-v2, fabric-crash-report-info-v1, fabric-data-attachment-api-v1, fabric-data-generation-api-v1, fabric-dimensions-v1, fabric-entity-events-v1, fabric-events-interaction-v0, fabric-game-rule-api-v1, fabric-gametest-api-v1, fabric-item-api-v1, fabric-item-group-api-v1, fabric-key-binding-api-v1, fabric-lifecycle-events-v1, fabric-loot-api-v2]
[17:19:26] [Render thread/DEBUG] (net.fabricmc.fabric.impl.resource.loader.ModResourcePackUtil) [Fabric] cur @ fabric, auto-enabled fabric-loot-api-v3, currently enabled: [vanilla, fabric, fabric-api, fabric-api-base, fabric-api-lookup-api-v1, fabric-biome-api-v1, fabric-block-api-v1, fabric-block-view-api-v2, fabric-client-gametest-api-v1, fabric-command-api-v2, fabric-content-registries-v0, fabric-convention-tags-v1, fabric-convention-tags-v2, fabric-crash-report-info-v1, fabric-data-attachment-api-v1, fabric-data-generation-api-v1, fabric-dimensions-v1, fabric-entity-events-v1, fabric-events-interaction-v0, fabric-game-rule-api-v1, fabric-gametest-api-v1, fabric-item-api-v1, fabric-item-group-api-v1, fabric-key-binding-api-v1, fabric-lifecycle-events-v1, fabric-loot-api-v2, fabric-loot-api-v3]
[17:19:26] [Render thread/DEBUG] (net.fabricmc.fabric.impl.resource.loader.ModResourcePackUtil) [Fabric] cur @ fabric, auto-enabled fabric-message-api-v1, currently enabled: [vanilla, fabric, fabric-api, fabric-api-base, fabric-api-lookup-api-v1, fabric-biome-api-v1, fabric-block-api-v1, fabric-block-view-api-v2, fabric-client-gametest-api-v1, fabric-command-api-v2, fabric-content-registries-v0, fabric-convention-tags-v1, fabric-convention-tags-v2, fabric-crash-report-info-v1, fabric-data-attachment-api-v1, fabric-data-generation-api-v1, fabric-dimensions-v1, fabric-entity-events-v1, fabric-events-interaction-v0, fabric-game-rule-api-v1, fabric-gametest-api-v1, fabric-item-api-v1, fabric-item-group-api-v1, fabric-key-binding-api-v1, fabric-lifecycle-events-v1, fabric-loot-api-v2, fabric-loot-api-v3, fabric-message-api-v1]
[17:19:26] [Render thread/DEBUG] (net.fabricmc.fabric.impl.resource.loader.ModResourcePackUtil) [Fabric] cur @ fabric, auto-enabled fabric-model-loading-api-v1, currently enabled: [vanilla, fabric, fabric-api, fabric-api-base, fabric-api-lookup-api-v1, fabric-biome-api-v1, fabric-block-api-v1, fabric-block-view-api-v2, fabric-client-gametest-api-v1, fabric-command-api-v2, fabric-content-registries-v0, fabric-convention-tags-v1, fabric-convention-tags-v2, fabric-crash-report-info-v1, fabric-data-attachment-api-v1, fabric-data-generation-api-v1, fabric-dimensions-v1, fabric-entity-events-v1, fabric-events-interaction-v0, fabric-game-rule-api-v1, fabric-gametest-api-v1, fabric-item-api-v1, fabric-item-group-api-v1, fabric-key-binding-api-v1, fabric-lifecycle-events-v1, fabric-loot-api-v2, fabric-loot-api-v3, fabric-message-api-v1, fabric-model-loading-api-v1]
[17:19:26] [Render thread/DEBUG] (net.fabricmc.fabric.impl.resource.loader.ModResourcePackUtil) [Fabric] cur @ fabric, auto-enabled fabric-networking-api-v1, currently enabled: [vanilla, fabric, fabric-api, fabric-api-base, fabric-api-lookup-api-v1, fabric-biome-api-v1, fabric-block-api-v1, fabric-block-view-api-v2, fabric-client-gametest-api-v1, fabric-command-api-v2, fabric-content-registries-v0, fabric-convention-tags-v1, fabric-convention-tags-v2, fabric-crash-report-info-v1, fabric-data-attachment-api-v1, fabric-data-generation-api-v1, fabric-dimensions-v1, fabric-entity-events-v1, fabric-events-interaction-v0, fabric-game-rule-api-v1, fabric-gametest-api-v1, fabric-item-api-v1, fabric-item-group-api-v1, fabric-key-binding-api-v1, fabric-lifecycle-events-v1, fabric-loot-api-v2, fabric-loot-api-v3, fabric-message-api-v1, fabric-model-loading-api-v1, fabric-networking-api-v1]
[17:19:26] [Render thread/DEBUG] (net.fabricmc.fabric.impl.resource.loader.ModResourcePackUtil) [Fabric] cur @ fabric, auto-enabled fabric-object-builder-api-v1, currently enabled: [vanilla, fabric, fabric-api, fabric-api-base, fabric-api-lookup-api-v1, fabric-biome-api-v1, fabric-block-api-v1, fabric-block-view-api-v2, fabric-client-gametest-api-v1, fabric-command-api-v2, fabric-content-registries-v0, fabric-convention-tags-v1, fabric-convention-tags-v2, fabric-crash-report-info-v1, fabric-data-attachment-api-v1, fabric-data-generation-api-v1, fabric-dimensions-v1, fabric-entity-events-v1, fabric-events-interaction-v0, fabric-game-rule-api-v1, fabric-gametest-api-v1, fabric-item-api-v1, fabric-item-group-api-v1, fabric-key-binding-api-v1, fabric-lifecycle-events-v1, fabric-loot-api-v2, fabric-loot-api-v3, fabric-message-api-v1, fabric-model-loading-api-v1, fabric-networking-api-v1, fabric-object-builder-api-v1]
[17:19:26] [Render thread/DEBUG] (net.fabricmc.fabric.impl.resource.loader.ModResourcePackUtil) [Fabric] cur @ fabric, auto-enabled fabric-particles-v1, currently enabled: [vanilla, fabric, fabric-api, fabric-api-base, fabric-api-lookup-api-v1, fabric-biome-api-v1, fabric-block-api-v1, fabric-block-view-api-v2, fabric-client-gametest-api-v1, fabric-command-api-v2, fabric-content-registries-v0, fabric-convention-tags-v1, fabric-convention-tags-v2, fabric-crash-report-info-v1, fabric-data-attachment-api-v1, fabric-data-generation-api-v1, fabric-dimensions-v1, fabric-entity-events-v1, fabric-events-interaction-v0, fabric-game-rule-api-v1, fabric-gametest-api-v1, fabric-item-api-v1, fabric-item-group-api-v1, fabric-key-binding-api-v1, fabric-lifecycle-events-v1, fabric-loot-api-v2, fabric-loot-api-v3, fabric-message-api-v1, fabric-model-loading-api-v1, fabric-networking-api-v1, fabric-object-builder-api-v1, fabric-particles-v1]
[17:19:26] [Render thread/DEBUG] (net.fabricmc.fabric.impl.resource.loader.ModResourcePackUtil) [Fabric] cur @ fabric, auto-enabled fabric-recipe-api-v1, currently enabled: [vanilla, fabric, fabric-api, fabric-api-base, fabric-api-lookup-api-v1, fabric-biome-api-v1, fabric-block-api-v1, fabric-block-view-api-v2, fabric-client-gametest-api-v1, fabric-command-api-v2, fabric-content-registries-v0, fabric-convention-tags-v1, fabric-convention-tags-v2, fabric-crash-report-info-v1, fabric-data-attachment-api-v1, fabric-data-generation-api-v1, fabric-dimensions-v1, fabric-entity-events-v1, fabric-events-interaction-v0, fabric-game-rule-api-v1, fabric-gametest-api-v1, fabric-item-api-v1, fabric-item-group-api-v1, fabric-key-binding-api-v1, fabric-lifecycle-events-v1, fabric-loot-api-v2, fabric-loot-api-v3, fabric-message-api-v1, fabric-model-loading-api-v1, fabric-networking-api-v1, fabric-object-builder-api-v1, fabric-particles-v1, fabric-recipe-api-v1]
[17:19:26] [Render thread/DEBUG] (net.fabricmc.fabric.impl.resource.loader.ModResourcePackUtil) [Fabric] cur @ fabric, auto-enabled fabric-registry-sync-v0, currently enabled: [vanilla, fabric, fabric-api, fabric-api-base, fabric-api-lookup-api-v1, fabric-biome-api-v1, fabric-block-api-v1, fabric-block-view-api-v2, fabric-client-gametest-api-v1, fabric-command-api-v2, fabric-content-registries-v0, fabric-convention-tags-v1, fabric-convention-tags-v2, fabric-crash-report-info-v1, fabric-data-attachment-api-v1, fabric-data-generation-api-v1, fabric-dimensions-v1, fabric-entity-events-v1, fabric-events-interaction-v0, fabric-game-rule-api-v1, fabric-gametest-api-v1, fabric-item-api-v1, fabric-item-group-api-v1, fabric-key-binding-api-v1, fabric-lifecycle-events-v1, fabric-loot-api-v2, fabric-loot-api-v3, fabric-message-api-v1, fabric-model-loading-api-v1, fabric-networking-api-v1, fabric-object-builder-api-v1, fabric-particles-v1, fabric-recipe-api-v1, fabric-registry-sync-v0]
[17:19:26] [Render thread/DEBUG] (net.fabricmc.fabric.impl.resource.loader.ModResourcePackUtil) [Fabric] cur @ fabric, auto-enabled fabric-renderer-api-v1, currently enabled: [vanilla, fabric, fabric-api, fabric-api-base, fabric-api-lookup-api-v1, fabric-biome-api-v1, fabric-block-api-v1, fabric-block-view-api-v2, fabric-client-gametest-api-v1, fabric-command-api-v2, fabric-content-registries-v0, fabric-convention-tags-v1, fabric-convention-tags-v2, fabric-crash-report-info-v1, fabric-data-attachment-api-v1, fabric-data-generation-api-v1, fabric-dimensions-v1, fabric-entity-events-v1, fabric-events-interaction-v0, fabric-game-rule-api-v1, fabric-gametest-api-v1, fabric-item-api-v1, fabric-item-group-api-v1, fabric-key-binding-api-v1, fabric-lifecycle-events-v1, fabric-loot-api-v2, fabric-loot-api-v3, fabric-message-api-v1, fabric-model-loading-api-v1, fabric-networking-api-v1, fabric-object-builder-api-v1, fabric-particles-v1, fabric-recipe-api-v1, fabric-registry-sync-v0, fabric-renderer-api-v1]
[17:19:26] [Render thread/DEBUG] (net.fabricmc.fabric.impl.resource.loader.ModResourcePackUtil) [Fabric] cur @ fabric, auto-enabled fabric-renderer-indigo, currently enabled: [vanilla, fabric, fabric-api, fabric-api-base, fabric-api-lookup-api-v1, fabric-biome-api-v1, fabric-block-api-v1, fabric-block-view-api-v2, fabric-client-gametest-api-v1, fabric-command-api-v2, fabric-content-registries-v0, fabric-convention-tags-v1, fabric-convention-tags-v2, fabric-crash-report-info-v1, fabric-data-attachment-api-v1, fabric-data-generation-api-v1, fabric-dimensions-v1, fabric-entity-events-v1, fabric-events-interaction-v0, fabric-game-rule-api-v1, fabric-gametest-api-v1, fabric-item-api-v1, fabric-item-group-api-v1, fabric-key-binding-api-v1, fabric-lifecycle-events-v1, fabric-loot-api-v2, fabric-loot-api-v3, fabric-message-api-v1, fabric-model-loading-api-v1, fabric-networking-api-v1, fabric-object-builder-api-v1, fabric-particles-v1, fabric-recipe-api-v1, fabric-registry-sync-v0, fabric-renderer-api-v1, fabric-renderer-indigo]
[17:19:26] [Render thread/DEBUG] (net.fabricmc.fabric.impl.resource.loader.ModResourcePackUtil) [Fabric] cur @ fabric, auto-enabled fabric-rendering-fluids-v1, currently enabled: [vanilla, fabric, fabric-api, fabric-api-base, fabric-api-lookup-api-v1, fabric-biome-api-v1, fabric-block-api-v1, fabric-block-view-api-v2, fabric-client-gametest-api-v1, fabric-command-api-v2, fabric-content-registries-v0, fabric-convention-tags-v1, fabric-convention-tags-v2, fabric-crash-report-info-v1, fabric-data-attachment-api-v1, fabric-data-generation-api-v1, fabric-dimensions-v1, fabric-entity-events-v1, fabric-events-interaction-v0, fabric-game-rule-api-v1, fabric-gametest-api-v1, fabric-item-api-v1, fabric-item-group-api-v1, fabric-key-binding-api-v1, fabric-lifecycle-events-v1, fabric-loot-api-v2, fabric-loot-api-v3, fabric-message-api-v1, fabric-model-loading-api-v1, fabric-networking-api-v1, fabric-object-builder-api-v1, fabric-particles-v1, fabric-recipe-api-v1, fabric-registry-sync-v0, fabric-renderer-api-v1, fabric-renderer-indigo, fabric-rendering-fluids-v1]
[17:19:26] [Render thread/DEBUG] (net.fabricmc.fabric.impl.resource.loader.ModResourcePackUtil) [Fabric] cur @ fabric, auto-enabled fabric-rendering-v1, currently enabled: [vanilla, fabric, fabric-api, fabric-api-base, fabric-api-lookup-api-v1, fabric-biome-api-v1, fabric-block-api-v1, fabric-block-view-api-v2, fabric-client-gametest-api-v1, fabric-command-api-v2, fabric-content-registries-v0, fabric-convention-tags-v1, fabric-convention-tags-v2, fabric-crash-report-info-v1, fabric-data-attachment-api-v1, fabric-data-generation-api-v1, fabric-dimensions-v1, fabric-entity-events-v1, fabric-events-interaction-v0, fabric-game-rule-api-v1, fabric-gametest-api-v1, fabric-item-api-v1, fabric-item-group-api-v1, fabric-key-binding-api-v1, fabric-lifecycle-events-v1, fabric-loot-api-v2, fabric-loot-api-v3, fabric-message-api-v1, fabric-model-loading-api-v1, fabric-networking-api-v1, fabric-object-builder-api-v1, fabric-particles-v1, fabric-recipe-api-v1, fabric-registry-sync-v0, fabric-renderer-api-v1, fabric-renderer-indigo, fabric-rendering-fluids-v1, fabric-rendering-v1]
[17:19:26] [Render thread/DEBUG] (net.fabricmc.fabric.impl.resource.loader.ModResourcePackUtil) [Fabric] cur @ fabric, auto-enabled fabric-resource-conditions-api-v1, currently enabled: [vanilla, fabric, fabric-api, fabric-api-base, fabric-api-lookup-api-v1, fabric-biome-api-v1, fabric-block-api-v1, fabric-block-view-api-v2, fabric-client-gametest-api-v1, fabric-command-api-v2, fabric-content-registries-v0, fabric-convention-tags-v1, fabric-convention-tags-v2, fabric-crash-report-info-v1, fabric-data-attachment-api-v1, fabric-data-generation-api-v1, fabric-dimensions-v1, fabric-entity-events-v1, fabric-events-interaction-v0, fabric-game-rule-api-v1, fabric-gametest-api-v1, fabric-item-api-v1, fabric-item-group-api-v1, fabric-key-binding-api-v1, fabric-lifecycle-events-v1, fabric-loot-api-v2, fabric-loot-api-v3, fabric-message-api-v1, fabric-model-loading-api-v1, fabric-networking-api-v1, fabric-object-builder-api-v1, fabric-particles-v1, fabric-recipe-api-v1, fabric-registry-sync-v0, fabric-renderer-api-v1, fabric-renderer-indigo, fabric-rendering-fluids-v1, fabric-rendering-v1, fabric-resource-conditions-api-v1]
[17:19:26] [Render thread/DEBUG] (net.fabricmc.fabric.impl.resource.loader.ModResourcePackUtil) [Fabric] cur @ fabric, auto-enabled fabric-resource-loader-v0, currently enabled: [vanilla, fabric, fabric-api, fabric-api-base, fabric-api-lookup-api-v1, fabric-biome-api-v1, fabric-block-api-v1, fabric-block-view-api-v2, fabric-client-gametest-api-v1, fabric-command-api-v2, fabric-content-registries-v0, fabric-convention-tags-v1, fabric-convention-tags-v2, fabric-crash-report-info-v1, fabric-data-attachment-api-v1, fabric-data-generation-api-v1, fabric-dimensions-v1, fabric-entity-events-v1, fabric-events-interaction-v0, fabric-game-rule-api-v1, fabric-gametest-api-v1, fabric-item-api-v1, fabric-item-group-api-v1, fabric-key-binding-api-v1, fabric-lifecycle-events-v1, fabric-loot-api-v2, fabric-loot-api-v3, fabric-message-api-v1, fabric-model-loading-api-v1, fabric-networking-api-v1, fabric-object-builder-api-v1, fabric-particles-v1, fabric-recipe-api-v1, fabric-registry-sync-v0, fabric-renderer-api-v1, fabric-renderer-indigo, fabric-rendering-fluids-v1, fabric-rendering-v1, fabric-resource-conditions-api-v1, fabric-resource-loader-v0]
[17:19:26] [Render thread/DEBUG] (net.fabricmc.fabric.impl.resource.loader.ModResourcePackUtil) [Fabric] cur @ fabric, auto-enabled fabric-screen-api-v1, currently enabled: [vanilla, fabric, fabric-api, fabric-api-base, fabric-api-lookup-api-v1, fabric-biome-api-v1, fabric-block-api-v1, fabric-block-view-api-v2, fabric-client-gametest-api-v1, fabric-command-api-v2, fabric-content-registries-v0, fabric-convention-tags-v1, fabric-convention-tags-v2, fabric-crash-report-info-v1, fabric-data-attachment-api-v1, fabric-data-generation-api-v1, fabric-dimensions-v1, fabric-entity-events-v1, fabric-events-interaction-v0, fabric-game-rule-api-v1, fabric-gametest-api-v1, fabric-item-api-v1, fabric-item-group-api-v1, fabric-key-binding-api-v1, fabric-lifecycle-events-v1, fabric-loot-api-v2, fabric-loot-api-v3, fabric-message-api-v1, fabric-model-loading-api-v1, fabric-networking-api-v1, fabric-object-builder-api-v1, fabric-particles-v1, fabric-recipe-api-v1, fabric-registry-sync-v0, fabric-renderer-api-v1, fabric-renderer-indigo, fabric-rendering-fluids-v1, fabric-rendering-v1, fabric-resource-conditions-api-v1, fabric-resource-loader-v0, fabric-screen-api-v1]
[17:19:26] [Render thread/DEBUG] (net.fabricmc.fabric.impl.resource.loader.ModResourcePackUtil) [Fabric] cur @ fabric, auto-enabled fabric-screen-handler-api-v1, currently enabled: [vanilla, fabric, fabric-api, fabric-api-base, fabric-api-lookup-api-v1, fabric-biome-api-v1, fabric-block-api-v1, fabric-block-view-api-v2, fabric-client-gametest-api-v1, fabric-command-api-v2, fabric-content-registries-v0, fabric-convention-tags-v1, fabric-convention-tags-v2, fabric-crash-report-info-v1, fabric-data-attachment-api-v1, fabric-data-generation-api-v1, fabric-dimensions-v1, fabric-entity-events-v1, fabric-events-interaction-v0, fabric-game-rule-api-v1, fabric-gametest-api-v1, fabric-item-api-v1, fabric-item-group-api-v1, fabric-key-binding-api-v1, fabric-lifecycle-events-v1, fabric-loot-api-v2, fabric-loot-api-v3, fabric-message-api-v1, fabric-model-loading-api-v1, fabric-networking-api-v1, fabric-object-builder-api-v1, fabric-particles-v1, fabric-recipe-api-v1, fabric-registry-sync-v0, fabric-renderer-api-v1, fabric-renderer-indigo, fabric-rendering-fluids-v1, fabric-rendering-v1, fabric-resource-conditions-api-v1, fabric-resource-loader-v0, fabric-screen-api-v1, fabric-screen-handler-api-v1]
[17:19:26] [Render thread/DEBUG] (net.fabricmc.fabric.impl.resource.loader.ModResourcePackUtil) [Fabric] cur @ fabric, auto-enabled fabric-sound-api-v1, currently enabled: [vanilla, fabric, fabric-api, fabric-api-base, fabric-api-lookup-api-v1, fabric-biome-api-v1, fabric-block-api-v1, fabric-block-view-api-v2, fabric-client-gametest-api-v1, fabric-command-api-v2, fabric-content-registries-v0, fabric-convention-tags-v1, fabric-convention-tags-v2, fabric-crash-report-info-v1, fabric-data-attachment-api-v1, fabric-data-generation-api-v1, fabric-dimensions-v1, fabric-entity-events-v1, fabric-events-interaction-v0, fabric-game-rule-api-v1, fabric-gametest-api-v1, fabric-item-api-v1, fabric-item-group-api-v1, fabric-key-binding-api-v1, fabric-lifecycle-events-v1, fabric-loot-api-v2, fabric-loot-api-v3, fabric-message-api-v1, fabric-model-loading-api-v1, fabric-networking-api-v1, fabric-object-builder-api-v1, fabric-particles-v1, fabric-recipe-api-v1, fabric-registry-sync-v0, fabric-renderer-api-v1, fabric-renderer-indigo, fabric-rendering-fluids-v1, fabric-rendering-v1, fabric-resource-conditions-api-v1, fabric-resource-loader-v0, fabric-screen-api-v1, fabric-screen-handler-api-v1, fabric-sound-api-v1]
[17:19:26] [Render thread/DEBUG] (net.fabricmc.fabric.impl.resource.loader.ModResourcePackUtil) [Fabric] cur @ fabric, auto-enabled fabric-tag-api-v1, currently enabled: [vanilla, fabric, fabric-api, fabric-api-base, fabric-api-lookup-api-v1, fabric-biome-api-v1, fabric-block-api-v1, fabric-block-view-api-v2, fabric-client-gametest-api-v1, fabric-command-api-v2, fabric-content-registries-v0, fabric-convention-tags-v1, fabric-convention-tags-v2, fabric-crash-report-info-v1, fabric-data-attachment-api-v1, fabric-data-generation-api-v1, fabric-dimensions-v1, fabric-entity-events-v1, fabric-events-interaction-v0, fabric-game-rule-api-v1, fabric-gametest-api-v1, fabric-item-api-v1, fabric-item-group-api-v1, fabric-key-binding-api-v1, fabric-lifecycle-events-v1, fabric-loot-api-v2, fabric-loot-api-v3, fabric-message-api-v1, fabric-model-loading-api-v1, fabric-networking-api-v1, fabric-object-builder-api-v1, fabric-particles-v1, fabric-recipe-api-v1, fabric-registry-sync-v0, fabric-renderer-api-v1, fabric-renderer-indigo, fabric-rendering-fluids-v1, fabric-rendering-v1, fabric-resource-conditions-api-v1, fabric-resource-loader-v0, fabric-screen-api-v1, fabric-screen-handler-api-v1, fabric-sound-api-v1, fabric-tag-api-v1]
[17:19:26] [Render thread/DEBUG] (net.fabricmc.fabric.impl.resource.loader.ModResourcePackUtil) [Fabric] cur @ fabric, auto-enabled fabric-transfer-api-v1, currently enabled: [vanilla, fabric, fabric-api, fabric-api-base, fabric-api-lookup-api-v1, fabric-biome-api-v1, fabric-block-api-v1, fabric-block-view-api-v2, fabric-client-gametest-api-v1, fabric-command-api-v2, fabric-content-registries-v0, fabric-convention-tags-v1, fabric-convention-tags-v2, fabric-crash-report-info-v1, fabric-data-attachment-api-v1, fabric-data-generation-api-v1, fabric-dimensions-v1, fabric-entity-events-v1, fabric-events-interaction-v0, fabric-game-rule-api-v1, fabric-gametest-api-v1, fabric-item-api-v1, fabric-item-group-api-v1, fabric-key-binding-api-v1, fabric-lifecycle-events-v1, fabric-loot-api-v2, fabric-loot-api-v3, fabric-message-api-v1, fabric-model-loading-api-v1, fabric-networking-api-v1, fabric-object-builder-api-v1, fabric-particles-v1, fabric-recipe-api-v1, fabric-registry-sync-v0, fabric-renderer-api-v1, fabric-renderer-indigo, fabric-rendering-fluids-v1, fabric-rendering-v1, fabric-resource-conditions-api-v1, fabric-resource-loader-v0, fabric-screen-api-v1, fabric-screen-handler-api-v1, fabric-sound-api-v1, fabric-tag-api-v1, fabric-transfer-api-v1]
[17:19:26] [Render thread/DEBUG] (net.fabricmc.fabric.impl.resource.loader.ModResourcePackUtil) [Fabric] cur @ fabric, auto-enabled fabric-transitive-access-wideners-v1, currently enabled: [vanilla, fabric, fabric-api, fabric-api-base, fabric-api-lookup-api-v1, fabric-biome-api-v1, fabric-block-api-v1, fabric-block-view-api-v2, fabric-client-gametest-api-v1, fabric-command-api-v2, fabric-content-registries-v0, fabric-convention-tags-v1, fabric-convention-tags-v2, fabric-crash-report-info-v1, fabric-data-attachment-api-v1, fabric-data-generation-api-v1, fabric-dimensions-v1, fabric-entity-events-v1, fabric-events-interaction-v0, fabric-game-rule-api-v1, fabric-gametest-api-v1, fabric-item-api-v1, fabric-item-group-api-v1, fabric-key-binding-api-v1, fabric-lifecycle-events-v1, fabric-loot-api-v2, fabric-loot-api-v3, fabric-message-api-v1, fabric-model-loading-api-v1, fabric-networking-api-v1, fabric-object-builder-api-v1, fabric-particles-v1, fabric-recipe-api-v1, fabric-registry-sync-v0, fabric-renderer-api-v1, fabric-renderer-indigo, fabric-rendering-fluids-v1, fabric-rendering-v1, fabric-resource-conditions-api-v1, fabric-resource-loader-v0, fabric-screen-api-v1, fabric-screen-handler-api-v1, fabric-sound-api-v1, fabric-tag-api-v1, fabric-transfer-api-v1, fabric-transitive-access-wideners-v1]
[17:19:26] [Render thread/DEBUG] (net.fabricmc.fabric.impl.resource.loader.ModResourcePackUtil) [Fabric] cur @ fabric, auto-enabled fabricloader, currently enabled: [vanilla, fabric, fabric-api, fabric-api-base, fabric-api-lookup-api-v1, fabric-biome-api-v1, fabric-block-api-v1, fabric-block-view-api-v2, fabric-client-gametest-api-v1, fabric-command-api-v2, fabric-content-registries-v0, fabric-convention-tags-v1, fabric-convention-tags-v2, fabric-crash-report-info-v1, fabric-data-attachment-api-v1, fabric-data-generation-api-v1, fabric-dimensions-v1, fabric-entity-events-v1, fabric-events-interaction-v0, fabric-game-rule-api-v1, fabric-gametest-api-v1, fabric-item-api-v1, fabric-item-group-api-v1, fabric-key-binding-api-v1, fabric-lifecycle-events-v1, fabric-loot-api-v2, fabric-loot-api-v3, fabric-message-api-v1, fabric-model-loading-api-v1, fabric-networking-api-v1, fabric-object-builder-api-v1, fabric-particles-v1, fabric-recipe-api-v1, fabric-registry-sync-v0, fabric-renderer-api-v1, fabric-renderer-indigo, fabric-rendering-fluids-v1, fabric-rendering-v1, fabric-resource-conditions-api-v1, fabric-resource-loader-v0, fabric-screen-api-v1, fabric-screen-handler-api-v1, fabric-sound-api-v1, fabric-tag-api-v1, fabric-transfer-api-v1, fabric-transitive-access-wideners-v1, fabricloader]
[17:19:26] [Render thread/DEBUG] (net.fabricmc.fabric.impl.resource.loader.ModResourcePackUtil) [Fabric] cur @ fabric, auto-enabled modmenu, currently enabled: [vanilla, fabric, fabric-api, fabric-api-base, fabric-api-lookup-api-v1, fabric-biome-api-v1, fabric-block-api-v1, fabric-block-view-api-v2, fabric-client-gametest-api-v1, fabric-command-api-v2, fabric-content-registries-v0, fabric-convention-tags-v1, fabric-convention-tags-v2, fabric-crash-report-info-v1, fabric-data-attachment-api-v1, fabric-data-generation-api-v1, fabric-dimensions-v1, fabric-entity-events-v1, fabric-events-interaction-v0, fabric-game-rule-api-v1, fabric-gametest-api-v1, fabric-item-api-v1, fabric-item-group-api-v1, fabric-key-binding-api-v1, fabric-lifecycle-events-v1, fabric-loot-api-v2, fabric-loot-api-v3, fabric-message-api-v1, fabric-model-loading-api-v1, fabric-networking-api-v1, fabric-object-builder-api-v1, fabric-particles-v1, fabric-recipe-api-v1, fabric-registry-sync-v0, fabric-renderer-api-v1, fabric-renderer-indigo, fabric-rendering-fluids-v1, fabric-rendering-v1, fabric-resource-conditions-api-v1, fabric-resource-loader-v0, fabric-screen-api-v1, fabric-screen-handler-api-v1, fabric-sound-api-v1, fabric-tag-api-v1, fabric-transfer-api-v1, fabric-transitive-access-wideners-v1, fabricloader, modmenu]
[17:19:26] [Render thread/DEBUG] (net.fabricmc.fabric.impl.resource.loader.ModResourcePackUtil) [Fabric] cur @ fabric, auto-enabled noflamesmoke, currently enabled: [vanilla, fabric, fabric-api, fabric-api-base, fabric-api-lookup-api-v1, fabric-biome-api-v1, fabric-block-api-v1, fabric-block-view-api-v2, fabric-client-gametest-api-v1, fabric-command-api-v2, fabric-content-registries-v0, fabric-convention-tags-v1, fabric-convention-tags-v2, fabric-crash-report-info-v1, fabric-data-attachment-api-v1, fabric-data-generation-api-v1, fabric-dimensions-v1, fabric-entity-events-v1, fabric-events-interaction-v0, fabric-game-rule-api-v1, fabric-gametest-api-v1, fabric-item-api-v1, fabric-item-group-api-v1, fabric-key-binding-api-v1, fabric-lifecycle-events-v1, fabric-loot-api-v2, fabric-loot-api-v3, fabric-message-api-v1, fabric-model-loading-api-v1, fabric-networking-api-v1, fabric-object-builder-api-v1, fabric-particles-v1, fabric-recipe-api-v1, fabric-registry-sync-v0, fabric-renderer-api-v1, fabric-renderer-indigo, fabric-rendering-fluids-v1, fabric-rendering-v1, fabric-resource-conditions-api-v1, fabric-resource-loader-v0, fabric-screen-api-v1, fabric-screen-handler-api-v1, fabric-sound-api-v1, fabric-tag-api-v1, fabric-transfer-api-v1, fabric-transitive-access-wideners-v1, fabricloader, modmenu, noflamesmoke]
[17:19:26] [Render thread/DEBUG] (net.fabricmc.fabric.impl.resource.loader.ModResourcePackUtil) [Fabric] Final sorting result: [vanilla, fabric, fabric-api, fabric-api-base, fabric-api-lookup-api-v1, fabric-biome-api-v1, fabric-block-api-v1, fabric-block-view-api-v2, fabric-client-gametest-api-v1, fabric-command-api-v2, fabric-content-registries-v0, fabric-convention-tags-v1, fabric-convention-tags-v2, fabric-crash-report-info-v1, fabric-data-attachment-api-v1, fabric-data-generation-api-v1, fabric-dimensions-v1, fabric-entity-events-v1, fabric-events-interaction-v0, fabric-game-rule-api-v1, fabric-gametest-api-v1, fabric-item-api-v1, fabric-item-group-api-v1, fabric-key-binding-api-v1, fabric-lifecycle-events-v1, fabric-loot-api-v2, fabric-loot-api-v3, fabric-message-api-v1, fabric-model-loading-api-v1, fabric-networking-api-v1, fabric-object-builder-api-v1, fabric-particles-v1, fabric-recipe-api-v1, fabric-registry-sync-v0, fabric-renderer-api-v1, fabric-renderer-indigo, fabric-rendering-fluids-v1, fabric-rendering-v1, fabric-resource-conditions-api-v1, fabric-resource-loader-v0, fabric-screen-api-v1, fabric-screen-handler-api-v1, fabric-sound-api-v1, fabric-tag-api-v1, fabric-transfer-api-v1, fabric-transitive-access-wideners-v1, fabricloader, modmenu, noflamesmoke]
[17:19:26] [Render thread/DEBUG] (FabricLoader/Mixin) Mixing KeyedResourceReloadListenerClientMixin from fabric-resource-loader-v0.client.mixins.json into net.minecraft.client.resource.language.LanguageManager
[17:19:26] [Render thread/DEBUG] (FabricLoader/Mixin) Mixing KeyedResourceReloadListenerClientMixin from fabric-resource-loader-v0.client.mixins.json into net.minecraft.client.texture.TextureManager
[17:19:26] [Render thread/DEBUG] (FabricLoader/Mixin) Mixing KeyedResourceReloadListenerClientMixin from fabric-resource-loader-v0.client.mixins.json into net.minecraft.client.sound.SoundManager
[17:19:26] [Render thread/DEBUG] (FabricLoader/Mixin) Mixing SoundSystemMixin from fabric-sound-api-v1.mixins.json into net.minecraft.client.sound.SoundSystem
[17:19:26] [Render thread/DEBUG] (FabricLoader/Mixin) Mixing FontManagerMixin from fabric-resource-loader-v0.client.mixins.json into net.minecraft.client.font.FontManager
[17:19:26] [Render thread/DEBUG] (FabricLoader/Mixin) Mixing BlockColorsMixin from fabric-rendering-v1.mixins.json into net.minecraft.client.color.block.BlockColors
[17:19:26] [Render thread/DEBUG] (FabricLoader/Mixin) Mixing BlockColorsMixin from fabric-registry-sync-v0.client.mixins.json into net.minecraft.client.color.block.BlockColors
[17:19:26] [Render thread/DEBUG] (FabricLoader/Mixin) fabric-rendering-v1.mixins.json:BlockColorsMixin from mod fabric-rendering-v1->@Inject::create(Lorg/spongepowered/asm/mixin/injection/callback/CallbackInfoReturnable;)V does use it's CallbackInfoReturnable
[17:19:26] [Render thread/DEBUG] (FabricLoader/Mixin) fabric-registry-sync-v0.client.mixins.json:BlockColorsMixin from mod fabric-registry-sync-v0->@Inject::create(Lorg/spongepowered/asm/mixin/injection/callback/CallbackInfo;)V doesn't use it's CallbackInfo
[17:19:26] [Render thread/DEBUG] (FabricLoader/Mixin) fabric-registry-sync-v0.client.mixins.json:BlockColorsMixin from mod fabric-registry-sync-v0->@Inject::create(Lorg/spongepowered/asm/mixin/injection/callback/CallbackInfo;)V has 0 override(s) in child classes
[17:19:26] [Render thread/DEBUG] (FabricLoader/Mixin) fabric-registry-sync-v0.client.mixins.json:BlockColorsMixin from mod fabric-registry-sync-v0->@Inject::create(Lorg/spongepowered/asm/mixin/injection/callback/CallbackInfo;)V won't be passed a CallbackInfo as a result
[17:19:26] [Render thread/DEBUG] (FabricLoader/Mixin) Mixing KeyedResourceReloadListenerClientMixin from fabric-resource-loader-v0.client.mixins.json into net.minecraft.client.render.model.BakedModelManager
[17:19:26] [Render thread/DEBUG] (FabricLoader/Mixin) Mixing BakedModelManagerMixin from fabric-model-loading-api-v1.mixins.json into net.minecraft.client.render.model.BakedModelManager
[17:19:26] [Render thread/DEBUG] (FabricLoader/Mixin) Renaming synthetic method lambda$withModelDispatcher$3(Ljava/util/concurrent/CompletableFuture;Ljava/util/function/Function;Ljava/lang/Object;)Ljava/lang/Object; to md9c000e$fabric-model-loading-api-v1$lambda$withModelDispatcher$3$0 in fabric-model-loading-api-v1.mixins.json:BakedModelManagerMixin from mod fabric-model-loading-api-v1
[17:19:26] [Render thread/DEBUG] (FabricLoader/Mixin) Renaming synthetic method lambda$hookBlockStateModels$2(Lnet/minecraft/client/render/model/BlockStatesLoader$LoadedModels;Lnet/fabricmc/fabric/impl/client/model/loading/ModelLoadingEventDispatcher;)Lnet/minecraft/client/render/model/BlockStatesLoader$LoadedModels; to md9c000e$fabric-model-loading-api-v1$lambda$hookBlockStateModels$2$1 in fabric-model-loading-api-v1.mixins.json:BakedModelManagerMixin from mod fabric-model-loading-api-v1
[17:19:26] [Render thread/DEBUG] (FabricLoader/Mixin) Renaming synthetic method lambda$hookModels$1(Ljava/util/Map;Lnet/fabricmc/fabric/impl/client/model/loading/ModelLoadingEventDispatcher;)Ljava/util/Map; to md9c000e$fabric-model-loading-api-v1$lambda$hookModels$1$2 in fabric-model-loading-api-v1.mixins.json:BakedModelManagerMixin from mod fabric-model-loading-api-v1
[17:19:26] [Render thread/DEBUG] (FabricLoader/Mixin) Renaming synthetic method lambda$resetEventDispatcherFuture$0(Ljava/lang/Void;)Ljava/lang/Void; to md9c000e$fabric-model-loading-api-v1$lambda$resetEventDispatcherFuture$0$3 in fabric-model-loading-api-v1.mixins.json:BakedModelManagerMixin from mod fabric-model-loading-api-v1
[17:19:26] [Render thread/DEBUG] (FabricLoader/Mixin) fabric-model-loading-api-v1.mixins.json:BakedModelManagerMixin from mod fabric-model-loading-api-v1->@Inject::onHeadReload(Lnet/minecraft/resource/ResourceReloader$Synchronizer;Lnet/minecraft/resource/ResourceManager;Ljava/util/concurrent/Executor;Ljava/util/concurrent/Executor;Lorg/spongepowered/asm/mixin/injection/callback/CallbackInfoReturnable;)V doesn't use it's CallbackInfoReturnable
[17:19:26] [Render thread/DEBUG] (FabricLoader/Mixin) fabric-model-loading-api-v1.mixins.json:BakedModelManagerMixin from mod fabric-model-loading-api-v1->@Inject::onHeadReload(Lnet/minecraft/resource/ResourceReloader$Synchronizer;Lnet/minecraft/resource/ResourceManager;Ljava/util/concurrent/Executor;Ljava/util/concurrent/Executor;Lorg/spongepowered/asm/mixin/injection/callback/CallbackInfoReturnable;)V has 0 override(s) in child classes
[17:19:26] [Render thread/DEBUG] (FabricLoader/Mixin) fabric-model-loading-api-v1.mixins.json:BakedModelManagerMixin from mod fabric-model-loading-api-v1->@Inject::onHeadReload(Lnet/minecraft/resource/ResourceReloader$Synchronizer;Lnet/minecraft/resource/ResourceManager;Ljava/util/concurrent/Executor;Ljava/util/concurrent/Executor;Lorg/spongepowered/asm/mixin/injection/callback/CallbackInfoReturnable;)V won't be passed a CallbackInfoReturnable as a result
[17:19:26] [Render thread/DEBUG] (FabricLoader/Mixin) fabric-model-loading-api-v1.mixins.json:BakedModelManagerMixin from mod fabric-model-loading-api-v1->@Inject::resolveExtraModels(Ljava/util/Map;Lnet/minecraft/client/render/model/BlockStatesLoader$LoadedModels;Lnet/minecraft/client/item/ItemAssetsLoader$Result;Lorg/spongepowered/asm/mixin/injection/callback/CallbackInfoReturnable;)V doesn't use it's CallbackInfoReturnable
[17:19:26] [Render thread/DEBUG] (FabricLoader/Mixin) fabric-model-loading-api-v1.mixins.json:BakedModelManagerMixin from mod fabric-model-loading-api-v1->@Inject::onUpload(Lorg/spongepowered/asm/mixin/injection/callback/CallbackInfo;)V doesn't use it's CallbackInfo
[17:19:26] [Render thread/DEBUG] (FabricLoader/Mixin) fabric-model-loading-api-v1.mixins.json:BakedModelManagerMixin from mod fabric-model-loading-api-v1->@Inject::onUpload(Lorg/spongepowered/asm/mixin/injection/callback/CallbackInfo;)V has 0 override(s) in child classes
[17:19:26] [Render thread/DEBUG] (FabricLoader/Mixin) fabric-model-loading-api-v1.mixins.json:BakedModelManagerMixin from mod fabric-model-loading-api-v1->@Inject::onUpload(Lorg/spongepowered/asm/mixin/injection/callback/CallbackInfo;)V won't be passed a CallbackInfo as a result
[17:19:26] [Render thread/DEBUG] (FabricLoader/Mixin) Mixing client.sprite.ErrorCollectingSpriteGetterMixin from fabric-renderer-api-v1.mixins.json into net.minecraft.client.render.model.ErrorCollectingSpriteGetter
[17:19:26] [Render thread/DEBUG] (FabricLoader/Mixin) Mixing client.block.particle.BlockModelsMixin from fabric-renderer-api-v1.mixins.json into net.minecraft.client.render.block.BlockModels
[17:19:26] [Render thread/DEBUG] (FabricLoader/Mixin) Mixing JsonDataLoaderMixin from fabric-resource-conditions-api-v1.mixins.json into net.minecraft.resource.JsonDataLoader
[17:19:26] [Render thread/DEBUG] (FabricLoader/Mixin) Mixing JsonDataLoaderMixin from fabric-loot-api-v3.mixins.json into net.minecraft.resource.JsonDataLoader
[17:19:26] [Render thread/DEBUG] (FabricLoader/Mixin) fabric-resource-conditions-api-v1.mixins.json:JsonDataLoaderMixin from mod fabric-resource-conditions-api-v1->@Inject::skipData(Ljava/util/Map;Lnet/minecraft/util/Identifier;Ljava/lang/Object;Lorg/spongepowered/asm/mixin/injection/callback/CallbackInfo;)V does use it's CallbackInfo
[17:19:26] [Render thread/DEBUG] (FabricLoader/Mixin) fabric-loot-api-v3.mixins.json:JsonDataLoaderMixin from mod fabric-loot-api-v3->@Inject::fillSourceMap(Lnet/minecraft/resource/ResourceManager;Lnet/minecraft/resource/ResourceFinder;Lcom/mojang/serialization/DynamicOps;Lcom/mojang/serialization/Codec;Ljava/util/Map;Lorg/spongepowered/asm/mixin/injection/callback/CallbackInfo;)V doesn't use it's CallbackInfo
[17:19:26] [Render thread/DEBUG] (FabricLoader/Mixin) Mixing ItemRenderStateMixin from fabric-renderer-indigo.mixins.json into net.minecraft.client.render.item.ItemRenderState
[17:19:26] [Render thread/DEBUG] (FabricLoader/Mixin) fabric-renderer-indigo.mixins.json:ItemRenderStateMixin from mod fabric-renderer-indigo->@Inject::afterInitVecLoad(Ljava/util/function/Consumer;Lorg/spongepowered/asm/mixin/injection/callback/CallbackInfo;)V doesn't use it's CallbackInfo
[17:19:26] [Render thread/DEBUG] (FabricLoader/Mixin) fabric-renderer-indigo.mixins.json:ItemRenderStateMixin from mod fabric-renderer-indigo->@Inject::afterInitVecLoad(Ljava/util/function/Consumer;Lorg/spongepowered/asm/mixin/injection/callback/CallbackInfo;)V has 0 override(s) in child classes
[17:19:26] [Render thread/DEBUG] (FabricLoader/Mixin) fabric-renderer-indigo.mixins.json:ItemRenderStateMixin from mod fabric-renderer-indigo->@Inject::afterInitVecLoad(Ljava/util/function/Consumer;Lorg/spongepowered/asm/mixin/injection/callback/CallbackInfo;)V won't be passed a CallbackInfo as a result
[17:19:26] [Render thread/DEBUG] (FabricLoader/Mixin) fabric-renderer-indigo.mixins.json:ItemRenderStateMixin from mod fabric-renderer-indigo->@Inject::afterLayerLoad(Ljava/util/function/Consumer;Lorg/spongepowered/asm/mixin/injection/callback/CallbackInfo;)V doesn't use it's CallbackInfo
[17:19:26] [Render thread/DEBUG] (FabricLoader/Mixin) fabric-renderer-indigo.mixins.json:ItemRenderStateMixin from mod fabric-renderer-indigo->@Inject::afterLayerLoad(Ljava/util/function/Consumer;Lorg/spongepowered/asm/mixin/injection/callback/CallbackInfo;)V has 0 override(s) in child classes
[17:19:26] [Render thread/DEBUG] (FabricLoader/Mixin) fabric-renderer-indigo.mixins.json:ItemRenderStateMixin from mod fabric-renderer-indigo->@Inject::afterLayerLoad(Ljava/util/function/Consumer;Lorg/spongepowered/asm/mixin/injection/callback/CallbackInfo;)V won't be passed a CallbackInfo as a result
[17:19:26] [Render thread/DEBUG] (FabricLoader/Mixin) Mixing client.item.ItemRenderStateLayerRenderStateMixin from fabric-renderer-api-v1.mixins.json into net.minecraft.client.render.item.ItemRenderState$LayerRenderState
[17:19:26] [Render thread/DEBUG] (FabricLoader/Mixin) Mixing ItemRenderStateLayerRenderStateMixin from fabric-renderer-indigo.mixins.json into net.minecraft.client.render.item.ItemRenderState$LayerRenderState
[17:19:26] [Render thread/DEBUG] (FabricLoader/Mixin) fabric-renderer-indigo.mixins.json:ItemRenderStateLayerRenderStateMixin from mod fabric-renderer-indigo->@Inject::onReturnClear(Lorg/spongepowered/asm/mixin/injection/callback/CallbackInfo;)V doesn't use it's CallbackInfo
[17:19:26] [Render thread/DEBUG] (FabricLoader/Mixin) fabric-renderer-indigo.mixins.json:ItemRenderStateLayerRenderStateMixin from mod fabric-renderer-indigo->@Inject::onReturnClear(Lorg/spongepowered/asm/mixin/injection/callback/CallbackInfo;)V has 0 override(s) in child classes
[17:19:26] [Render thread/DEBUG] (FabricLoader/Mixin) fabric-renderer-indigo.mixins.json:ItemRenderStateLayerRenderStateMixin from mod fabric-renderer-indigo->@Inject::onReturnClear(Lorg/spongepowered/asm/mixin/injection/callback/CallbackInfo;)V won't be passed a CallbackInfo as a result
[17:19:26] [Render thread/DEBUG] (FabricLoader/Mixin) Mixing ModelBakerMixin from fabric-model-loading-api-v1.mixins.json into net.minecraft.client.render.model.ModelBaker
[17:19:26] [Render thread/DEBUG] (FabricLoader/Mixin) Renaming synthetic method lambda$withExtraModels$2(Lnet/minecraft/client/render/model/ModelBaker$BakedModels;Ljava/util/Map;)Lnet/minecraft/client/render/model/ModelBaker$BakedModels; to md9c000e$fabric-model-loading-api-v1$lambda$withExtraModels$2$0 in fabric-model-loading-api-v1.mixins.json:ModelBakerMixin from mod fabric-model-loading-api-v1
[17:19:26] [Render thread/DEBUG] (FabricLoader/Mixin) Renaming synthetic method lambda$withExtraModels$1(Lnet/minecraft/client/render/model/ModelBaker$BakerImpl;Lnet/fabricmc/fabric/api/client/model/loading/v1/ExtraModelKey;Lnet/fabricmc/fabric/api/client/model/loading/v1/UnbakedExtraModel;)Ljava/lang/Object; to md9c000e$fabric-model-loading-api-v1$lambda$withExtraModels$1$1 in fabric-model-loading-api-v1.mixins.json:ModelBakerMixin from mod fabric-model-loading-api-v1
[17:19:26] [Render thread/DEBUG] (FabricLoader/Mixin) Renaming synthetic method lambda$hookBlockModelBake$0(Ljava/util/function/BiFunction;Lnet/minecraft/block/BlockState;Lnet/minecraft/client/render/model/BlockStateModel$UnbakedGrouped;)Lnet/minecraft/client/render/model/BlockStateModel; to md9c000e$fabric-model-loading-api-v1$lambda$hookBlockModelBake$0$2 in fabric-model-loading-api-v1.mixins.json:ModelBakerMixin from mod fabric-model-loading-api-v1
[17:19:26] [Render thread/DEBUG] (FabricLoader/Mixin) fabric-model-loading-api-v1.mixins.json:ModelBakerMixin from mod fabric-model-loading-api-v1->@Inject::onReturnInit(Lorg/spongepowered/asm/mixin/injection/callback/CallbackInfo;)V doesn't use it's CallbackInfo
[17:19:26] [Render thread/DEBUG] (FabricLoader/Mixin) fabric-model-loading-api-v1.mixins.json:ModelBakerMixin from mod fabric-model-loading-api-v1->@Inject::onReturnInit(Lorg/spongepowered/asm/mixin/injection/callback/CallbackInfo;)V has 0 override(s) in child classes
[17:19:26] [Render thread/DEBUG] (FabricLoader/Mixin) fabric-model-loading-api-v1.mixins.json:ModelBakerMixin from mod fabric-model-loading-api-v1->@Inject::onReturnInit(Lorg/spongepowered/asm/mixin/injection/callback/CallbackInfo;)V won't be passed a CallbackInfo as a result
[17:19:26] [Render thread/DEBUG] (FabricLoader/Mixin) Mixing KeyedResourceReloadListenerClientMixin from fabric-resource-loader-v0.client.mixins.json into net.minecraft.client.render.block.BlockRenderManager
[17:19:26] [Render thread/DEBUG] (FabricLoader/Mixin) Mixing client.block.render.BlockRenderManagerMixin from fabric-renderer-api-v1.mixins.json into net.minecraft.client.render.block.BlockRenderManager
[17:19:26] [Render thread/DEBUG] (FabricLoader/Mixin) Mixing BlockRenderManagerAccessor from fabric-renderer-indigo.mixins.json into net.minecraft.client.render.block.BlockRenderManager
[17:19:26] [Render thread/DEBUG] (FabricLoader/Mixin) Mixing BlockRenderManagerMixin from fabric-renderer-indigo.mixins.json into net.minecraft.client.render.block.BlockRenderManager
[17:19:26] [Render thread/DEBUG] (FabricLoader/Mixin) Renaming synthetic method lambda$afterGetModel$0(Lnet/minecraft/client/render/VertexConsumer;Lnet/minecraft/client/render/BlockRenderLayer;)Lnet/minecraft/client/render/VertexConsumer; to md9c000e$fabric-renderer-indigo$lambda$afterGetModel$0$0 in fabric-renderer-indigo.mixins.json:BlockRenderManagerMixin from mod fabric-renderer-indigo
[17:19:26] [Render thread/DEBUG] (FabricLoader/Mixin) fabric-renderer-indigo.mixins.json:BlockRenderManagerMixin from mod fabric-renderer-indigo->@Inject::afterGetModel(Lnet/minecraft/block/BlockState;Lnet/minecraft/util/math/BlockPos;Lnet/minecraft/world/BlockRenderView;Lnet/minecraft/client/util/math/MatrixStack;Lnet/minecraft/client/render/VertexConsumer;Lorg/spongepowered/asm/mixin/injection/callback/CallbackInfo;)V does use it's CallbackInfo
[17:19:26] [Render thread/DEBUG] (FabricLoader/Mixin) Mixing client.block.render.BlockModelRendererMixin from fabric-renderer-api-v1.mixins.json into net.minecraft.client.render.block.BlockModelRenderer
[17:19:26] [Render thread/DEBUG] (FabricLoader/Mixin) Mixing BlockModelRendererMixin from fabric-renderer-indigo.mixins.json into net.minecraft.client.render.block.BlockModelRenderer
[17:19:26] [Render thread/DEBUG] (FabricLoader/Mixin) Renaming synthetic method lambda$render$0(Lnet/minecraft/client/render/VertexConsumer;Lnet/minecraft/client/render/BlockRenderLayer;)Lnet/minecraft/client/render/VertexConsumer; to md9c000e$fabric-renderer-indigo$lambda$render$0$0 in fabric-renderer-indigo.mixins.json:BlockModelRendererMixin from mod fabric-renderer-indigo
[17:19:26] [Render thread/DEBUG] (FabricLoader/Mixin) Mixing FluidRendererMixin from fabric-rendering-fluids-v1.mixins.json into net.minecraft.client.render.block.FluidRenderer
[17:19:26] [Render thread/DEBUG] (FabricLoader/Mixin) fabric-rendering-fluids-v1.mixins.json:FluidRendererMixin from mod fabric-rendering-fluids-v1->@Inject::onResourceReloadReturn(Lorg/spongepowered/asm/mixin/injection/callback/CallbackInfo;)V doesn't use it's CallbackInfo
[17:19:26] [Render thread/DEBUG] (FabricLoader/Mixin) fabric-rendering-fluids-v1.mixins.json:FluidRendererMixin from mod fabric-rendering-fluids-v1->@Inject::onResourceReloadReturn(Lorg/spongepowered/asm/mixin/injection/callback/CallbackInfo;)V has 0 override(s) in child classes
[17:19:26] [Render thread/DEBUG] (FabricLoader/Mixin) fabric-rendering-fluids-v1.mixins.json:FluidRendererMixin from mod fabric-rendering-fluids-v1->@Inject::onResourceReloadReturn(Lorg/spongepowered/asm/mixin/injection/callback/CallbackInfo;)V won't be passed a CallbackInfo as a result
[17:19:26] [Render thread/DEBUG] (FabricLoader/Mixin) fabric-rendering-fluids-v1.mixins.json:FluidRendererMixin from mod fabric-rendering-fluids-v1->@Inject::onHeadRender(Lnet/minecraft/world/BlockRenderView;Lnet/minecraft/util/math/BlockPos;Lnet/minecraft/client/render/VertexConsumer;Lnet/minecraft/block/BlockState;Lnet/minecraft/fluid/FluidState;Lorg/spongepowered/asm/mixin/injection/callback/CallbackInfo;)V does use it's CallbackInfo
[17:19:26] [Render thread/DEBUG] (FabricLoader/Mixin) Mixing HeldItemRendererMixin from fabric-item-api-v1.client.mixins.json into net.minecraft.client.render.item.HeldItemRenderer
[17:19:26] [Render thread/DEBUG] (FabricLoader/Mixin) fabric-item-api-v1.client.mixins.json:HeldItemRendererMixin from mod fabric-item-api-v1->@Inject::modifyProgressAnimation(Lorg/spongepowered/asm/mixin/injection/callback/CallbackInfo;)V doesn't use it's CallbackInfo
[17:19:26] [Render thread/DEBUG] (FabricLoader/Mixin) fabric-item-api-v1.client.mixins.json:HeldItemRendererMixin from mod fabric-item-api-v1->@Inject::modifyProgressAnimation(Lorg/spongepowered/asm/mixin/injection/callback/CallbackInfo;)V has 0 override(s) in child classes
[17:19:26] [Render thread/DEBUG] (FabricLoader/Mixin) fabric-item-api-v1.client.mixins.json:HeldItemRendererMixin from mod fabric-item-api-v1->@Inject::modifyProgressAnimation(Lorg/spongepowered/asm/mixin/injection/callback/CallbackInfo;)V won't be passed a CallbackInfo as a result
[17:19:26] [Render thread/DEBUG] (FabricLoader/Mixin) Mixing ParticleManagerMixin from fabric-registry-sync-v0.client.mixins.json into net.minecraft.client.particle.ParticleManager
[17:19:26] [Render thread/DEBUG] (FabricLoader/Mixin) Mixing ParticleManagerMixin from fabric-particles-v1.client.mixins.json into net.minecraft.client.particle.ParticleManager
[17:19:26] [Render thread/DEBUG] (FabricLoader/Mixin) Mixing ParticleManagerAccessor from fabric-particles-v1.client.mixins.json into net.minecraft.client.particle.ParticleManager
[17:19:26] [Render thread/DEBUG] (FabricLoader/Mixin) fabric-registry-sync-v0.client.mixins.json:ParticleManagerMixin from mod fabric-registry-sync-v0->@Inject::onInit(Lnet/minecraft/client/world/ClientWorld;Lnet/minecraft/client/texture/TextureManager;Lorg/spongepowered/asm/mixin/injection/callback/CallbackInfo;)V doesn't use it's CallbackInfo
[17:19:26] [Render thread/DEBUG] (FabricLoader/Mixin) fabric-registry-sync-v0.client.mixins.json:ParticleManagerMixin from mod fabric-registry-sync-v0->@Inject::onInit(Lnet/minecraft/client/world/ClientWorld;Lnet/minecraft/client/texture/TextureManager;Lorg/spongepowered/asm/mixin/injection/callback/CallbackInfo;)V has 0 override(s) in child classes
[17:19:26] [Render thread/DEBUG] (FabricLoader/Mixin) fabric-registry-sync-v0.client.mixins.json:ParticleManagerMixin from mod fabric-registry-sync-v0->@Inject::onInit(Lnet/minecraft/client/world/ClientWorld;Lnet/minecraft/client/texture/TextureManager;Lorg/spongepowered/asm/mixin/injection/callback/CallbackInfo;)V won't be passed a CallbackInfo as a result
[17:19:26] [Render thread/DEBUG] (FabricLoader/Mixin) fabric-particles-v1.client.mixins.json:ParticleManagerMixin from mod fabric-particles-v1->@Inject::onRegisterDefaultFactories(Lorg/spongepowered/asm/mixin/injection/callback/CallbackInfo;)V doesn't use it's CallbackInfo
[17:19:26] [Render thread/DEBUG] (FabricLoader/Mixin) fabric-particles-v1.client.mixins.json:ParticleManagerMixin from mod fabric-particles-v1->@Inject::onRegisterDefaultFactories(Lorg/spongepowered/asm/mixin/injection/callback/CallbackInfo;)V has 0 override(s) in child classes
[17:19:26] [Render thread/DEBUG] (FabricLoader/Mixin) fabric-particles-v1.client.mixins.json:ParticleManagerMixin from mod fabric-particles-v1->@Inject::onRegisterDefaultFactories(Lorg/spongepowered/asm/mixin/injection/callback/CallbackInfo;)V won't be passed a CallbackInfo as a result
[17:19:26] [Render thread/DEBUG] (FabricLoader/Mixin) Mixing client.block.particle.BlockDustParticleMixin from fabric-renderer-api-v1.mixins.json into net.minecraft.client.particle.BlockDustParticle
[17:19:26] [Render thread/DEBUG] (FabricLoader/Mixin) Mixing BlockDustParticleMixin from fabric-particles-v1.client.mixins.json into net.minecraft.client.particle.BlockDustParticle
[17:19:26] [Render thread/DEBUG] (FabricLoader/Mixin) Mixing ParticleManagerAccessor$SimpleSpriteProviderAccessor from fabric-particles-v1.client.mixins.json into net.minecraft.client.particle.ParticleManager$SimpleSpriteProvider
[17:19:26] [Render thread/DEBUG] (FabricLoader/Mixin) Mixing client.block.particle.BlockMarkerParticleMixin from fabric-renderer-api-v1.mixins.json into net.minecraft.client.particle.BlockMarkerParticle
[17:19:27] [Render thread/DEBUG] (FabricLoader/Mixin) Mixing GameRendererMixin from fabric-screen-api-v1.mixins.json into net.minecraft.client.render.GameRenderer
[17:19:27] [Render thread/DEBUG] (FabricLoader/Mixin) Mixing GuiRendererMixin from fabric-rendering-v1.mixins.json into net.minecraft.client.gui.render.GuiRenderer
[17:19:27] [Render thread/DEBUG] (FabricLoader/Mixin) Renaming synthetic method lambda$substitueSpecialElementRenderer$0(Ljava/lang/Class;)Lnet/fabricmc/fabric/impl/client/rendering/SpecialGuiElementRendererPool; to md9c000e$fabric-rendering-v1$lambda$substitueSpecialElementRenderer$0$0 in fabric-rendering-v1.mixins.json:GuiRendererMixin from mod fabric-rendering-v1
[17:19:27] [Render thread/DEBUG] (FabricLoader/Mixin) fabric-rendering-v1.mixins.json:GuiRendererMixin from mod fabric-rendering-v1->@Inject::mutableSpecialElementRenderers(Lnet/minecraft/client/gui/render/state/GuiRenderState;Lnet/minecraft/client/render/VertexConsumerProvider$Immediate;Ljava/util/List;Lorg/spongepowered/asm/mixin/injection/callback/CallbackInfo;)V doesn't use it's CallbackInfo
[17:19:27] [Render thread/DEBUG] (FabricLoader/Mixin) fabric-rendering-v1.mixins.json:GuiRendererMixin from mod fabric-rendering-v1->@Inject::mutableSpecialElementRenderers(Lnet/minecraft/client/gui/render/state/GuiRenderState;Lnet/minecraft/client/render/VertexConsumerProvider$Immediate;Ljava/util/List;Lorg/spongepowered/asm/mixin/injection/callback/CallbackInfo;)V has 0 override(s) in child classes
[17:19:27] [Render thread/DEBUG] (FabricLoader/Mixin) fabric-rendering-v1.mixins.json:GuiRendererMixin from mod fabric-rendering-v1->@Inject::mutableSpecialElementRenderers(Lnet/minecraft/client/gui/render/state/GuiRenderState;Lnet/minecraft/client/render/VertexConsumerProvider$Immediate;Ljava/util/List;Lorg/spongepowered/asm/mixin/injection/callback/CallbackInfo;)V won't be passed a CallbackInfo as a result
[17:19:27] [Render thread/DEBUG] (FabricLoader/Mixin) fabric-rendering-v1.mixins.json:GuiRendererMixin from mod fabric-rendering-v1->@Inject::prePrepareSpecialElements(Lorg/spongepowered/asm/mixin/injection/callback/CallbackInfo;)V doesn't use it's CallbackInfo
[17:19:27] [Render thread/DEBUG] (FabricLoader/Mixin) fabric-rendering-v1.mixins.json:GuiRendererMixin from mod fabric-rendering-v1->@Inject::prePrepareSpecialElements(Lorg/spongepowered/asm/mixin/injection/callback/CallbackInfo;)V has 0 override(s) in child classes
[17:19:27] [Render thread/DEBUG] (FabricLoader/Mixin) fabric-rendering-v1.mixins.json:GuiRendererMixin from mod fabric-rendering-v1->@Inject::prePrepareSpecialElements(Lorg/spongepowered/asm/mixin/injection/callback/CallbackInfo;)V won't be passed a CallbackInfo as a result
[17:19:27] [Render thread/DEBUG] (FabricLoader/Mixin) fabric-rendering-v1.mixins.json:GuiRendererMixin from mod fabric-rendering-v1->@Inject::postPrepareSpecialElements(Lorg/spongepowered/asm/mixin/injection/callback/CallbackInfo;)V doesn't use it's CallbackInfo
[17:19:27] [Render thread/DEBUG] (FabricLoader/Mixin) fabric-rendering-v1.mixins.json:GuiRendererMixin from mod fabric-rendering-v1->@Inject::postPrepareSpecialElements(Lorg/spongepowered/asm/mixin/injection/callback/CallbackInfo;)V has 0 override(s) in child classes
[17:19:27] [Render thread/DEBUG] (FabricLoader/Mixin) fabric-rendering-v1.mixins.json:GuiRendererMixin from mod fabric-rendering-v1->@Inject::postPrepareSpecialElements(Lorg/spongepowered/asm/mixin/injection/callback/CallbackInfo;)V won't be passed a CallbackInfo as a result
[17:19:27] [Render thread/DEBUG] (FabricLoader/Mixin) fabric-rendering-v1.mixins.json:GuiRendererMixin from mod fabric-rendering-v1->@Inject::closeRendererPools(Lorg/spongepowered/asm/mixin/injection/callback/CallbackInfo;)V doesn't use it's CallbackInfo
[17:19:27] [Render thread/DEBUG] (FabricLoader/Mixin) fabric-rendering-v1.mixins.json:GuiRendererMixin from mod fabric-rendering-v1->@Inject::closeRendererPools(Lorg/spongepowered/asm/mixin/injection/callback/CallbackInfo;)V has 0 override(s) in child classes
[17:19:27] [Render thread/DEBUG] (FabricLoader/Mixin) fabric-rendering-v1.mixins.json:GuiRendererMixin from mod fabric-rendering-v1->@Inject::closeRendererPools(Lorg/spongepowered/asm/mixin/injection/callback/CallbackInfo;)V won't be passed a CallbackInfo as a result
[17:19:27] [Render thread/DEBUG] (FabricLoader/Mixin) Mixing client.block.particle.InGameOverlayRendererMixin from fabric-renderer-api-v1.mixins.json into net.minecraft.client.gui.hud.InGameOverlayRenderer
[17:19:27] [Render thread/DEBUG] (FabricLoader/Mixin) fabric-renderer-api-v1.mixins.json:client.block.particle.InGameOverlayRendererMixin from mod fabric-renderer-api-v1->@Inject::onReturnGetInWallBlockState(Lorg/spongepowered/asm/mixin/injection/callback/CallbackInfoReturnable;)V does use it's CallbackInfoReturnable
[17:19:27] [Render thread/DEBUG] (FabricLoader/Mixin) Mixing KeyedResourceReloadListenerClientMixin from fabric-resource-loader-v0.client.mixins.json into net.minecraft.client.render.WorldRenderer
[17:19:27] [Render thread/DEBUG] (FabricLoader/Mixin) Mixing WorldRendererMixin from fabric-rendering-v1.mixins.json into net.minecraft.client.render.WorldRenderer
[17:19:27] [Render thread/DEBUG] (FabricLoader/Mixin) Renaming synthetic method lambda$beforeClouds$0()V to md9c000e$fabric-rendering-v1$lambda$beforeClouds$0$0 in fabric-rendering-v1.mixins.json:WorldRendererMixin from mod fabric-rendering-v1
[17:19:27] [Render thread/DEBUG] (FabricLoader/Mixin) fabric-rendering-v1.mixins.json:WorldRendererMixin from mod fabric-rendering-v1->@Inject::beforeRender(Lnet/minecraft/client/util/ObjectAllocator;Lnet/minecraft/client/render/RenderTickCounter;ZLnet/minecraft/client/render/Camera;Lorg/joml/Matrix4f;Lorg/joml/Matrix4f;Lcom/mojang/blaze3d/buffers/GpuBufferSlice;Lorg/joml/Vector4f;ZLorg/spongepowered/asm/mixin/injection/callback/CallbackInfo;)V doesn't use it's CallbackInfo
[17:19:27] [Render thread/DEBUG] (FabricLoader/Mixin) fabric-rendering-v1.mixins.json:WorldRendererMixin from mod fabric-rendering-v1->@Inject::beforeRender(Lnet/minecraft/client/util/ObjectAllocator;Lnet/minecraft/client/render/RenderTickCounter;ZLnet/minecraft/client/render/Camera;Lorg/joml/Matrix4f;Lorg/joml/Matrix4f;Lcom/mojang/blaze3d/buffers/GpuBufferSlice;Lorg/joml/Vector4f;ZLorg/spongepowered/asm/mixin/injection/callback/CallbackInfo;)V has 0 override(s) in child classes
[17:19:27] [Render thread/DEBUG] (FabricLoader/Mixin) fabric-rendering-v1.mixins.json:WorldRendererMixin from mod fabric-rendering-v1->@Inject::beforeRender(Lnet/minecraft/client/util/ObjectAllocator;Lnet/minecraft/client/render/RenderTickCounter;ZLnet/minecraft/client/render/Camera;Lorg/joml/Matrix4f;Lorg/joml/Matrix4f;Lcom/mojang/blaze3d/buffers/GpuBufferSlice;Lorg/joml/Vector4f;ZLorg/spongepowered/asm/mixin/injection/callback/CallbackInfo;)V won't be passed a CallbackInfo as a result
[17:19:27] [Render thread/DEBUG] (FabricLoader/Mixin) fabric-rendering-v1.mixins.json:WorldRendererMixin from mod fabric-rendering-v1->@Inject::afterTerrainSetup(Lnet/minecraft/client/render/Camera;Lnet/minecraft/client/render/Frustum;ZZLorg/spongepowered/asm/mixin/injection/callback/CallbackInfo;)V doesn't use it's CallbackInfo
[17:19:27] [Render thread/DEBUG] (FabricLoader/Mixin) fabric-rendering-v1.mixins.json:WorldRendererMixin from mod fabric-rendering-v1->@Inject::afterTerrainSetup(Lnet/minecraft/client/render/Camera;Lnet/minecraft/client/render/Frustum;ZZLorg/spongepowered/asm/mixin/injection/callback/CallbackInfo;)V has 0 override(s) in child classes
[17:19:27] [Render thread/DEBUG] (FabricLoader/Mixin) fabric-rendering-v1.mixins.json:WorldRendererMixin from mod fabric-rendering-v1->@Inject::afterTerrainSetup(Lnet/minecraft/client/render/Camera;Lnet/minecraft/client/render/Frustum;ZZLorg/spongepowered/asm/mixin/injection/callback/CallbackInfo;)V won't be passed a CallbackInfo as a result
[17:19:27] [Render thread/DEBUG] (FabricLoader/Mixin) fabric-rendering-v1.mixins.json:WorldRendererMixin from mod fabric-rendering-v1->@Inject::beforeTerrainSolid(Lorg/spongepowered/asm/mixin/injection/callback/CallbackInfo;)V doesn't use it's CallbackInfo
[17:19:27] [Render thread/DEBUG] (FabricLoader/Mixin) fabric-rendering-v1.mixins.json:WorldRendererMixin from mod fabric-rendering-v1->@Inject::beforeTerrainSolid(Lorg/spongepowered/asm/mixin/injection/callback/CallbackInfo;)V has 0 override(s) in child classes
[17:19:27] [Render thread/DEBUG] (FabricLoader/Mixin) fabric-rendering-v1.mixins.json:WorldRendererMixin from mod fabric-rendering-v1->@Inject::beforeTerrainSolid(Lorg/spongepowered/asm/mixin/injection/callback/CallbackInfo;)V won't be passed a CallbackInfo as a result
[17:19:27] [Render thread/DEBUG] (FabricLoader/Mixin) fabric-rendering-v1.mixins.json:WorldRendererMixin from mod fabric-rendering-v1->@Inject::afterTerrainSolid(Lorg/spongepowered/asm/mixin/injection/callback/CallbackInfo;)V doesn't use it's CallbackInfo
[17:19:27] [Render thread/DEBUG] (FabricLoader/Mixin) fabric-rendering-v1.mixins.json:WorldRendererMixin from mod fabric-rendering-v1->@Inject::afterTerrainSolid(Lorg/spongepowered/asm/mixin/injection/callback/CallbackInfo;)V has 0 override(s) in child classes
[17:19:27] [Render thread/DEBUG] (FabricLoader/Mixin) fabric-rendering-v1.mixins.json:WorldRendererMixin from mod fabric-rendering-v1->@Inject::afterTerrainSolid(Lorg/spongepowered/asm/mixin/injection/callback/CallbackInfo;)V won't be passed a CallbackInfo as a result
[17:19:27] [Render thread/DEBUG] (FabricLoader/Mixin) fabric-rendering-v1.mixins.json:WorldRendererMixin from mod fabric-rendering-v1->@Inject::afterEntities(Lorg/spongepowered/asm/mixin/injection/callback/CallbackInfo;)V doesn't use it's CallbackInfo
[17:19:27] [Render thread/DEBUG] (FabricLoader/Mixin) fabric-rendering-v1.mixins.json:WorldRendererMixin from mod fabric-rendering-v1->@Inject::afterEntities(Lorg/spongepowered/asm/mixin/injection/callback/CallbackInfo;)V has 0 override(s) in child classes
[17:19:27] [Render thread/DEBUG] (FabricLoader/Mixin) fabric-rendering-v1.mixins.json:WorldRendererMixin from mod fabric-rendering-v1->@Inject::afterEntities(Lorg/spongepowered/asm/mixin/injection/callback/CallbackInfo;)V won't be passed a CallbackInfo as a result
[17:19:27] [Render thread/DEBUG] (FabricLoader/Mixin) fabric-rendering-v1.mixins.json:WorldRendererMixin from mod fabric-rendering-v1->@Inject::beforeRenderOutline(Lnet/minecraft/client/render/Camera;Lnet/minecraft/client/render/VertexConsumerProvider$Immediate;Lnet/minecraft/client/util/math/MatrixStack;ZLorg/spongepowered/asm/mixin/injection/callback/CallbackInfo;)V doesn't use it's CallbackInfo
[17:19:27] [Render thread/DEBUG] (FabricLoader/Mixin) fabric-rendering-v1.mixins.json:WorldRendererMixin from mod fabric-rendering-v1->@Inject::beforeRenderOutline(Lnet/minecraft/client/render/Camera;Lnet/minecraft/client/render/VertexConsumerProvider$Immediate;Lnet/minecraft/client/util/math/MatrixStack;ZLorg/spongepowered/asm/mixin/injection/callback/CallbackInfo;)V has 0 override(s) in child classes
[17:19:27] [Render thread/DEBUG] (FabricLoader/Mixin) fabric-rendering-v1.mixins.json:WorldRendererMixin from mod fabric-rendering-v1->@Inject::beforeRenderOutline(Lnet/minecraft/client/render/Camera;Lnet/minecraft/client/render/VertexConsumerProvider$Immediate;Lnet/minecraft/client/util/math/MatrixStack;ZLorg/spongepowered/asm/mixin/injection/callback/CallbackInfo;)V won't be passed a CallbackInfo as a result
[17:19:27] [Render thread/DEBUG] (FabricLoader/Mixin) fabric-rendering-v1.mixins.json:WorldRendererMixin from mod fabric-rendering-v1->@Inject::onDrawBlockOutline(Lnet/minecraft/client/render/Camera;Lnet/minecraft/client/render/VertexConsumerProvider$Immediate;Lnet/minecraft/client/util/math/MatrixStack;ZLorg/spongepowered/asm/mixin/injection/callback/CallbackInfo;)V does use it's CallbackInfo
[17:19:27] [Render thread/DEBUG] (FabricLoader/Mixin) fabric-rendering-v1.mixins.json:WorldRendererMixin from mod fabric-rendering-v1->@Inject::beforeDebugRender(Lorg/spongepowered/asm/mixin/injection/callback/CallbackInfo;)V doesn't use it's CallbackInfo
[17:19:27] [Render thread/DEBUG] (FabricLoader/Mixin) fabric-rendering-v1.mixins.json:WorldRendererMixin from mod fabric-rendering-v1->@Inject::beforeDebugRender(Lorg/spongepowered/asm/mixin/injection/callback/CallbackInfo;)V has 0 override(s) in child classes
[17:19:27] [Render thread/DEBUG] (FabricLoader/Mixin) fabric-rendering-v1.mixins.json:WorldRendererMixin from mod fabric-rendering-v1->@Inject::beforeDebugRender(Lorg/spongepowered/asm/mixin/injection/callback/CallbackInfo;)V won't be passed a CallbackInfo as a result
[17:19:27] [Render thread/DEBUG] (FabricLoader/Mixin) fabric-rendering-v1.mixins.json:WorldRendererMixin from mod fabric-rendering-v1->@Inject::beforeClouds(Lorg/spongepowered/asm/mixin/injection/callback/CallbackInfo;)V doesn't use it's CallbackInfo
[17:19:27] [Render thread/DEBUG] (FabricLoader/Mixin) fabric-rendering-v1.mixins.json:WorldRendererMixin from mod fabric-rendering-v1->@Inject::beforeClouds(Lorg/spongepowered/asm/mixin/injection/callback/CallbackInfo;)V has 0 override(s) in child classes
[17:19:27] [Render thread/DEBUG] (FabricLoader/Mixin) fabric-rendering-v1.mixins.json:WorldRendererMixin from mod fabric-rendering-v1->@Inject::beforeClouds(Lorg/spongepowered/asm/mixin/injection/callback/CallbackInfo;)V won't be passed a CallbackInfo as a result
[17:19:27] [Render thread/DEBUG] (FabricLoader/Mixin) fabric-rendering-v1.mixins.json:WorldRendererMixin from mod fabric-rendering-v1->@Inject::onFinishWritingFramebuffer(Lorg/spongepowered/asm/mixin/injection/callback/CallbackInfo;)V doesn't use it's CallbackInfo
[17:19:27] [Render thread/DEBUG] (FabricLoader/Mixin) fabric-rendering-v1.mixins.json:WorldRendererMixin from mod fabric-rendering-v1->@Inject::onFinishWritingFramebuffer(Lorg/spongepowered/asm/mixin/injection/callback/CallbackInfo;)V has 0 override(s) in child classes
[17:19:27] [Render thread/DEBUG] (FabricLoader/Mixin) fabric-rendering-v1.mixins.json:WorldRendererMixin from mod fabric-rendering-v1->@Inject::onFinishWritingFramebuffer(Lorg/spongepowered/asm/mixin/injection/callback/CallbackInfo;)V won't be passed a CallbackInfo as a result
[17:19:27] [Render thread/DEBUG] (FabricLoader/Mixin) fabric-rendering-v1.mixins.json:WorldRendererMixin from mod fabric-rendering-v1->@Inject::afterRender(Lorg/spongepowered/asm/mixin/injection/callback/CallbackInfo;)V doesn't use it's CallbackInfo
[17:19:27] [Render thread/DEBUG] (FabricLoader/Mixin) fabric-rendering-v1.mixins.json:WorldRendererMixin from mod fabric-rendering-v1->@Inject::afterRender(Lorg/spongepowered/asm/mixin/injection/callback/CallbackInfo;)V has 0 override(s) in child classes
[17:19:27] [Render thread/DEBUG] (FabricLoader/Mixin) fabric-rendering-v1.mixins.json:WorldRendererMixin from mod fabric-rendering-v1->@Inject::afterRender(Lorg/spongepowered/asm/mixin/injection/callback/CallbackInfo;)V won't be passed a CallbackInfo as a result
[17:19:27] [Render thread/DEBUG] (FabricLoader/Mixin) fabric-rendering-v1.mixins.json:WorldRendererMixin from mod fabric-rendering-v1->@Inject::onReload(Lorg/spongepowered/asm/mixin/injection/callback/CallbackInfo;)V doesn't use it's CallbackInfo
[17:19:27] [Render thread/DEBUG] (FabricLoader/Mixin) fabric-rendering-v1.mixins.json:WorldRendererMixin from mod fabric-rendering-v1->@Inject::onReload(Lorg/spongepowered/asm/mixin/injection/callback/CallbackInfo;)V has 0 override(s) in child classes
[17:19:27] [Render thread/DEBUG] (FabricLoader/Mixin) fabric-rendering-v1.mixins.json:WorldRendererMixin from mod fabric-rendering-v1->@Inject::onReload(Lorg/spongepowered/asm/mixin/injection/callback/CallbackInfo;)V won't be passed a CallbackInfo as a result
[17:19:27] [Render thread/DEBUG] (FabricLoader/Mixin) fabric-rendering-v1.mixins.json:WorldRendererMixin from mod fabric-rendering-v1->@Inject::renderWeather(Lnet/minecraft/client/render/FrameGraphBuilder;Lnet/minecraft/util/math/Vec3d;FLcom/mojang/blaze3d/buffers/GpuBufferSlice;Lorg/spongepowered/asm/mixin/injection/callback/CallbackInfo;)V does use it's CallbackInfo
[17:19:27] [Render thread/DEBUG] (FabricLoader/Mixin) fabric-rendering-v1.mixins.json:WorldRendererMixin from mod fabric-rendering-v1->@Inject::renderCloud(Lnet/minecraft/client/render/FrameGraphBuilder;Lnet/minecraft/client/option/CloudRenderMode;Lnet/minecraft/util/math/Vec3d;FIFLorg/spongepowered/asm/mixin/injection/callback/CallbackInfo;)V does use it's CallbackInfo
[17:19:27] [Render thread/DEBUG] (FabricLoader/Mixin) fabric-rendering-v1.mixins.json:WorldRendererMixin from mod fabric-rendering-v1->@Inject::renderSky(Lnet/minecraft/client/render/FrameGraphBuilder;Lnet/minecraft/client/render/Camera;FLcom/mojang/blaze3d/buffers/GpuBufferSlice;Lorg/spongepowered/asm/mixin/injection/callback/CallbackInfo;)V does use it's CallbackInfo
[17:19:27] [Render thread/DEBUG] (FabricLoader/Mixin) Mixing InGameHudAccessor from fabric-rendering-v1.mixins.json into net.minecraft.client.gui.hud.InGameHud
[17:19:27] [Render thread/DEBUG] (FabricLoader/Mixin) Mixing InGameHudMixin from fabric-rendering-v1.mixins.json into net.minecraft.client.gui.hud.InGameHud
[17:19:27] [Render thread/DEBUG] (FabricLoader/Mixin) Renaming synthetic method lambda$wrapSubtitlesHud$23(Lcom/llamalad7/mixinextras/injector/wrapoperation/Operation;Lnet/minecraft/client/gui/hud/InGameHud;Lnet/minecraft/client/gui/DrawContext;Lnet/minecraft/client/render/RenderTickCounter;)V to md9c000e$fabric-rendering-v1$lambda$wrapSubtitlesHud$23$0 in fabric-rendering-v1.mixins.json:InGameHudMixin from mod fabric-rendering-v1
[17:19:27] [Render thread/DEBUG] (FabricLoader/Mixin) Renaming synthetic method lambda$wrapPlayerList$22(Lcom/llamalad7/mixinextras/injector/wrapoperation/Operation;Lnet/minecraft/client/gui/hud/InGameHud;Lnet/minecraft/client/gui/DrawContext;Lnet/minecraft/client/render/RenderTickCounter;)V to md9c000e$fabric-rendering-v1$lambda$wrapPlayerList$22$1 in fabric-rendering-v1.mixins.json:InGameHudMixin from mod fabric-rendering-v1
[17:19:27] [Render thread/DEBUG] (FabricLoader/Mixin) Renaming synthetic method lambda$wrapChat$21(Lcom/llamalad7/mixinextras/injector/wrapoperation/Operation;Lnet/minecraft/client/gui/hud/InGameHud;Lnet/minecraft/client/gui/DrawContext;Lnet/minecraft/client/render/RenderTickCounter;)V to md9c000e$fabric-rendering-v1$lambda$wrapChat$21$2 in fabric-rendering-v1.mixins.json:InGameHudMixin from mod fabric-rendering-v1
[17:19:27] [Render thread/DEBUG] (FabricLoader/Mixin) Renaming synthetic method lambda$wrapTitleAndSubtitle$20(Lcom/llamalad7/mixinextras/injector/wrapoperation/Operation;Lnet/minecraft/client/gui/hud/InGameHud;Lnet/minecraft/client/gui/DrawContext;Lnet/minecraft/client/render/RenderTickCounter;)V to md9c000e$fabric-rendering-v1$lambda$wrapTitleAndSubtitle$20$3 in fabric-rendering-v1.mixins.json:InGameHudMixin from mod fabric-rendering-v1
[17:19:27] [Render thread/DEBUG] (FabricLoader/Mixin) Renaming synthetic method lambda$wrapOverlayMessage$19(Lcom/llamalad7/mixinextras/injector/wrapoperation/Operation;Lnet/minecraft/client/gui/hud/InGameHud;Lnet/minecraft/client/gui/DrawContext;Lnet/minecraft/client/render/RenderTickCounter;)V to md9c000e$fabric-rendering-v1$lambda$wrapOverlayMessage$19$4 in fabric-rendering-v1.mixins.json:InGameHudMixin from mod fabric-rendering-v1
[17:19:27] [Render thread/DEBUG] (FabricLoader/Mixin) Renaming synthetic method lambda$wrapScoreboardSidebar$18(Lcom/llamalad7/mixinextras/injector/wrapoperation/Operation;Lnet/minecraft/client/gui/hud/InGameHud;Lnet/minecraft/client/gui/DrawContext;Lnet/minecraft/client/render/RenderTickCounter;)V to md9c000e$fabric-rendering-v1$lambda$wrapScoreboardSidebar$18$5 in fabric-rendering-v1.mixins.json:InGameHudMixin from mod fabric-rendering-v1
[17:19:27] [Render thread/DEBUG] (FabricLoader/Mixin) Renaming synthetic method lambda$wrapDebugHud$17(Lcom/llamalad7/mixinextras/injector/wrapoperation/Operation;Lnet/minecraft/client/gui/hud/InGameHud;Lnet/minecraft/client/gui/DrawContext;Lnet/minecraft/client/render/RenderTickCounter;)V to md9c000e$fabric-rendering-v1$lambda$wrapDebugHud$17$6 in fabric-rendering-v1.mixins.json:InGameHudMixin from mod fabric-rendering-v1
[17:19:27] [Render thread/DEBUG] (FabricLoader/Mixin) Renaming synthetic method lambda$wrapDemoTimer$16(Lcom/llamalad7/mixinextras/injector/wrapoperation/Operation;Lnet/minecraft/client/gui/hud/InGameHud;Lnet/minecraft/client/gui/DrawContext;Lnet/minecraft/client/render/RenderTickCounter;)V to md9c000e$fabric-rendering-v1$lambda$wrapDemoTimer$16$7 in fabric-rendering-v1.mixins.json:InGameHudMixin from mod fabric-rendering-v1
[17:19:27] [Render thread/DEBUG] (FabricLoader/Mixin) Renaming synthetic method lambda$wrapSleepOverlay$15(Lcom/llamalad7/mixinextras/injector/wrapoperation/Operation;Lnet/minecraft/client/gui/hud/InGameHud;Lnet/minecraft/client/gui/DrawContext;Lnet/minecraft/client/render/RenderTickCounter;)V to md9c000e$fabric-rendering-v1$lambda$wrapSleepOverlay$15$8 in fabric-rendering-v1.mixins.json:InGameHudMixin from mod fabric-rendering-v1
[17:19:27] [Render thread/DEBUG] (FabricLoader/Mixin) Renaming synthetic method lambda$wrapBossBarHud$14(Lcom/llamalad7/mixinextras/injector/wrapoperation/Operation;Lnet/minecraft/client/gui/hud/InGameHud;Lnet/minecraft/client/gui/DrawContext;Lnet/minecraft/client/render/RenderTickCounter;)V to md9c000e$fabric-rendering-v1$lambda$wrapBossBarHud$14$9 in fabric-rendering-v1.mixins.json:InGameHudMixin from mod fabric-rendering-v1
[17:19:27] [Render thread/DEBUG] (FabricLoader/Mixin) Renaming synthetic method lambda$wrapStatusEffectOverlay$13(Lcom/llamalad7/mixinextras/injector/wrapoperation/Operation;Lnet/minecraft/client/gui/hud/InGameHud;Lnet/minecraft/client/gui/DrawContext;Lnet/minecraft/client/render/RenderTickCounter;)V to md9c000e$fabric-rendering-v1$lambda$wrapStatusEffectOverlay$13$a in fabric-rendering-v1.mixins.json:InGameHudMixin from mod fabric-rendering-v1
[17:19:27] [Render thread/DEBUG] (FabricLoader/Mixin) Renaming synthetic method lambda$wrapRenderSpectatorHud$12(Lcom/llamalad7/mixinextras/injector/wrapoperation/Operation;Lnet/minecraft/client/gui/hud/SpectatorHud;Lnet/minecraft/client/gui/DrawContext;Lnet/minecraft/client/render/RenderTickCounter;)V to md9c000e$fabric-rendering-v1$lambda$wrapRenderSpectatorHud$12$b in fabric-rendering-v1.mixins.json:InGameHudMixin from mod fabric-rendering-v1
[17:19:27] [Render thread/DEBUG] (FabricLoader/Mixin) Renaming synthetic method lambda$wrapHeldItemTooltip$11(Lcom/llamalad7/mixinextras/injector/wrapoperation/Operation;Lnet/minecraft/client/gui/hud/InGameHud;Lnet/minecraft/client/gui/DrawContext;Lnet/minecraft/client/render/RenderTickCounter;)V to md9c000e$fabric-rendering-v1$lambda$wrapHeldItemTooltip$11$c in fabric-rendering-v1.mixins.json:InGameHudMixin from mod fabric-rendering-v1
[17:19:27] [Render thread/DEBUG] (FabricLoader/Mixin) Renaming synthetic method lambda$wrapExperienceLevel$10(Lcom/llamalad7/mixinextras/injector/wrapoperation/Operation;Lnet/minecraft/client/font/TextRenderer;ILnet/minecraft/client/gui/DrawContext;Lnet/minecraft/client/render/RenderTickCounter;)V to md9c000e$fabric-rendering-v1$lambda$wrapExperienceLevel$10$d in fabric-rendering-v1.mixins.json:InGameHudMixin from mod fabric-rendering-v1
[17:19:27] [Render thread/DEBUG] (FabricLoader/Mixin) Renaming synthetic method lambda$wrapRenderBar$9(Lcom/llamalad7/mixinextras/injector/wrapoperation/Operation;Lnet/minecraft/client/gui/hud/bar/Bar;Lnet/minecraft/client/gui/DrawContext;Lnet/minecraft/client/render/RenderTickCounter;)V to md9c000e$fabric-rendering-v1$lambda$wrapRenderBar$9$e in fabric-rendering-v1.mixins.json:InGameHudMixin from mod fabric-rendering-v1
[17:19:27] [Render thread/DEBUG] (FabricLoader/Mixin) Renaming synthetic method lambda$wrapMountHealth$8(Lcom/llamalad7/mixinextras/injector/wrapoperation/Operation;Lnet/minecraft/client/gui/hud/InGameHud;Lnet/minecraft/client/gui/DrawContext;Lnet/minecraft/client/render/RenderTickCounter;)V to md9c000e$fabric-rendering-v1$lambda$wrapMountHealth$8$f in fabric-rendering-v1.mixins.json:InGameHudMixin from mod fabric-rendering-v1
[17:19:27] [Render thread/DEBUG] (FabricLoader/Mixin) Renaming synthetic method lambda$wrapAirBar$7(Lcom/llamalad7/mixinextras/injector/wrapoperation/Operation;Lnet/minecraft/client/gui/hud/InGameHud;Lnet/minecraft/entity/player/PlayerEntity;IIILnet/minecraft/client/gui/DrawContext;Lnet/minecraft/client/render/RenderTickCounter;)V to md9c000e$fabric-rendering-v1$lambda$wrapAirBar$7$10 in fabric-rendering-v1.mixins.json:InGameHudMixin from mod fabric-rendering-v1
[17:19:27] [Render thread/DEBUG] (FabricLoader/Mixin) Renaming synthetic method lambda$wrapFoodBar$6(Lcom/llamalad7/mixinextras/injector/wrapoperation/Operation;Lnet/minecraft/client/gui/hud/InGameHud;Lnet/minecraft/entity/player/PlayerEntity;IILnet/minecraft/client/gui/DrawContext;Lnet/minecraft/client/render/RenderTickCounter;)V to md9c000e$fabric-rendering-v1$lambda$wrapFoodBar$6$11 in fabric-rendering-v1.mixins.json:InGameHudMixin from mod fabric-rendering-v1
[17:19:27] [Render thread/DEBUG] (FabricLoader/Mixin) Renaming synthetic method lambda$wrapHealthBar$5(Lcom/llamalad7/mixinextras/injector/wrapoperation/Operation;Lnet/minecraft/client/gui/hud/InGameHud;Lnet/minecraft/entity/player/PlayerEntity;IIIIFIIIZLnet/minecraft/client/gui/DrawContext;Lnet/minecraft/client/render/RenderTickCounter;)V to md9c000e$fabric-rendering-v1$lambda$wrapHealthBar$5$12 in fabric-rendering-v1.mixins.json:InGameHudMixin from mod fabric-rendering-v1
[17:19:27] [Render thread/DEBUG] (FabricLoader/Mixin) Renaming synthetic method lambda$wrapArmorBar$4(Lcom/llamalad7/mixinextras/injector/wrapoperation/Operation;Lnet/minecraft/entity/player/PlayerEntity;IIIILnet/minecraft/client/gui/DrawContext;Lnet/minecraft/client/render/RenderTickCounter;)V to md9c000e$fabric-rendering-v1$lambda$wrapArmorBar$4$13 in fabric-rendering-v1.mixins.json:InGameHudMixin from mod fabric-rendering-v1
[17:19:27] [Render thread/DEBUG] (FabricLoader/Mixin) Renaming synthetic method lambda$wrapHotbar$3(Lcom/llamalad7/mixinextras/injector/wrapoperation/Operation;Lnet/minecraft/client/gui/hud/InGameHud;Lnet/minecraft/client/gui/DrawContext;Lnet/minecraft/client/render/RenderTickCounter;)V to md9c000e$fabric-rendering-v1$lambda$wrapHotbar$3$14 in fabric-rendering-v1.mixins.json:InGameHudMixin from mod fabric-rendering-v1
[17:19:27] [Render thread/DEBUG] (FabricLoader/Mixin) Renaming synthetic method lambda$wrapSpectatorMenu$2(Lcom/llamalad7/mixinextras/injector/wrapoperation/Operation;Lnet/minecraft/client/gui/hud/SpectatorHud;Lnet/minecraft/client/gui/DrawContext;Lnet/minecraft/client/render/RenderTickCounter;)V to md9c000e$fabric-rendering-v1$lambda$wrapSpectatorMenu$2$15 in fabric-rendering-v1.mixins.json:InGameHudMixin from mod fabric-rendering-v1
[17:19:27] [Render thread/DEBUG] (FabricLoader/Mixin) Renaming synthetic method lambda$wrapCrosshair$1(Lcom/llamalad7/mixinextras/injector/wrapoperation/Operation;Lnet/minecraft/client/gui/hud/InGameHud;Lnet/minecraft/client/gui/DrawContext;Lnet/minecraft/client/render/RenderTickCounter;)V to md9c000e$fabric-rendering-v1$lambda$wrapCrosshair$1$16 in fabric-rendering-v1.mixins.json:InGameHudMixin from mod fabric-rendering-v1
[17:19:27] [Render thread/DEBUG] (FabricLoader/Mixin) Renaming synthetic method lambda$wrapMiscOverlays$0(Lcom/llamalad7/mixinextras/injector/wrapoperation/Operation;Lnet/minecraft/client/gui/hud/InGameHud;Lnet/minecraft/client/gui/DrawContext;Lnet/minecraft/client/render/RenderTickCounter;)V to md9c000e$fabric-rendering-v1$lambda$wrapMiscOverlays$0$17 in fabric-rendering-v1.mixins.json:InGameHudMixin from mod fabric-rendering-v1
[17:19:27] [Render thread/DEBUG] (FabricLoader/Mixin) fabric-rendering-v1.mixins.json:InGameHudMixin from mod fabric-rendering-v1->@Inject::render(Lnet/minecraft/client/gui/DrawContext;Lnet/minecraft/client/render/RenderTickCounter;Lorg/spongepowered/asm/mixin/injection/callback/CallbackInfo;)V doesn't use it's CallbackInfo
[17:19:27] [Render thread/DEBUG] (FabricLoader/Mixin) fabric-rendering-v1.mixins.json:InGameHudMixin from mod fabric-rendering-v1->@Inject::render(Lnet/minecraft/client/gui/DrawContext;Lnet/minecraft/client/render/RenderTickCounter;Lorg/spongepowered/asm/mixin/injection/callback/CallbackInfo;)V has 0 override(s) in child classes
[17:19:27] [Render thread/DEBUG] (FabricLoader/Mixin) fabric-rendering-v1.mixins.json:InGameHudMixin from mod fabric-rendering-v1->@Inject::render(Lnet/minecraft/client/gui/DrawContext;Lnet/minecraft/client/render/RenderTickCounter;Lorg/spongepowered/asm/mixin/injection/callback/CallbackInfo;)V won't be passed a CallbackInfo as a result
[17:19:27] [Render thread/DEBUG] (FabricLoader/Mixin) Mixing DebugHudMixin from fabric-rendering-v1.mixins.json into net.minecraft.client.gui.hud.DebugHud
[17:19:27] [Render thread/DEBUG] (FabricLoader/Mixin) fabric-rendering-v1.mixins.json:DebugHudMixin from mod fabric-rendering-v1->@Inject::getLeftText(Lorg/spongepowered/asm/mixin/injection/callback/CallbackInfoReturnable;)V does use it's CallbackInfoReturnable
[17:19:27] [Render thread/DEBUG] (FabricLoader/Mixin) fabric-rendering-v1.mixins.json:DebugHudMixin from mod fabric-rendering-v1->@Inject::getLeftText(Lorg/spongepowered/asm/mixin/injection/callback/CallbackInfoReturnable;)V does use it's CallbackInfoReturnable
[17:19:27] [Render thread/DEBUG] (FabricLoader/Mixin) fabric-rendering-v1.mixins.json:DebugHudMixin from mod fabric-rendering-v1->@Inject::getRightText(Lorg/spongepowered/asm/mixin/injection/callback/CallbackInfoReturnable;)V does use it's CallbackInfoReturnable
[17:19:27] [Render thread/DEBUG] (FabricLoader/Mixin) fabric-rendering-v1.mixins.json:DebugHudMixin from mod fabric-rendering-v1->@Inject::getRightText(Lorg/spongepowered/asm/mixin/injection/callback/CallbackInfoReturnable;)V does use it's CallbackInfoReturnable
[17:19:27] [Render thread/DEBUG] (FabricLoader/Mixin) Mixing ResourceMixin from fabric-resource-loader-v0.mixins.json into net.minecraft.resource.Resource
[17:19:27] [Render thread/DEBUG] (FabricLoader/Mixin) Mixing MessageHandlerMixin from fabric-message-api-v1.client.mixins.json into net.minecraft.client.network.message.MessageHandler
[17:19:27] [Render thread/DEBUG] (FabricLoader/Mixin) fabric-message-api-v1.client.mixins.json:MessageHandlerMixin from mod fabric-message-api-v1->@Inject::fabric_onSignedChatMessage(Lnet/minecraft/network/message/MessageType$Parameters;Lnet/minecraft/network/message/SignedMessage;Lnet/minecraft/text/Text;Lcom/mojang/authlib/GameProfile;ZLjava/time/Instant;Lorg/spongepowered/asm/mixin/injection/callback/CallbackInfoReturnable;)V does use it's CallbackInfoReturnable
[17:19:27] [Render thread/DEBUG] (FabricLoader/Mixin) fabric-message-api-v1.client.mixins.json:MessageHandlerMixin from mod fabric-message-api-v1->@Inject::fabric_onFilteredSignedChatMessage(Lnet/minecraft/network/message/MessageType$Parameters;Lnet/minecraft/network/message/SignedMessage;Lnet/minecraft/text/Text;Lcom/mojang/authlib/GameProfile;ZLjava/time/Instant;Lorg/spongepowered/asm/mixin/injection/callback/CallbackInfoReturnable;)V does use it's CallbackInfoReturnable
[17:19:27] [Render thread/DEBUG] (FabricLoader/Mixin) fabric-message-api-v1.client.mixins.json:MessageHandlerMixin from mod fabric-message-api-v1->@Inject::fabric_onProfilelessChatMessage(Lnet/minecraft/network/message/MessageType$Parameters;Lnet/minecraft/text/Text;Ljava/time/Instant;Lorg/spongepowered/asm/mixin/injection/callback/CallbackInfoReturnable;)V does use it's CallbackInfoReturnable
[17:19:27] [Render thread/DEBUG] (FabricLoader/Mixin) fabric-message-api-v1.client.mixins.json:MessageHandlerMixin from mod fabric-message-api-v1->@Inject::fabric_allowGameMessage(Lnet/minecraft/text/Text;ZLorg/spongepowered/asm/mixin/injection/callback/CallbackInfo;)V does use it's CallbackInfo
[17:19:27] [Render thread/DEBUG] (FabricLoader/Mixin) Mixing DrawContextMixin from fabric-rendering-v1.mixins.json into net.minecraft.client.gui.DrawContext
[17:19:27] [Render thread/DEBUG] (FabricLoader/Mixin) fabric-rendering-v1.mixins.json:DrawContextMixin from mod fabric-rendering-v1->@Inject::drawStackOverlay(Lnet/minecraft/client/font/TextRenderer;Lnet/minecraft/item/ItemStack;IILjava/lang/String;Lorg/spongepowered/asm/mixin/injection/callback/CallbackInfo;)V doesn't use it's CallbackInfo
[17:19:27] [Render thread/DEBUG] (FabricLoader/Mixin) fabric-rendering-v1.mixins.json:DrawContextMixin from mod fabric-rendering-v1->@Inject::drawStackOverlay(Lnet/minecraft/client/font/TextRenderer;Lnet/minecraft/item/ItemStack;IILjava/lang/String;Lorg/spongepowered/asm/mixin/injection/callback/CallbackInfo;)V has 0 override(s) in child classes
[17:19:27] [Render thread/DEBUG] (FabricLoader/Mixin) fabric-rendering-v1.mixins.json:DrawContextMixin from mod fabric-rendering-v1->@Inject::drawStackOverlay(Lnet/minecraft/client/font/TextRenderer;Lnet/minecraft/item/ItemStack;IILjava/lang/String;Lorg/spongepowered/asm/mixin/injection/callback/CallbackInfo;)V won't be passed a CallbackInfo as a result
[17:19:27] [Render thread/DEBUG] (FabricLoader/Mixin) fabric-rendering-v1.mixins.json:DrawContextMixin from mod fabric-rendering-v1->@Inject::drawStackOverlay(Lnet/minecraft/client/font/TextRenderer;Lnet/minecraft/item/ItemStack;IILjava/lang/String;Lorg/spongepowered/asm/mixin/injection/callback/CallbackInfo;)V doesn't use it's CallbackInfo
[17:19:27] [Render thread/DEBUG] (FabricLoader/Mixin) fabric-rendering-v1.mixins.json:DrawContextMixin from mod fabric-rendering-v1->@Inject::drawStackOverlay(Lnet/minecraft/client/font/TextRenderer;Lnet/minecraft/item/ItemStack;IILjava/lang/String;Lorg/spongepowered/asm/mixin/injection/callback/CallbackInfo;)V has 0 override(s) in child classes
[17:19:27] [Render thread/DEBUG] (FabricLoader/Mixin) fabric-rendering-v1.mixins.json:DrawContextMixin from mod fabric-rendering-v1->@Inject::drawStackOverlay(Lnet/minecraft/client/font/TextRenderer;Lnet/minecraft/item/ItemStack;IILjava/lang/String;Lorg/spongepowered/asm/mixin/injection/callback/CallbackInfo;)V won't be passed a CallbackInfo as a result
[17:19:27] [Render thread/INFO] (net.minecraft.resource.ReloadableResourceManagerImpl) Reloading ResourceManager: vanilla, fabric, fabric-api, fabric-api-base, fabric-api-lookup-api-v1, fabric-biome-api-v1, fabric-block-api-v1, fabric-block-view-api-v2, fabric-client-gametest-api-v1, fabric-command-api-v2, fabric-content-registries-v0, fabric-convention-tags-v1, fabric-convention-tags-v2, fabric-crash-report-info-v1, fabric-data-attachment-api-v1, fabric-data-generation-api-v1, fabric-dimensions-v1, fabric-entity-events-v1, fabric-events-interaction-v0, fabric-game-rule-api-v1, fabric-gametest-api-v1, fabric-item-api-v1, fabric-item-group-api-v1, fabric-key-binding-api-v1, fabric-lifecycle-events-v1, fabric-loot-api-v2, fabric-loot-api-v3, fabric-message-api-v1, fabric-model-loading-api-v1, fabric-networking-api-v1, fabric-object-builder-api-v1, fabric-particles-v1, fabric-recipe-api-v1, fabric-registry-sync-v0, fabric-renderer-api-v1, fabric-renderer-indigo, fabric-rendering-fluids-v1, fabric-rendering-v1, fabric-resource-conditions-api-v1, fabric-resource-loader-v0, fabric-screen-api-v1, fabric-screen-handler-api-v1, fabric-sound-api-v1, fabric-tag-api-v1, fabric-transfer-api-v1, fabric-transitive-access-wideners-v1, fabricloader, modmenu, noflamesmoke
[17:19:27] [Render thread/DEBUG] (FabricLoader/Mixin) Mixing SimpleResourceReloadMixin from fabric-resource-loader-v0.mixins.json into net.minecraft.resource.SimpleResourceReload
[17:19:27] [Worker-Main-16/DEBUG] (FabricLoader/Mixin) Mixing EntityModelsMixin from fabric-rendering-v1.mixins.json into net.minecraft.client.render.entity.model.EntityModels
[17:19:27] [Worker-Main-16/DEBUG] (FabricLoader/Mixin) fabric-rendering-v1.mixins.json:EntityModelsMixin from mod fabric-rendering-v1->@Inject::registerExtraModelData(Lorg/spongepowered/asm/mixin/injection/callback/CallbackInfoReturnable;)V doesn't use it's CallbackInfoReturnable
[17:19:27] [Render thread/DEBUG] (FabricLoader/Mixin) Mixing modification.DynamicRegistryManagerImmutableImplMixin from fabric-biome-api-v1.mixins.json into net.minecraft.registry.DynamicRegistryManager$ImmutableImpl
[17:19:27] [Worker-Main-17/DEBUG] (FabricLoader/Mixin) Mixing JsonUnbakedModelAccessor from fabric-model-loading-api-v1.mixins.json into net.minecraft.client.render.model.json.JsonUnbakedModel
[17:19:27] [Worker-Main-17/DEBUG] (FabricLoader/Mixin) Mixing JsonUnbakedModelMixin from fabric-model-loading-api-v1.mixins.json into net.minecraft.client.render.model.json.JsonUnbakedModel
[17:19:27] [Render thread/DEBUG] (FabricLoader/Mixin) Mixing client.sprite.SpriteLoaderStitchResultMixin from fabric-renderer-api-v1.mixins.json into net.minecraft.client.texture.SpriteLoader$StitchResult
[17:19:27] [Render thread/DEBUG] (FabricLoader/Mixin) Mixing client.sprite.SpriteAtlasManagerAtlasPreparationMixin from fabric-renderer-api-v1.mixins.json into net.minecraft.client.render.model.SpriteAtlasManager$AtlasPreparation
[17:19:27] [Worker-Main-9/INFO] (net.minecraft.client.font.UnihexFont) Found unifont_all_no_pua-16.0.03.hex, loading
[17:19:27] [Worker-Main-10/INFO] (net.minecraft.client.font.UnihexFont) Found unifont_pua-16.0.03.hex, loading
[17:19:27] [Worker-Main-16/DEBUG] (FabricLoader/Mixin) Mixing EntityModelLayersAccessor from fabric-rendering-v1.mixins.json into net.minecraft.client.render.entity.model.EntityModelLayers
[17:19:27] [Worker-Main-16/DEBUG] (FabricLoader/Mixin) Renaming @Accessor method getLayers()Ljava/util/Set; to getLayers$fabric-rendering-v1_$md$9c000e$0 in fabric-rendering-v1.mixins.json:EntityModelLayersAccessor from mod fabric-rendering-v1
[17:19:27] [Worker-Main-16/DEBUG] (FabricLoader/Mixin) Mixing EntityModelLayersMixin from fabric-object-builder-v1.client.mixins.json into net.minecraft.client.render.entity.model.EntityModelLayers
[17:19:27] [Worker-Main-16/DEBUG] (FabricLoader/Mixin) Renaming synthetic method lambda$createHangingSign$0(Lnet/minecraft/client/render/block/entity/HangingSignBlockEntityRenderer$AttachmentType;Ljava/lang/String;)Ljava/lang/String; to md9c000e$fabric-object-builder-api-v1$lambda$createHangingSign$0$1 in fabric-object-builder-v1.client.mixins.json:EntityModelLayersMixin from mod fabric-object-builder-api-v1
[17:19:27] [Worker-Main-16/DEBUG] (FabricLoader/Mixin) fabric-object-builder-v1.client.mixins.json:EntityModelLayersMixin from mod fabric-object-builder-api-v1->@Inject::createStandingSign(Lnet/minecraft/block/WoodType;Lorg/spongepowered/asm/mixin/injection/callback/CallbackInfoReturnable;)V does use it's CallbackInfoReturnable
[17:19:27] [Worker-Main-16/DEBUG] (FabricLoader/Mixin) fabric-object-builder-v1.client.mixins.json:EntityModelLayersMixin from mod fabric-object-builder-api-v1->@Inject::createWallSign(Lnet/minecraft/block/WoodType;Lorg/spongepowered/asm/mixin/injection/callback/CallbackInfoReturnable;)V does use it's CallbackInfoReturnable
[17:19:27] [Worker-Main-16/DEBUG] (FabricLoader/Mixin) fabric-object-builder-v1.client.mixins.json:EntityModelLayersMixin from mod fabric-object-builder-api-v1->@Inject::createHangingSign(Lnet/minecraft/block/WoodType;Lnet/minecraft/client/render/block/entity/HangingSignBlockEntityRenderer$AttachmentType;Lorg/spongepowered/asm/mixin/injection/callback/CallbackInfoReturnable;)V does use it's CallbackInfoReturnable
[17:19:27] [Render thread/DEBUG] (com.mojang.blaze3d.systems.RenderSystem) Growing IndexBuffer: Old limit 0, new limit 60.
[17:19:27] [Worker-Main-8/INFO] (net.minecraft.client.font.UnihexFont) Found unifont_jp_patch-16.0.03.hex, loading
[17:19:27] [Worker-Main-12/DEBUG] (FabricLoader/Mixin) Mixing client.block.model.MultipartBlockStateModelMixin from fabric-renderer-api-v1.mixins.json into net.minecraft.client.render.model.MultipartBlockStateModel
[17:19:27] [Worker-Main-12/DEBUG] (FabricLoader/Mixin) Mixing client.block.model.WeightedBlockStateModelMixin from fabric-renderer-api-v1.mixins.json into net.minecraft.client.render.model.WeightedBlockStateModel
[17:19:27] [Worker-Main-12/DEBUG] (FabricLoader/Mixin) Mixing client.sprite.BakedModelManager1Mixin from fabric-renderer-api-v1.mixins.json into net.minecraft.client.render.model.BakedModelManager$1
[17:19:27] [Worker-Main-12/DEBUG] (FabricLoader/Mixin) Mixing client.block.model.GeometryBakedModelMixin from fabric-renderer-api-v1.mixins.json into net.minecraft.client.render.model.GeometryBakedModel
[17:19:27] [Worker-Main-12/DEBUG] (FabricLoader/Mixin) Renaming synthetic method lambda$emitQuads$0(Lnet/fabricmc/fabric/api/renderer/v1/mesh/MutableQuadView;)Z to md9c000e$fabric-renderer-api-v1$lambda$emitQuads$0$0 in fabric-renderer-api-v1.mixins.json:client.block.model.GeometryBakedModelMixin from mod fabric-renderer-api-v1
[17:19:27] [Worker-Main-8/DEBUG] (FabricLoader/Mixin) Mixing client.block.model.MultipartBlockStateModelMultipartBakedModelAccessor from fabric-renderer-api-v1.mixins.json into net.minecraft.client.render.model.MultipartBlockStateModel$MultipartBakedModel
[17:19:27] [Worker-Main-12/DEBUG] (FabricLoader/Mixin) Mixing ModelBakerBakedModelsMixin from fabric-model-loading-api-v1.mixins.json into net.minecraft.client.render.model.ModelBaker$BakedModels
[17:19:28] [Render thread/INFO] (net.minecraft.client.sound.SoundEngine) OpenAL initialized on device OpenAL Soft on Głośniki (Logitech G930 Headset)
[17:19:28] [Render thread/INFO] (net.minecraft.client.sound.SoundSystem) Sound engine started
[17:19:28] [Render thread/INFO] (net.minecraft.client.texture.SpriteAtlasTexture) Created: 1024x512x4 minecraft:textures/atlas/blocks.png-atlas
[17:19:28] [Render thread/INFO] (net.minecraft.client.texture.SpriteAtlasTexture) Created: 256x256x4 minecraft:textures/atlas/signs.png-atlas
[17:19:28] [Render thread/INFO] (net.minecraft.client.texture.SpriteAtlasTexture) Created: 512x512x4 minecraft:textures/atlas/banner_patterns.png-atlas
[17:19:28] [Render thread/INFO] (net.minecraft.client.texture.SpriteAtlasTexture) Created: 512x512x4 minecraft:textures/atlas/shield_patterns.png-atlas
[17:19:28] [Render thread/INFO] (net.minecraft.client.texture.SpriteAtlasTexture) Created: 2048x1024x4 minecraft:textures/atlas/armor_trims.png-atlas
[17:19:28] [Render thread/INFO] (net.minecraft.client.texture.SpriteAtlasTexture) Created: 256x256x4 minecraft:textures/atlas/chest.png-atlas
[17:19:28] [Render thread/INFO] (net.minecraft.client.texture.SpriteAtlasTexture) Created: 128x64x4 minecraft:textures/atlas/decorated_pot.png-atlas
[17:19:28] [Render thread/INFO] (net.minecraft.client.texture.SpriteAtlasTexture) Created: 512x256x4 minecraft:textures/atlas/beds.png-atlas
[17:19:28] [Render thread/INFO] (net.minecraft.client.texture.SpriteAtlasTexture) Created: 512x256x4 minecraft:textures/atlas/shulker_boxes.png-atlas
[17:19:28] [Render thread/INFO] (net.minecraft.client.texture.SpriteAtlasTexture) Created: 64x64x0 minecraft:textures/atlas/map_decorations.png-atlas
[17:19:28] [Render thread/DEBUG] (FabricLoader/Mixin) Mixing EntityRenderersMixin from fabric-rendering-v1.mixins.json into net.minecraft.client.render.entity.EntityRenderers
[17:19:28] [Render thread/DEBUG] (FabricLoader/Mixin) Renaming synthetic method lambda$onRegisterRenderers$0(Lnet/minecraft/entity/EntityType;Lnet/minecraft/client/render/entity/EntityRendererFactory;)V to md9c000e$fabric-rendering-v1$lambda$onRegisterRenderers$0$0 in fabric-rendering-v1.mixins.json:EntityRenderersMixin from mod fabric-rendering-v1
[17:19:28] [Render thread/DEBUG] (FabricLoader/Mixin) fabric-rendering-v1.mixins.json:EntityRenderersMixin from mod fabric-rendering-v1->@Inject::onRegisterRenderers(Lorg/spongepowered/asm/mixin/injection/callback/CallbackInfo;)V doesn't use it's CallbackInfo
[17:19:28] [Render thread/DEBUG] (FabricLoader/Mixin) Mixing LivingEntityRendererAccessor from fabric-rendering-v1.mixins.json into net.minecraft.client.render.entity.LivingEntityRenderer
[17:19:28] [Render thread/DEBUG] (FabricLoader/Mixin) Mixing LivingEntityRendererMixin from fabric-rendering-v1.mixins.json into net.minecraft.client.render.entity.LivingEntityRenderer
[17:19:28] [Render thread/DEBUG] (FabricLoader/Mixin) Mixing BipedEntityRendererMixin from fabric-rendering-v1.mixins.json into net.minecraft.client.render.entity.BipedEntityRenderer
[17:19:28] [Render thread/DEBUG] (FabricLoader/Mixin) Mixing ArmorFeatureRendererMixin from fabric-rendering-v1.mixins.json into net.minecraft.client.render.entity.feature.ArmorFeatureRenderer
[17:19:28] [Render thread/DEBUG] (FabricLoader/Mixin) fabric-rendering-v1.mixins.json:ArmorFeatureRendererMixin from mod fabric-rendering-v1->@Inject::render(Lnet/minecraft/client/util/math/MatrixStack;Lnet/minecraft/client/render/VertexConsumerProvider;ILnet/minecraft/client/render/entity/state/BipedEntityRenderState;FFLorg/spongepowered/asm/mixin/injection/callback/CallbackInfo;)V doesn't use it's CallbackInfo
[17:19:28] [Render thread/DEBUG] (FabricLoader/Mixin) fabric-rendering-v1.mixins.json:ArmorFeatureRendererMixin from mod fabric-rendering-v1->@Inject::render(Lnet/minecraft/client/util/math/MatrixStack;Lnet/minecraft/client/render/VertexConsumerProvider;ILnet/minecraft/client/render/entity/state/BipedEntityRenderState;FFLorg/spongepowered/asm/mixin/injection/callback/CallbackInfo;)V has 0 override(s) in child classes
[17:19:28] [Render thread/DEBUG] (FabricLoader/Mixin) fabric-rendering-v1.mixins.json:ArmorFeatureRendererMixin from mod fabric-rendering-v1->@Inject::render(Lnet/minecraft/client/util/math/MatrixStack;Lnet/minecraft/client/render/VertexConsumerProvider;ILnet/minecraft/client/render/entity/state/BipedEntityRenderState;FFLorg/spongepowered/asm/mixin/injection/callback/CallbackInfo;)V won't be passed a CallbackInfo as a result
[17:19:28] [Render thread/DEBUG] (FabricLoader/Mixin) fabric-rendering-v1.mixins.json:ArmorFeatureRendererMixin from mod fabric-rendering-v1->@Inject::renderArmor(Lnet/minecraft/client/util/math/MatrixStack;Lnet/minecraft/client/render/VertexConsumerProvider;Lnet/minecraft/item/ItemStack;Lnet/minecraft/entity/EquipmentSlot;ILnet/minecraft/client/render/entity/model/BipedEntityModel;Lorg/spongepowered/asm/mixin/injection/callback/CallbackInfo;)V does use it's CallbackInfo
[17:19:28] [Render thread/DEBUG] (FabricLoader/Mixin) Mixing client.block.render.FallingBlockEntityRendererMixin from fabric-renderer-api-v1.mixins.json into net.minecraft.client.render.entity.FallingBlockEntityRenderer
[17:19:28] [Render thread/DEBUG] (FabricLoader/Mixin) Mixing client.block.render.ItemFrameEntityRendererMixin from fabric-renderer-api-v1.mixins.json into net.minecraft.client.render.entity.ItemFrameEntityRenderer
[17:19:28] [Render thread/DEBUG] (FabricLoader/Mixin) Renaming synthetic method lambda$renderProxy$0(Lnet/minecraft/client/render/VertexConsumer;Lnet/minecraft/client/render/BlockRenderLayer;)Lnet/minecraft/client/render/VertexConsumer; to md9c000e$fabric-renderer-api-v1$lambda$renderProxy$0$0 in fabric-renderer-api-v1.mixins.json:client.block.render.ItemFrameEntityRendererMixin from mod fabric-renderer-api-v1
[17:19:28] [Render thread/DEBUG] (FabricLoader/Mixin) Mixing client.block.render.MooshroomMushroomFeatureRendererMixin from fabric-renderer-api-v1.mixins.json into net.minecraft.client.render.entity.feature.MooshroomMushroomFeatureRenderer
[17:19:28] [Render thread/DEBUG] (FabricLoader/Mixin) Renaming synthetic method lambda$renderProxy$0(Lnet/minecraft/client/render/VertexConsumer;Lnet/minecraft/client/render/BlockRenderLayer;)Lnet/minecraft/client/render/VertexConsumer; to md9c000e$fabric-renderer-api-v1$lambda$renderProxy$0$0 in fabric-renderer-api-v1.mixins.json:client.block.render.MooshroomMushroomFeatureRendererMixin from mod fabric-renderer-api-v1
[17:19:28] [Render thread/DEBUG] (FabricLoader/Mixin) Mixing client.block.render.SnowGolemPumpkinFeatureRendererMixin from fabric-renderer-api-v1.mixins.json into net.minecraft.client.render.entity.feature.SnowGolemPumpkinFeatureRenderer
[17:19:28] [Render thread/DEBUG] (FabricLoader/Mixin) Renaming synthetic method lambda$renderProxy$0(Lnet/minecraft/client/render/VertexConsumer;Lnet/minecraft/client/render/BlockRenderLayer;)Lnet/minecraft/client/render/VertexConsumer; to md9c000e$fabric-renderer-api-v1$lambda$renderProxy$0$0 in fabric-renderer-api-v1.mixins.json:client.block.render.SnowGolemPumpkinFeatureRendererMixin from mod fabric-renderer-api-v1
[17:19:28] [Render thread/DEBUG] (FabricLoader/Mixin) Mixing CapeFeatureRendererMixin from fabric-rendering-v1.mixins.json into net.minecraft.client.render.entity.feature.CapeFeatureRenderer
[17:19:28] [Render thread/DEBUG] (FabricLoader/Mixin) Mixing BlockEntityRendererFactoriesMixin from fabric-rendering-v1.mixins.json into net.minecraft.client.render.block.entity.BlockEntityRendererFactories
[17:19:28] [Render thread/DEBUG] (FabricLoader/Mixin) Renaming synthetic method lambda$init$0(Lnet/minecraft/block/entity/BlockEntityType;Lnet/minecraft/client/render/block/entity/BlockEntityRendererFactory;)V to md9c000e$fabric-rendering-v1$lambda$init$0$0 in fabric-rendering-v1.mixins.json:BlockEntityRendererFactoriesMixin from mod fabric-rendering-v1
[17:19:28] [Render thread/DEBUG] (FabricLoader/Mixin) fabric-rendering-v1.mixins.json:BlockEntityRendererFactoriesMixin from mod fabric-rendering-v1->@Inject::init(Lorg/spongepowered/asm/mixin/injection/callback/CallbackInfo;)V doesn't use it's CallbackInfo
[17:19:28] [Render thread/DEBUG] (FabricLoader/Mixin) Mixing client.block.render.PistonBlockEntityRendererMixin from fabric-renderer-api-v1.mixins.json into net.minecraft.client.render.block.entity.PistonBlockEntityRenderer
[17:19:28] [Render thread/INFO] (net.minecraft.client.texture.SpriteAtlasTexture) Created: 512x256x0 minecraft:textures/atlas/particles.png-atlas
[17:19:28] [Render thread/INFO] (net.minecraft.client.texture.SpriteAtlasTexture) Created: 512x256x0 minecraft:textures/atlas/paintings.png-atlas
[17:19:28] [Render thread/INFO] (net.minecraft.client.texture.SpriteAtlasTexture) Created: 1024x512x0 minecraft:textures/atlas/gui.png-atlas
[17:19:29] [Render thread/DEBUG] (com.mojang.blaze3d.systems.RenderSystem) Growing IndexBuffer: Old limit 60, new limit 192.
[17:19:30] [Render thread/DEBUG] (com.mojang.blaze3d.systems.RenderSystem) Growing IndexBuffer: Old limit 192, new limit 1896.
[17:19:35] [Render thread/DEBUG] (com.mojang.blaze3d.systems.RenderSystem) Growing IndexBuffer: Old limit 1896, new limit 4488.
[17:19:42] [Render thread/DEBUG] (FabricLoader/Mixin) Mixing CreateWorldScreenMixin from fabric-resource-loader-v0.client.mixins.json into net.minecraft.client.gui.screen.world.CreateWorldScreen
[17:19:42] [Render thread/DEBUG] (FabricLoader/Mixin) fabric-resource-loader-v0.client.mixins.json:CreateWorldScreenMixin from mod fabric-resource-loader-v0->@Inject::onScanPacks(Lorg/spongepowered/asm/mixin/injection/callback/CallbackInfoReturnable;)V doesn't use it's CallbackInfoReturnable
[17:19:42] [Render thread/DEBUG] (FabricLoader/Mixin) fabric-resource-loader-v0.client.mixins.json:CreateWorldScreenMixin from mod fabric-resource-loader-v0->@Inject::onScanPacks(Lorg/spongepowered/asm/mixin/injection/callback/CallbackInfoReturnable;)V has 0 override(s) in child classes
[17:19:42] [Render thread/DEBUG] (FabricLoader/Mixin) fabric-resource-loader-v0.client.mixins.json:CreateWorldScreenMixin from mod fabric-resource-loader-v0->@Inject::onScanPacks(Lorg/spongepowered/asm/mixin/injection/callback/CallbackInfoReturnable;)V won't be passed a CallbackInfoReturnable as a result
[17:19:43] [Render thread/DEBUG] (FabricLoader/Mixin) Mixing DataPackContentsMixin from fabric-tag-api-v1.mixins.json into net.minecraft.server.DataPackContents
[17:19:43] [Render thread/DEBUG] (FabricLoader/Mixin) Mixing DataPackContentsMixin from fabric-resource-conditions-api-v1.mixins.json into net.minecraft.server.DataPackContents
[17:19:43] [Render thread/DEBUG] (FabricLoader/Mixin) Mixing DataPackContentsMixin from fabric-lifecycle-events-v1.mixins.json into net.minecraft.server.DataPackContents
[17:19:43] [Render thread/DEBUG] (FabricLoader/Mixin) fabric-tag-api-v1.mixins.json:DataPackContentsMixin from mod fabric-tag-api-v1->@Inject::storeDynamicRegistries(Lnet/minecraft/registry/CombinedDynamicRegistries;Lnet/minecraft/registry/RegistryWrapper$WrapperLookup;Lnet/minecraft/resource/featuretoggle/FeatureSet;Lnet/minecraft/server/command/CommandManager$RegistrationEnvironment;Ljava/util/List;ILorg/spongepowered/asm/mixin/injection/callback/CallbackInfo;)V doesn't use it's CallbackInfo
[17:19:43] [Render thread/DEBUG] (FabricLoader/Mixin) fabric-tag-api-v1.mixins.json:DataPackContentsMixin from mod fabric-tag-api-v1->@Inject::storeDynamicRegistries(Lnet/minecraft/registry/CombinedDynamicRegistries;Lnet/minecraft/registry/RegistryWrapper$WrapperLookup;Lnet/minecraft/resource/featuretoggle/FeatureSet;Lnet/minecraft/server/command/CommandManager$RegistrationEnvironment;Ljava/util/List;ILorg/spongepowered/asm/mixin/injection/callback/CallbackInfo;)V has 0 override(s) in child classes
[17:19:43] [Render thread/DEBUG] (FabricLoader/Mixin) fabric-tag-api-v1.mixins.json:DataPackContentsMixin from mod fabric-tag-api-v1->@Inject::storeDynamicRegistries(Lnet/minecraft/registry/CombinedDynamicRegistries;Lnet/minecraft/registry/RegistryWrapper$WrapperLookup;Lnet/minecraft/resource/featuretoggle/FeatureSet;Lnet/minecraft/server/command/CommandManager$RegistrationEnvironment;Ljava/util/List;ILorg/spongepowered/asm/mixin/injection/callback/CallbackInfo;)V won't be passed a CallbackInfo as a result
[17:19:43] [Render thread/DEBUG] (FabricLoader/Mixin) fabric-tag-api-v1.mixins.json:DataPackContentsMixin from mod fabric-tag-api-v1->@Inject::applyDynamicTagAliases(Lorg/spongepowered/asm/mixin/injection/callback/CallbackInfo;)V doesn't use it's CallbackInfo
[17:19:43] [Render thread/DEBUG] (FabricLoader/Mixin) fabric-tag-api-v1.mixins.json:DataPackContentsMixin from mod fabric-tag-api-v1->@Inject::applyDynamicTagAliases(Lorg/spongepowered/asm/mixin/injection/callback/CallbackInfo;)V has 0 override(s) in child classes
[17:19:43] [Render thread/DEBUG] (FabricLoader/Mixin) fabric-tag-api-v1.mixins.json:DataPackContentsMixin from mod fabric-tag-api-v1->@Inject::applyDynamicTagAliases(Lorg/spongepowered/asm/mixin/injection/callback/CallbackInfo;)V won't be passed a CallbackInfo as a result
[17:19:43] [Render thread/DEBUG] (FabricLoader/Mixin) fabric-resource-conditions-api-v1.mixins.json:DataPackContentsMixin from mod fabric-resource-conditions-api-v1->@Inject::hookReload(Lnet/minecraft/resource/ResourceManager;Lnet/minecraft/registry/CombinedDynamicRegistries;Ljava/util/List;Lnet/minecraft/resource/featuretoggle/FeatureSet;Lnet/minecraft/server/command/CommandManager$RegistrationEnvironment;ILjava/util/concurrent/Executor;Ljava/util/concurrent/Executor;Lorg/spongepowered/asm/mixin/injection/callback/CallbackInfoReturnable;)V doesn't use it's CallbackInfoReturnable
[17:19:43] [Render thread/DEBUG] (FabricLoader/Mixin) fabric-lifecycle-events-v1.mixins.json:DataPackContentsMixin from mod fabric-lifecycle-events-v1->@Inject::init(Lnet/minecraft/registry/CombinedDynamicRegistries;Lnet/minecraft/registry/RegistryWrapper$WrapperLookup;Lnet/minecraft/resource/featuretoggle/FeatureSet;Lnet/minecraft/server/command/CommandManager$RegistrationEnvironment;Ljava/util/List;ILorg/spongepowered/asm/mixin/injection/callback/CallbackInfo;)V doesn't use it's CallbackInfo
[17:19:43] [Render thread/DEBUG] (FabricLoader/Mixin) fabric-lifecycle-events-v1.mixins.json:DataPackContentsMixin from mod fabric-lifecycle-events-v1->@Inject::init(Lnet/minecraft/registry/CombinedDynamicRegistries;Lnet/minecraft/registry/RegistryWrapper$WrapperLookup;Lnet/minecraft/resource/featuretoggle/FeatureSet;Lnet/minecraft/server/command/CommandManager$RegistrationEnvironment;Ljava/util/List;ILorg/spongepowered/asm/mixin/injection/callback/CallbackInfo;)V has 0 override(s) in child classes
[17:19:43] [Render thread/DEBUG] (FabricLoader/Mixin) fabric-lifecycle-events-v1.mixins.json:DataPackContentsMixin from mod fabric-lifecycle-events-v1->@Inject::init(Lnet/minecraft/registry/CombinedDynamicRegistries;Lnet/minecraft/registry/RegistryWrapper$WrapperLookup;Lnet/minecraft/resource/featuretoggle/FeatureSet;Lnet/minecraft/server/command/CommandManager$RegistrationEnvironment;Ljava/util/List;ILorg/spongepowered/asm/mixin/injection/callback/CallbackInfo;)V won't be passed a CallbackInfo as a result
[17:19:43] [Render thread/DEBUG] (FabricLoader/Mixin) fabric-lifecycle-events-v1.mixins.json:DataPackContentsMixin from mod fabric-lifecycle-events-v1->@Inject::hookRefresh(Lorg/spongepowered/asm/mixin/injection/callback/CallbackInfo;)V doesn't use it's CallbackInfo
[17:19:43] [Render thread/DEBUG] (FabricLoader/Mixin) fabric-lifecycle-events-v1.mixins.json:DataPackContentsMixin from mod fabric-lifecycle-events-v1->@Inject::hookRefresh(Lorg/spongepowered/asm/mixin/injection/callback/CallbackInfo;)V has 0 override(s) in child classes
[17:19:43] [Render thread/DEBUG] (FabricLoader/Mixin) fabric-lifecycle-events-v1.mixins.json:DataPackContentsMixin from mod fabric-lifecycle-events-v1->@Inject::hookRefresh(Lorg/spongepowered/asm/mixin/injection/callback/CallbackInfo;)V won't be passed a CallbackInfo as a result
[17:19:43] [Render thread/DEBUG] (FabricLoader/Mixin) Mixing SaveLoadingMixin from fabric-registry-sync-v0.mixins.json into net.minecraft.server.SaveLoading
[17:19:43] [Render thread/DEBUG] (FabricLoader/Mixin) Mixing ServerPlayerInteractionManagerMixin from fabric-events-interaction-v0.mixins.json into net.minecraft.server.network.ServerPlayerInteractionManager
[17:19:43] [Render thread/DEBUG] (FabricLoader/Mixin) fabric-events-interaction-v0.mixins.json:ServerPlayerInteractionManagerMixin from mod fabric-events-interaction-v0->@Inject::startBlockBreak(Lnet/minecraft/util/math/BlockPos;Lnet/minecraft/network/packet/c2s/play/PlayerActionC2SPacket$Action;Lnet/minecraft/util/math/Direction;IILorg/spongepowered/asm/mixin/injection/callback/CallbackInfo;)V does use it's CallbackInfo
[17:19:43] [Render thread/DEBUG] (FabricLoader/Mixin) fabric-events-interaction-v0.mixins.json:ServerPlayerInteractionManagerMixin from mod fabric-events-interaction-v0->@Inject::interactBlock(Lnet/minecraft/server/network/ServerPlayerEntity;Lnet/minecraft/world/World;Lnet/minecraft/item/ItemStack;Lnet/minecraft/util/Hand;Lnet/minecraft/util/hit/BlockHitResult;Lorg/spongepowered/asm/mixin/injection/callback/CallbackInfoReturnable;)V does use it's CallbackInfoReturnable
[17:19:43] [Render thread/DEBUG] (FabricLoader/Mixin) fabric-events-interaction-v0.mixins.json:ServerPlayerInteractionManagerMixin from mod fabric-events-interaction-v0->@Inject::interactItem(Lnet/minecraft/server/network/ServerPlayerEntity;Lnet/minecraft/world/World;Lnet/minecraft/item/ItemStack;Lnet/minecraft/util/Hand;Lorg/spongepowered/asm/mixin/injection/callback/CallbackInfoReturnable;)V does use it's CallbackInfoReturnable
[17:19:43] [Render thread/DEBUG] (FabricLoader/Mixin) fabric-events-interaction-v0.mixins.json:ServerPlayerInteractionManagerMixin from mod fabric-events-interaction-v0->@Inject::breakBlock(Lnet/minecraft/util/math/BlockPos;Lorg/spongepowered/asm/mixin/injection/callback/CallbackInfoReturnable;)V does use it's CallbackInfoReturnable
[17:19:43] [Render thread/DEBUG] (FabricLoader/Mixin) fabric-events-interaction-v0.mixins.json:ServerPlayerInteractionManagerMixin from mod fabric-events-interaction-v0->@Inject::onBlockBroken(Lnet/minecraft/util/math/BlockPos;Lorg/spongepowered/asm/mixin/injection/callback/CallbackInfoReturnable;)V doesn't use it's CallbackInfoReturnable
[17:19:43] [Render thread/DEBUG] (FabricLoader/Mixin) fabric-events-interaction-v0.mixins.json:ServerPlayerInteractionManagerMixin from mod fabric-events-interaction-v0->@Inject::onBlockBroken(Lnet/minecraft/util/math/BlockPos;Lorg/spongepowered/asm/mixin/injection/callback/CallbackInfoReturnable;)V has 0 override(s) in child classes
[17:19:43] [Render thread/DEBUG] (FabricLoader/Mixin) fabric-events-interaction-v0.mixins.json:ServerPlayerInteractionManagerMixin from mod fabric-events-interaction-v0->@Inject::onBlockBroken(Lnet/minecraft/util/math/BlockPos;Lorg/spongepowered/asm/mixin/injection/callback/CallbackInfoReturnable;)V won't be passed a CallbackInfoReturnable as a result
[17:19:43] [Render thread/DEBUG] (net.fabricmc.fabric.impl.resource.loader.ModResourcePackUtil) [Fabric] Starting internal pack sorting with: [fabric, fabric-convention-tags-v2, fabric-gametest-api-v1]
[17:19:43] [Render thread/DEBUG] (net.fabricmc.fabric.impl.resource.loader.ModResourcePackUtil) [Fabric] Removed all internal packs, result: [fabric]
[17:19:43] [Render thread/DEBUG] (net.fabricmc.fabric.impl.resource.loader.ModResourcePackUtil) [Fabric] cur @ fabric, auto-enabled fabric-convention-tags-v2, currently enabled: [fabric, fabric-convention-tags-v2]
[17:19:43] [Render thread/DEBUG] (net.fabricmc.fabric.impl.resource.loader.ModResourcePackUtil) [Fabric] cur @ fabric, auto-enabled fabric-gametest-api-v1, currently enabled: [fabric, fabric-convention-tags-v2, fabric-gametest-api-v1]
[17:19:43] [Render thread/DEBUG] (net.fabricmc.fabric.impl.resource.loader.ModResourcePackUtil) [Fabric] Final sorting result: [fabric, fabric-convention-tags-v2, fabric-gametest-api-v1]
[17:19:43] [Render thread/DEBUG] (net.fabricmc.fabric.impl.resource.loader.ModResourcePackUtil) [Fabric] Starting internal pack sorting with: [vanilla, fabric, fabric-convention-tags-v2, fabric-gametest-api-v1]
[17:19:43] [Render thread/DEBUG] (net.fabricmc.fabric.impl.resource.loader.ModResourcePackUtil) [Fabric] Removed all internal packs, result: [vanilla, fabric]
[17:19:43] [Render thread/DEBUG] (net.fabricmc.fabric.impl.resource.loader.ModResourcePackUtil) [Fabric] cur @ fabric, auto-enabled fabric-convention-tags-v2, currently enabled: [vanilla, fabric, fabric-convention-tags-v2]
[17:19:43] [Render thread/DEBUG] (net.fabricmc.fabric.impl.resource.loader.ModResourcePackUtil) [Fabric] cur @ fabric, auto-enabled fabric-gametest-api-v1, currently enabled: [vanilla, fabric, fabric-convention-tags-v2, fabric-gametest-api-v1]
[17:19:43] [Render thread/DEBUG] (net.fabricmc.fabric.impl.resource.loader.ModResourcePackUtil) [Fabric] Final sorting result: [vanilla, fabric, fabric-convention-tags-v2, fabric-gametest-api-v1]
[17:19:43] [Render thread/DEBUG] (FabricLoader/Mixin) Mixing SimpleRegistry2Mixin from fabric-tag-api-v1.mixins.json into net.minecraft.registry.SimpleRegistry$2
[17:19:43] [Render thread/DEBUG] (FabricLoader/Mixin) Mixing SimpleRegistry3Mixin from fabric-tag-api-v1.mixins.json into net.minecraft.registry.SimpleRegistry$3
[17:19:43] [Render thread/DEBUG] (FabricLoader/Mixin) fabric-tag-api-v1.mixins.json:SimpleRegistry3Mixin from mod fabric-tag-api-v1->@Inject::applyTagAliases(Lorg/spongepowered/asm/mixin/injection/callback/CallbackInfo;)V doesn't use it's CallbackInfo
[17:19:43] [Render thread/DEBUG] (FabricLoader/Mixin) fabric-tag-api-v1.mixins.json:SimpleRegistry3Mixin from mod fabric-tag-api-v1->@Inject::applyTagAliases(Lorg/spongepowered/asm/mixin/injection/callback/CallbackInfo;)V has 0 override(s) in child classes
[17:19:43] [Render thread/DEBUG] (FabricLoader/Mixin) fabric-tag-api-v1.mixins.json:SimpleRegistry3Mixin from mod fabric-tag-api-v1->@Inject::applyTagAliases(Lorg/spongepowered/asm/mixin/injection/callback/CallbackInfo;)V won't be passed a CallbackInfo as a result
[17:19:43] [Render thread/DEBUG] (FabricLoader/Mixin) Mixing RegistryLoaderMixin from fabric-gametest-api-v1.mixins.json into net.minecraft.registry.RegistryLoader
[17:19:43] [Render thread/DEBUG] (FabricLoader/Mixin) Renaming synthetic method lambda$loadFromResources$0(Lnet/minecraft/registry/RegistryLoader$Entry;)Z to md9c000e$fabric-gametest-api-v1$lambda$loadFromResources$0$0 in fabric-gametest-api-v1.mixins.json:RegistryLoaderMixin from mod fabric-gametest-api-v1
[17:19:43] [Render thread/DEBUG] (FabricLoader/Mixin) Mixing RegistryLoaderMixin from fabric-registry-sync-v0.mixins.json into net.minecraft.registry.RegistryLoader
[17:19:43] [Render thread/DEBUG] (FabricLoader/Mixin) Renaming synthetic method lambda$static$0()Ljava/lang/Boolean; to md9c000e$fabric-registry-sync-v0$lambda$static$0$1 in fabric-registry-sync-v0.mixins.json:RegistryLoaderMixin from mod fabric-registry-sync-v0
[17:19:43] [Render thread/DEBUG] (FabricLoader/Mixin) Mixing RegistryLoaderMixin from fabric-item-api-v1.mixins.json into net.minecraft.registry.RegistryLoader
[17:19:43] [Render thread/DEBUG] (FabricLoader/Mixin) Mixing RegistryLoaderMixin from fabric-resource-conditions-api-v1.mixins.json into net.minecraft.registry.RegistryLoader
[17:19:43] [Render thread/DEBUG] (FabricLoader/Mixin) fabric-gametest-api-v1.mixins.json:RegistryLoaderMixin from mod fabric-gametest-api-v1->@Inject::loadFromResources(Lnet/minecraft/resource/ResourceManager;Ljava/util/List;Ljava/util/List;Lorg/spongepowered/asm/mixin/injection/callback/CallbackInfoReturnable;)V doesn't use it's CallbackInfoReturnable
[17:19:43] [Render thread/DEBUG] (FabricLoader/Mixin) fabric-gametest-api-v1.mixins.json:RegistryLoaderMixin from mod fabric-gametest-api-v1->@Inject::beforeFreeze(Ljava/lang/Object;Ljava/util/List;Ljava/util/List;Lorg/spongepowered/asm/mixin/injection/callback/CallbackInfoReturnable;)V doesn't use it's CallbackInfoReturnable
[17:19:43] [Render thread/DEBUG] (FabricLoader/Mixin) fabric-registry-sync-v0.mixins.json:RegistryLoaderMixin from mod fabric-registry-sync-v0->@Inject::beforeLoad(Ljava/lang/Object;Ljava/util/List;Ljava/util/List;Lorg/spongepowered/asm/mixin/injection/callback/CallbackInfoReturnable;)V doesn't use it's CallbackInfoReturnable
[17:19:43] [Render thread/DEBUG] (FabricLoader/Mixin) fabric-resource-conditions-api-v1.mixins.json:RegistryLoaderMixin from mod fabric-resource-conditions-api-v1->@Inject::captureRegistries(Lnet/minecraft/resource/ResourceManager;Lnet/minecraft/registry/RegistryOps$RegistryInfoGetter;Lnet/minecraft/registry/MutableRegistry;Lcom/mojang/serialization/Decoder;Ljava/util/Map;Lorg/spongepowered/asm/mixin/injection/callback/CallbackInfo;)V doesn't use it's CallbackInfo
[17:19:43] [Render thread/DEBUG] (FabricLoader/Mixin) fabric-resource-conditions-api-v1.mixins.json:RegistryLoaderMixin from mod fabric-resource-conditions-api-v1->@Inject::releaseRegistries(Lnet/minecraft/resource/ResourceManager;Lnet/minecraft/registry/RegistryOps$RegistryInfoGetter;Lnet/minecraft/registry/MutableRegistry;Lcom/mojang/serialization/Decoder;Ljava/util/Map;Lorg/spongepowered/asm/mixin/injection/callback/CallbackInfo;)V doesn't use it's CallbackInfo
[17:19:43] [Render thread/DEBUG] (FabricLoader/Mixin) fabric-resource-conditions-api-v1.mixins.json:RegistryLoaderMixin from mod fabric-resource-conditions-api-v1->@Inject::checkResourceCondition(Lnet/minecraft/registry/MutableRegistry;Lcom/mojang/serialization/Decoder;Lnet/minecraft/registry/RegistryOps;Lnet/minecraft/registry/RegistryKey;Lnet/minecraft/resource/Resource;Lnet/minecraft/registry/entry/RegistryEntryInfo;Lorg/spongepowered/asm/mixin/injection/callback/CallbackInfo;)V does use it's CallbackInfo
[17:19:44] [Render thread/DEBUG] (FabricLoader/Mixin) Mixing EnchantmentBuilderAccessor from fabric-item-api-v1.mixins.json into net.minecraft.enchantment.Enchantment$Builder
[17:19:44] [Render thread/DEBUG] (FabricLoader/Mixin) Mixing EnchantmentBuilderMixin from fabric-item-api-v1.mixins.json into net.minecraft.enchantment.Enchantment$Builder
[17:19:44] [Render thread/DEBUG] (FabricLoader/Mixin) fabric-item-api-v1.mixins.json:EnchantmentBuilderMixin from mod fabric-item-api-v1->@Inject::markModified(Lorg/spongepowered/asm/mixin/injection/callback/CallbackInfoReturnable;)V does use it's CallbackInfo
[17:19:44] [Render thread/DEBUG] (FabricLoader/Mixin) fabric-item-api-v1.mixins.json:EnchantmentBuilderMixin from mod fabric-item-api-v1->@Inject::markModified(Lorg/spongepowered/asm/mixin/injection/callback/CallbackInfoReturnable;)V does use it's CallbackInfoReturnable
[17:19:44] [Render thread/DEBUG] (FabricLoader/Mixin) fabric-item-api-v1.mixins.json:EnchantmentBuilderMixin from mod fabric-item-api-v1->@Inject::markModified(Lorg/spongepowered/asm/mixin/injection/callback/CallbackInfoReturnable;)V does use it's CallbackInfoReturnable
[17:19:44] [Render thread/DEBUG] (FabricLoader/Mixin) fabric-item-api-v1.mixins.json:EnchantmentBuilderMixin from mod fabric-item-api-v1->@Inject::markModified(Lorg/spongepowered/asm/mixin/injection/callback/CallbackInfoReturnable;)V does use it's CallbackInfoReturnable
[17:19:44] [Render thread/DEBUG] (FabricLoader/Mixin) fabric-item-api-v1.mixins.json:EnchantmentBuilderMixin from mod fabric-item-api-v1->@Inject::markModified(Lorg/spongepowered/asm/mixin/injection/callback/CallbackInfoReturnable;)V does use it's CallbackInfoReturnable
[17:19:44] [Render thread/DEBUG] (FabricLoader/Mixin) fabric-item-api-v1.mixins.json:EnchantmentBuilderMixin from mod fabric-item-api-v1->@Inject::markModified(Lorg/spongepowered/asm/mixin/injection/callback/CallbackInfoReturnable;)V does use it's CallbackInfoReturnable
[17:19:44] [Render thread/DEBUG] (FabricLoader/Mixin) fabric-item-api-v1.mixins.json:EnchantmentBuilderMixin from mod fabric-item-api-v1->@Inject::markModified(Lorg/spongepowered/asm/mixin/injection/callback/CallbackInfoReturnable;)V does use it's CallbackInfoReturnable
[17:19:44] [Render thread/DEBUG] (FabricLoader/Mixin) fabric-item-api-v1.mixins.json:EnchantmentBuilderMixin from mod fabric-item-api-v1->@Inject::markModified(Lorg/spongepowered/asm/mixin/injection/callback/CallbackInfoReturnable;)V does use it's CallbackInfoReturnable
[17:19:44] [Render thread/DEBUG] (FabricLoader/Mixin) fabric-item-api-v1.mixins.json:EnchantmentBuilderMixin from mod fabric-item-api-v1->@Inject::markModified(Lorg/spongepowered/asm/mixin/injection/callback/CallbackInfoReturnable;)V does use it's CallbackInfoReturnable
[17:19:44] [Render thread/DEBUG] (FabricLoader/Mixin) fabric-item-api-v1.mixins.json:EnchantmentBuilderMixin from mod fabric-item-api-v1->@Inject::markModified(Lorg/spongepowered/asm/mixin/injection/callback/CallbackInfoReturnable;)V does use it's CallbackInfoReturnable
[17:19:44] [Render thread/DEBUG] (FabricLoader/Mixin) fabric-item-api-v1.mixins.json:EnchantmentBuilderMixin from mod fabric-item-api-v1->@Inject::markModified(Lorg/spongepowered/asm/mixin/injection/callback/CallbackInfoReturnable;)V does use it's CallbackInfoReturnable
[17:19:44] [Render thread/DEBUG] (FabricLoader/Mixin) fabric-item-api-v1.mixins.json:EnchantmentBuilderMixin from mod fabric-item-api-v1->@Inject::markModified(Lorg/spongepowered/asm/mixin/injection/callback/CallbackInfoReturnable;)V does use it's CallbackInfoReturnable
[17:19:44] [Render thread/DEBUG] (FabricLoader/Mixin) Mixing DimensionOptionsRegistryHolderMixin from fabric-dimensions-v1.mixins.json into net.minecraft.world.dimension.DimensionOptionsRegistryHolder
[17:19:44] [Render thread/DEBUG] (FabricLoader/Mixin) Mixing ReloadableRegistriesMixin from fabric-loot-api-v3.mixins.json into net.minecraft.registry.ReloadableRegistries
[17:19:44] [Render thread/DEBUG] (FabricLoader/Mixin) Renaming synthetic method lambda$onLootTablesLoaded$2(Lnet/minecraft/registry/entry/RegistryEntry$Reference;)V to md9c000e$fabric-loot-api-v3$lambda$onLootTablesLoaded$2$0 in fabric-loot-api-v3.mixins.json:ReloadableRegistriesMixin from mod fabric-loot-api-v3
[17:19:44] [Render thread/DEBUG] (FabricLoader/Mixin) Renaming synthetic method lambda$modifyLootTable$1(Lnet/minecraft/registry/RegistryOps;Lnet/minecraft/util/Identifier;Ljava/lang/Object;)Ljava/lang/Object; to md9c000e$fabric-loot-api-v3$lambda$modifyLootTable$1$1 in fabric-loot-api-v3.mixins.json:ReloadableRegistriesMixin from mod fabric-loot-api-v3
[17:19:44] [Render thread/DEBUG] (FabricLoader/Mixin) Renaming synthetic method lambda$removeOps$0(Lnet/minecraft/registry/RegistryOps;Ljava/util/List;)Ljava/util/List; to md9c000e$fabric-loot-api-v3$lambda$removeOps$0$2 in fabric-loot-api-v3.mixins.json:ReloadableRegistriesMixin from mod fabric-loot-api-v3
[17:19:44] [Render thread/DEBUG] (FabricLoader/Mixin) fabric-loot-api-v3.mixins.json:ReloadableRegistriesMixin from mod fabric-loot-api-v3->@Inject::modifyLootTable(Lnet/minecraft/loot/LootDataType;Lnet/minecraft/resource/ResourceManager;Lnet/minecraft/registry/RegistryOps;Lorg/spongepowered/asm/mixin/injection/callback/CallbackInfoReturnable;)V doesn't use it's CallbackInfoReturnable
[17:19:44] [Render thread/DEBUG] (FabricLoader/Mixin) fabric-loot-api-v3.mixins.json:ReloadableRegistriesMixin from mod fabric-loot-api-v3->@Inject::onLootTablesLoaded(Lnet/minecraft/loot/LootDataType;Lnet/minecraft/resource/ResourceManager;Lnet/minecraft/registry/RegistryOps;Lorg/spongepowered/asm/mixin/injection/callback/CallbackInfoReturnable;)V does use it's CallbackInfoReturnable
[17:19:44] [Worker-Main-14/DEBUG] (FabricLoader/Mixin) Mixing LootPoolAccessor from fabric-loot-api-v3.mixins.json into net.minecraft.loot.LootPool
[17:19:44] [Worker-Main-14/DEBUG] (FabricLoader/Mixin) Mixing KeyedResourceReloadListenerMixin from fabric-resource-loader-v0.mixins.json into net.minecraft.recipe.ServerRecipeManager
[17:19:44] [Worker-Main-14/DEBUG] (FabricLoader/Mixin) Mixing ServerRecipeManagerMixin from fabric-resource-loader-v0.mixins.json into net.minecraft.recipe.ServerRecipeManager
[17:19:44] [Worker-Main-14/DEBUG] (FabricLoader/Mixin) Renaming @Unique field registriesLnet/minecraft/registry/RegistryWrapper$WrapperLookup; to fd9c000e$fabric-resource-loader-v0$registries$0 in fabric-resource-loader-v0.mixins.json:ServerRecipeManagerMixin from mod fabric-resource-loader-v0
[17:19:44] [Worker-Main-14/DEBUG] (FabricLoader/Mixin) Mixing ServerRecipeManagerMixin from fabric-recipe-api-v1.mixins.json into net.minecraft.recipe.ServerRecipeManager
[17:19:44] [Worker-Main-14/DEBUG] (FabricLoader/Mixin) fabric-resource-loader-v0.mixins.json:ServerRecipeManagerMixin from mod fabric-resource-loader-v0->@Inject::init(Lnet/minecraft/registry/RegistryWrapper$WrapperLookup;Lorg/spongepowered/asm/mixin/injection/callback/CallbackInfo;)V doesn't use it's CallbackInfo
[17:19:44] [Worker-Main-14/DEBUG] (FabricLoader/Mixin) fabric-resource-loader-v0.mixins.json:ServerRecipeManagerMixin from mod fabric-resource-loader-v0->@Inject::init(Lnet/minecraft/registry/RegistryWrapper$WrapperLookup;Lorg/spongepowered/asm/mixin/injection/callback/CallbackInfo;)V has 0 override(s) in child classes
[17:19:44] [Worker-Main-14/DEBUG] (FabricLoader/Mixin) fabric-resource-loader-v0.mixins.json:ServerRecipeManagerMixin from mod fabric-resource-loader-v0->@Inject::init(Lnet/minecraft/registry/RegistryWrapper$WrapperLookup;Lorg/spongepowered/asm/mixin/injection/callback/CallbackInfo;)V won't be passed a CallbackInfo as a result
[17:19:44] [Worker-Main-14/DEBUG] (FabricLoader/Mixin) Mixing CommandManagerMixin from fabric-networking-api-v1.mixins.json into net.minecraft.server.command.CommandManager
[17:19:44] [Worker-Main-14/DEBUG] (FabricLoader/Mixin) Mixing CommandManagerMixin from fabric-command-api-v2.mixins.json into net.minecraft.server.command.CommandManager
[17:19:44] [Worker-Main-14/DEBUG] (FabricLoader/Mixin) fabric-networking-api-v1.mixins.json:CommandManagerMixin from mod fabric-networking-api-v1->@Inject::init(Lnet/minecraft/server/command/CommandManager$RegistrationEnvironment;Lnet/minecraft/command/CommandRegistryAccess;Lorg/spongepowered/asm/mixin/injection/callback/CallbackInfo;)V doesn't use it's CallbackInfo
[17:19:44] [Worker-Main-14/DEBUG] (FabricLoader/Mixin) fabric-networking-api-v1.mixins.json:CommandManagerMixin from mod fabric-networking-api-v1->@Inject::init(Lnet/minecraft/server/command/CommandManager$RegistrationEnvironment;Lnet/minecraft/command/CommandRegistryAccess;Lorg/spongepowered/asm/mixin/injection/callback/CallbackInfo;)V has 0 override(s) in child classes
[17:19:44] [Worker-Main-14/DEBUG] (FabricLoader/Mixin) fabric-networking-api-v1.mixins.json:CommandManagerMixin from mod fabric-networking-api-v1->@Inject::init(Lnet/minecraft/server/command/CommandManager$RegistrationEnvironment;Lnet/minecraft/command/CommandRegistryAccess;Lorg/spongepowered/asm/mixin/injection/callback/CallbackInfo;)V won't be passed a CallbackInfo as a result
[17:19:44] [Worker-Main-14/DEBUG] (FabricLoader/Mixin) fabric-command-api-v2.mixins.json:CommandManagerMixin from mod fabric-command-api-v2->@Inject::fabric_addCommands(Lnet/minecraft/server/command/CommandManager$RegistrationEnvironment;Lnet/minecraft/command/CommandRegistryAccess;Lorg/spongepowered/asm/mixin/injection/callback/CallbackInfo;)V doesn't use it's CallbackInfo
[17:19:44] [Worker-Main-14/DEBUG] (FabricLoader/Mixin) fabric-command-api-v2.mixins.json:CommandManagerMixin from mod fabric-command-api-v2->@Inject::fabric_addCommands(Lnet/minecraft/server/command/CommandManager$RegistrationEnvironment;Lnet/minecraft/command/CommandRegistryAccess;Lorg/spongepowered/asm/mixin/injection/callback/CallbackInfo;)V has 0 override(s) in child classes
[17:19:44] [Worker-Main-14/DEBUG] (FabricLoader/Mixin) fabric-command-api-v2.mixins.json:CommandManagerMixin from mod fabric-command-api-v2->@Inject::fabric_addCommands(Lnet/minecraft/server/command/CommandManager$RegistrationEnvironment;Lnet/minecraft/command/CommandRegistryAccess;Lorg/spongepowered/asm/mixin/injection/callback/CallbackInfo;)V won't be passed a CallbackInfo as a result
[17:19:44] [Worker-Main-14/DEBUG] (FabricLoader/Mixin) Mixing CommandSourceMixin from fabric-command-api-v2.mixins.json into net.minecraft.command.CommandSource
[17:19:44] [Worker-Main-14/DEBUG] (FabricLoader/Mixin) Mixing DatapackCommandMixin from fabric-resource-loader-v0.mixins.json into net.minecraft.server.command.DatapackCommand
[17:19:44] [Worker-Main-14/DEBUG] (FabricLoader/Mixin) Renaming synthetic method lambda$filterDisabledPackSuggestions$2(Lnet/minecraft/resource/ResourcePackProfile;)Z to md9c000e$fabric-resource-loader-v0$lambda$filterDisabledPackSuggestions$2$0 in fabric-resource-loader-v0.mixins.json:DatapackCommandMixin from mod fabric-resource-loader-v0
[17:19:44] [Worker-Main-14/DEBUG] (FabricLoader/Mixin) Renaming synthetic method lambda$filterEnabledPackSuggestions$1(Lnet/minecraft/resource/ResourcePackProfile;)Z to md9c000e$fabric-resource-loader-v0$lambda$filterEnabledPackSuggestions$1$1 in fabric-resource-loader-v0.mixins.json:DatapackCommandMixin from mod fabric-resource-loader-v0
[17:19:44] [Worker-Main-14/DEBUG] (FabricLoader/Mixin) Renaming synthetic method lambda$static$0(Ljava/lang/Object;)Lcom/mojang/brigadier/Message; to md9c000e$fabric-resource-loader-v0$lambda$static$0$2 in fabric-resource-loader-v0.mixins.json:DatapackCommandMixin from mod fabric-resource-loader-v0
[17:19:44] [Worker-Main-14/DEBUG] (FabricLoader/Mixin) fabric-resource-loader-v0.mixins.json:DatapackCommandMixin from mod fabric-resource-loader-v0->@Inject::errorOnInternalPack(Lcom/mojang/brigadier/context/CommandContext;Ljava/lang/String;ZLorg/spongepowered/asm/mixin/injection/callback/CallbackInfoReturnable;)V doesn't use it's CallbackInfoReturnable
[17:19:44] [Worker-Main-14/DEBUG] (FabricLoader/Mixin) Mixing EnchantCommandMixin from fabric-item-api-v1.mixins.json into net.minecraft.server.command.EnchantCommand
[17:19:44] [Worker-Main-14/DEBUG] (FabricLoader/Mixin) Mixing GameRuleCommandAccessor from fabric-game-rule-api-v1.mixins.json into net.minecraft.server.command.GameRuleCommand
[17:19:44] [Worker-Main-14/DEBUG] (FabricLoader/Mixin) Renaming @Invoker method invokeExecuteSet(Lcom/mojang/brigadier/context/CommandContext;Lnet/minecraft/world/GameRules$Key;)I to invokeExecuteSet$fabric-game-rule-api-v1_$md$9c000e$0 in fabric-game-rule-api-v1.mixins.json:GameRuleCommandAccessor from mod fabric-game-rule-api-v1
[17:19:44] [Worker-Main-14/DEBUG] (FabricLoader/Mixin) Renaming @Invoker method invokeExecuteQuery(Lnet/minecraft/server/command/ServerCommandSource;Lnet/minecraft/world/GameRules$Key;)I to invokeExecuteQuery$fabric-game-rule-api-v1_$md$9c000e$1 in fabric-game-rule-api-v1.mixins.json:GameRuleCommandAccessor from mod fabric-game-rule-api-v1
[17:19:44] [Worker-Main-14/DEBUG] (FabricLoader/Mixin) Mixing GameRuleCommandVisitorMixin from fabric-game-rule-api-v1.mixins.json into net.minecraft.server.command.GameRuleCommand$1
[17:19:44] [Worker-Main-14/DEBUG] (FabricLoader/Mixin) fabric-game-rule-api-v1.mixins.json:GameRuleCommandVisitorMixin from mod fabric-game-rule-api-v1->@Inject::onRegisterCommand(Lnet/minecraft/world/GameRules$Key;Lnet/minecraft/world/GameRules$Type;Lorg/spongepowered/asm/mixin/injection/callback/CallbackInfo;)V does use it's CallbackInfo
[17:19:44] [Worker-Main-14/DEBUG] (FabricLoader/Mixin) Mixing HelpCommandAccessor from fabric-command-api-v2.mixins.json into net.minecraft.server.command.HelpCommand
[17:19:44] [Worker-Main-14/DEBUG] (FabricLoader/Mixin) Renaming @Accessor method getFailedException()Lcom/mojang/brigadier/exceptions/SimpleCommandExceptionType; to getFailedException$fabric-command-api-v2_$md$9c000e$0 in fabric-command-api-v2.mixins.json:HelpCommandAccessor from mod fabric-command-api-v2
[17:19:44] [Worker-Main-14/DEBUG] (FabricLoader/Mixin) Mixing KeyedResourceReloadListenerMixin from fabric-resource-loader-v0.mixins.json into net.minecraft.server.ServerAdvancementLoader
[17:19:44] [Worker-Main-14/DEBUG] (FabricLoader/Mixin) Mixing KeyedResourceReloadListenerMixin from fabric-resource-loader-v0.mixins.json into net.minecraft.server.function.FunctionLoader
[17:19:44] [Render thread/INFO] (net.minecraft.recipe.ServerRecipeManager) Loaded 1407 recipes
[17:19:44] [Render thread/INFO] (net.minecraft.advancement.AdvancementManager) Loaded 1520 advancements
[17:19:44] [Render thread/DEBUG] (FabricLoader/Mixin) Mixing PlayerManagerMixin from fabric-networking-api-v1.mixins.json into net.minecraft.server.PlayerManager
[17:19:44] [Render thread/DEBUG] (FabricLoader/Mixin) Mixing PlayerManagerMixin from fabric-message-api-v1.mixins.json into net.minecraft.server.PlayerManager
[17:19:44] [Render thread/DEBUG] (FabricLoader/Mixin) Mixing PlayerManagerMixin from fabric-lifecycle-events-v1.mixins.json into net.minecraft.server.PlayerManager
[17:19:44] [Render thread/DEBUG] (FabricLoader/Mixin) Mixing PlayerManagerMixin from fabric-entity-events-v1.mixins.json into net.minecraft.server.PlayerManager
[17:19:44] [Render thread/DEBUG] (FabricLoader/Mixin) fabric-networking-api-v1.mixins.json:PlayerManagerMixin from mod fabric-networking-api-v1->@Inject::handlePlayerConnection(Lnet/minecraft/network/ClientConnection;Lnet/minecraft/server/network/ServerPlayerEntity;Lnet/minecraft/server/network/ConnectedClientData;Lorg/spongepowered/asm/mixin/injection/callback/CallbackInfo;)V doesn't use it's CallbackInfo
[17:19:44] [Render thread/DEBUG] (FabricLoader/Mixin) fabric-networking-api-v1.mixins.json:PlayerManagerMixin from mod fabric-networking-api-v1->@Inject::handlePlayerConnection(Lnet/minecraft/network/ClientConnection;Lnet/minecraft/server/network/ServerPlayerEntity;Lnet/minecraft/server/network/ConnectedClientData;Lorg/spongepowered/asm/mixin/injection/callback/CallbackInfo;)V has 0 override(s) in child classes
[17:19:44] [Render thread/DEBUG] (FabricLoader/Mixin) fabric-networking-api-v1.mixins.json:PlayerManagerMixin from mod fabric-networking-api-v1->@Inject::handlePlayerConnection(Lnet/minecraft/network/ClientConnection;Lnet/minecraft/server/network/ServerPlayerEntity;Lnet/minecraft/server/network/ConnectedClientData;Lorg/spongepowered/asm/mixin/injection/callback/CallbackInfo;)V won't be passed a CallbackInfo as a result
[17:19:44] [Render thread/DEBUG] (FabricLoader/Mixin) fabric-message-api-v1.mixins.json:PlayerManagerMixin from mod fabric-message-api-v1->@Inject::onSendChatMessage(Lnet/minecraft/network/message/SignedMessage;Lnet/minecraft/server/network/ServerPlayerEntity;Lnet/minecraft/network/message/MessageType$Parameters;Lorg/spongepowered/asm/mixin/injection/callback/CallbackInfo;)V does use it's CallbackInfo
[17:19:44] [Render thread/DEBUG] (FabricLoader/Mixin) fabric-message-api-v1.mixins.json:PlayerManagerMixin from mod fabric-message-api-v1->@Inject::onSendGameMessage(Lnet/minecraft/text/Text;Ljava/util/function/Function;ZLorg/spongepowered/asm/mixin/injection/callback/CallbackInfo;)V does use it's CallbackInfo
[17:19:44] [Render thread/DEBUG] (FabricLoader/Mixin) fabric-message-api-v1.mixins.json:PlayerManagerMixin from mod fabric-message-api-v1->@Inject::onSendCommandMessage(Lnet/minecraft/network/message/SignedMessage;Lnet/minecraft/server/command/ServerCommandSource;Lnet/minecraft/network/message/MessageType$Parameters;Lorg/spongepowered/asm/mixin/injection/callback/CallbackInfo;)V does use it's CallbackInfo
[17:19:44] [Render thread/DEBUG] (FabricLoader/Mixin) fabric-lifecycle-events-v1.mixins.json:PlayerManagerMixin from mod fabric-lifecycle-events-v1->@Inject::hookOnPlayerConnect(Lnet/minecraft/network/ClientConnection;Lnet/minecraft/server/network/ServerPlayerEntity;Lnet/minecraft/server/network/ConnectedClientData;Lorg/spongepowered/asm/mixin/injection/callback/CallbackInfo;)V doesn't use it's CallbackInfo
[17:19:44] [Render thread/DEBUG] (FabricLoader/Mixin) fabric-lifecycle-events-v1.mixins.json:PlayerManagerMixin from mod fabric-lifecycle-events-v1->@Inject::hookOnPlayerConnect(Lnet/minecraft/network/ClientConnection;Lnet/minecraft/server/network/ServerPlayerEntity;Lnet/minecraft/server/network/ConnectedClientData;Lorg/spongepowered/asm/mixin/injection/callback/CallbackInfo;)V has 0 override(s) in child classes
[17:19:44] [Render thread/DEBUG] (FabricLoader/Mixin) fabric-lifecycle-events-v1.mixins.json:PlayerManagerMixin from mod fabric-lifecycle-events-v1->@Inject::hookOnPlayerConnect(Lnet/minecraft/network/ClientConnection;Lnet/minecraft/server/network/ServerPlayerEntity;Lnet/minecraft/server/network/ConnectedClientData;Lorg/spongepowered/asm/mixin/injection/callback/CallbackInfo;)V won't be passed a CallbackInfo as a result
[17:19:44] [Render thread/DEBUG] (FabricLoader/Mixin) fabric-lifecycle-events-v1.mixins.json:PlayerManagerMixin from mod fabric-lifecycle-events-v1->@Inject::hookOnDataPacksReloaded(Lorg/spongepowered/asm/mixin/injection/callback/CallbackInfo;)V doesn't use it's CallbackInfo
[17:19:44] [Render thread/DEBUG] (FabricLoader/Mixin) fabric-lifecycle-events-v1.mixins.json:PlayerManagerMixin from mod fabric-lifecycle-events-v1->@Inject::hookOnDataPacksReloaded(Lorg/spongepowered/asm/mixin/injection/callback/CallbackInfo;)V has 0 override(s) in child classes
[17:19:44] [Render thread/DEBUG] (FabricLoader/Mixin) fabric-lifecycle-events-v1.mixins.json:PlayerManagerMixin from mod fabric-lifecycle-events-v1->@Inject::hookOnDataPacksReloaded(Lorg/spongepowered/asm/mixin/injection/callback/CallbackInfo;)V won't be passed a CallbackInfo as a result
[17:19:44] [Render thread/DEBUG] (FabricLoader/Mixin) fabric-entity-events-v1.mixins.json:PlayerManagerMixin from mod fabric-entity-events-v1->@Inject::afterRespawn(Lnet/minecraft/server/network/ServerPlayerEntity;ZLnet/minecraft/entity/Entity$RemovalReason;Lorg/spongepowered/asm/mixin/injection/callback/CallbackInfoReturnable;)V does use it's CallbackInfoReturnable
[17:19:44] [Render thread/DEBUG] (FabricLoader/Mixin) fabric-entity-events-v1.mixins.json:PlayerManagerMixin from mod fabric-entity-events-v1->@Inject::firePlayerJoinEvent(Lnet/minecraft/network/ClientConnection;Lnet/minecraft/server/network/ServerPlayerEntity;Lnet/minecraft/server/network/ConnectedClientData;Lorg/spongepowered/asm/mixin/injection/callback/CallbackInfo;)V doesn't use it's CallbackInfo
[17:19:44] [Render thread/DEBUG] (FabricLoader/Mixin) fabric-entity-events-v1.mixins.json:PlayerManagerMixin from mod fabric-entity-events-v1->@Inject::firePlayerJoinEvent(Lnet/minecraft/network/ClientConnection;Lnet/minecraft/server/network/ServerPlayerEntity;Lnet/minecraft/server/network/ConnectedClientData;Lorg/spongepowered/asm/mixin/injection/callback/CallbackInfo;)V has 0 override(s) in child classes
[17:19:44] [Render thread/DEBUG] (FabricLoader/Mixin) fabric-entity-events-v1.mixins.json:PlayerManagerMixin from mod fabric-entity-events-v1->@Inject::firePlayerJoinEvent(Lnet/minecraft/network/ClientConnection;Lnet/minecraft/server/network/ServerPlayerEntity;Lnet/minecraft/server/network/ConnectedClientData;Lorg/spongepowered/asm/mixin/injection/callback/CallbackInfo;)V won't be passed a CallbackInfo as a result
[17:19:44] [Render thread/DEBUG] (FabricLoader/Mixin) fabric-entity-events-v1.mixins.json:PlayerManagerMixin from mod fabric-entity-events-v1->@Inject::firePlayerLeaveEvent(Lnet/minecraft/server/network/ServerPlayerEntity;Lorg/spongepowered/asm/mixin/injection/callback/CallbackInfo;)V doesn't use it's CallbackInfo
[17:19:44] [Render thread/DEBUG] (FabricLoader/Mixin) fabric-entity-events-v1.mixins.json:PlayerManagerMixin from mod fabric-entity-events-v1->@Inject::firePlayerLeaveEvent(Lnet/minecraft/server/network/ServerPlayerEntity;Lorg/spongepowered/asm/mixin/injection/callback/CallbackInfo;)V has 0 override(s) in child classes
[17:19:44] [Render thread/DEBUG] (FabricLoader/Mixin) fabric-entity-events-v1.mixins.json:PlayerManagerMixin from mod fabric-entity-events-v1->@Inject::firePlayerLeaveEvent(Lnet/minecraft/server/network/ServerPlayerEntity;Lorg/spongepowered/asm/mixin/injection/callback/CallbackInfo;)V won't be passed a CallbackInfo as a result
[17:19:44] [Render thread/DEBUG] (FabricLoader/Mixin) Mixing BrewingRecipeRegistryBuilderMixin from fabric-content-registries-v0.mixins.json into net.minecraft.recipe.BrewingRecipeRegistry$Builder
[17:19:44] [Render thread/DEBUG] (FabricLoader/Mixin) fabric-content-registries-v0.mixins.json:BrewingRecipeRegistryBuilderMixin from mod fabric-content-registries-v0->@Inject::build(Lorg/spongepowered/asm/mixin/injection/callback/CallbackInfoReturnable;)V doesn't use it's CallbackInfoReturnable
[17:19:44] [Render thread/DEBUG] (FabricLoader/Mixin) fabric-content-registries-v0.mixins.json:BrewingRecipeRegistryBuilderMixin from mod fabric-content-registries-v0->@Inject::build(Lorg/spongepowered/asm/mixin/injection/callback/CallbackInfoReturnable;)V has 0 override(s) in child classes
[17:19:44] [Render thread/DEBUG] (FabricLoader/Mixin) fabric-content-registries-v0.mixins.json:BrewingRecipeRegistryBuilderMixin from mod fabric-content-registries-v0->@Inject::build(Lorg/spongepowered/asm/mixin/injection/callback/CallbackInfoReturnable;)V won't be passed a CallbackInfoReturnable as a result
[17:19:44] [Render thread/DEBUG] (FabricLoader/Mixin) Mixing FuelRegistryMixin from fabric-content-registries-v0.mixins.json into net.minecraft.item.FuelRegistry
[17:19:44] [Render thread/INFO] (net.fabricmc.fabric.impl.biome.modification.BiomeModificationImpl) Applied 0 biome modifications to 0 of 65 new biomes in 1.183 ms
[17:19:44] [Server thread/INFO] (net.minecraft.server.integrated.IntegratedServer) Starting integrated minecraft server version 1.21.8
[17:19:44] [Server thread/INFO] (net.minecraft.server.MinecraftServer) Generating keypair
[17:19:44] [Render thread/DEBUG] (com.mojang.blaze3d.systems.RenderSystem) Growing IndexBuffer: Old limit 4488, new limit 10080.
[17:19:44] [Server thread/DEBUG] (FabricLoader/Mixin) Mixing ServerWorldServerEntityHandlerMixin from fabric-lifecycle-events-v1.mixins.json into net.minecraft.server.world.ServerWorld$ServerEntityHandler
[17:19:44] [Server thread/DEBUG] (FabricLoader/Mixin) fabric-lifecycle-events-v1.mixins.json:ServerWorldServerEntityHandlerMixin from mod fabric-lifecycle-events-v1->@Inject::invokeEntityLoadEvent(Lnet/minecraft/entity/Entity;Lorg/spongepowered/asm/mixin/injection/callback/CallbackInfo;)V doesn't use it's CallbackInfo
[17:19:44] [Server thread/DEBUG] (FabricLoader/Mixin) fabric-lifecycle-events-v1.mixins.json:ServerWorldServerEntityHandlerMixin from mod fabric-lifecycle-events-v1->@Inject::invokeEntityUnloadEvent(Lnet/minecraft/entity/Entity;Lorg/spongepowered/asm/mixin/injection/callback/CallbackInfo;)V doesn't use it's CallbackInfo
[17:19:45] [Server thread/DEBUG] (FabricLoader/Mixin) Mixing PersistentStateManagerMixin from fabric-object-builder-v1.mixins.json into net.minecraft.world.PersistentStateManager
[17:19:45] [Server thread/DEBUG] (FabricLoader/Mixin) Mixing accessor.ServerChunkLoadingManagerAccessor from fabric-networking-api-v1.mixins.json into net.minecraft.server.world.ServerChunkLoadingManager
[17:19:45] [Server thread/DEBUG] (FabricLoader/Mixin) Mixing ServerChunkLoadingManagerMixin from fabric-lifecycle-events-v1.mixins.json into net.minecraft.server.world.ServerChunkLoadingManager
[17:19:45] [Server thread/DEBUG] (FabricLoader/Mixin) fabric-lifecycle-events-v1.mixins.json:ServerChunkLoadingManagerMixin from mod fabric-lifecycle-events-v1->@Inject::onChunkUnload(Lnet/minecraft/server/world/ChunkHolder;Ljava/util/concurrent/CompletableFuture;JLorg/spongepowered/asm/mixin/injection/callback/CallbackInfo;)V doesn't use it's CallbackInfo
[17:19:45] [Server thread/DEBUG] (FabricLoader/Mixin) fabric-lifecycle-events-v1.mixins.json:ServerChunkLoadingManagerMixin from mod fabric-lifecycle-events-v1->@Inject::onChunkUnload(Lnet/minecraft/server/world/ChunkHolder;Ljava/util/concurrent/CompletableFuture;JLorg/spongepowered/asm/mixin/injection/callback/CallbackInfo;)V has 0 override(s) in child classes
[17:19:45] [Server thread/DEBUG] (FabricLoader/Mixin) fabric-lifecycle-events-v1.mixins.json:ServerChunkLoadingManagerMixin from mod fabric-lifecycle-events-v1->@Inject::onChunkUnload(Lnet/minecraft/server/world/ChunkHolder;Ljava/util/concurrent/CompletableFuture;JLorg/spongepowered/asm/mixin/injection/callback/CallbackInfo;)V won't be passed a CallbackInfo as a result
[17:19:45] [Server thread/DEBUG] (FabricLoader/Mixin) Mixing ChunkHolderMixin from fabric-lifecycle-events-v1.mixins.json into net.minecraft.server.world.ChunkHolder
[17:19:45] [Server thread/DEBUG] (FabricLoader/Mixin) fabric-lifecycle-events-v1.mixins.json:ChunkHolderMixin from mod fabric-lifecycle-events-v1->@Inject::updateFutures$inaccessibleToFull(Lnet/minecraft/server/world/ServerChunkLoadingManager;Ljava/util/concurrent/Executor;Lorg/spongepowered/asm/mixin/injection/callback/CallbackInfo;)V doesn't use it's CallbackInfo
[17:19:45] [Server thread/DEBUG] (FabricLoader/Mixin) fabric-lifecycle-events-v1.mixins.json:ChunkHolderMixin from mod fabric-lifecycle-events-v1->@Inject::updateFutures$inaccessibleToFull(Lnet/minecraft/server/world/ServerChunkLoadingManager;Ljava/util/concurrent/Executor;Lorg/spongepowered/asm/mixin/injection/callback/CallbackInfo;)V has 0 override(s) in child classes
[17:19:45] [Server thread/DEBUG] (FabricLoader/Mixin) fabric-lifecycle-events-v1.mixins.json:ChunkHolderMixin from mod fabric-lifecycle-events-v1->@Inject::updateFutures$inaccessibleToFull(Lnet/minecraft/server/world/ServerChunkLoadingManager;Ljava/util/concurrent/Executor;Lorg/spongepowered/asm/mixin/injection/callback/CallbackInfo;)V won't be passed a CallbackInfo as a result
[17:19:45] [Server thread/DEBUG] (FabricLoader/Mixin) fabric-lifecycle-events-v1.mixins.json:ChunkHolderMixin from mod fabric-lifecycle-events-v1->@Inject::updateFutures$fullToBlockTicking(Lnet/minecraft/server/world/ServerChunkLoadingManager;Ljava/util/concurrent/Executor;Lorg/spongepowered/asm/mixin/injection/callback/CallbackInfo;)V doesn't use it's CallbackInfo
[17:19:45] [Server thread/DEBUG] (FabricLoader/Mixin) fabric-lifecycle-events-v1.mixins.json:ChunkHolderMixin from mod fabric-lifecycle-events-v1->@Inject::updateFutures$fullToBlockTicking(Lnet/minecraft/server/world/ServerChunkLoadingManager;Ljava/util/concurrent/Executor;Lorg/spongepowered/asm/mixin/injection/callback/CallbackInfo;)V has 0 override(s) in child classes
[17:19:45] [Server thread/DEBUG] (FabricLoader/Mixin) fabric-lifecycle-events-v1.mixins.json:ChunkHolderMixin from mod fabric-lifecycle-events-v1->@Inject::updateFutures$fullToBlockTicking(Lnet/minecraft/server/world/ServerChunkLoadingManager;Ljava/util/concurrent/Executor;Lorg/spongepowered/asm/mixin/injection/callback/CallbackInfo;)V won't be passed a CallbackInfo as a result
[17:19:45] [Server thread/DEBUG] (FabricLoader/Mixin) fabric-lifecycle-events-v1.mixins.json:ChunkHolderMixin from mod fabric-lifecycle-events-v1->@Inject::updateFutures$blockTickingToEntityTicking(Lnet/minecraft/server/world/ServerChunkLoadingManager;Ljava/util/concurrent/Executor;Lorg/spongepowered/asm/mixin/injection/callback/CallbackInfo;)V doesn't use it's CallbackInfo
[17:19:45] [Server thread/DEBUG] (FabricLoader/Mixin) fabric-lifecycle-events-v1.mixins.json:ChunkHolderMixin from mod fabric-lifecycle-events-v1->@Inject::updateFutures$blockTickingToEntityTicking(Lnet/minecraft/server/world/ServerChunkLoadingManager;Ljava/util/concurrent/Executor;Lorg/spongepowered/asm/mixin/injection/callback/CallbackInfo;)V has 0 override(s) in child classes
[17:19:45] [Server thread/DEBUG] (FabricLoader/Mixin) fabric-lifecycle-events-v1.mixins.json:ChunkHolderMixin from mod fabric-lifecycle-events-v1->@Inject::updateFutures$blockTickingToEntityTicking(Lnet/minecraft/server/world/ServerChunkLoadingManager;Ljava/util/concurrent/Executor;Lorg/spongepowered/asm/mixin/injection/callback/CallbackInfo;)V won't be passed a CallbackInfo as a result
[17:19:45] [Server thread/DEBUG] (FabricLoader/Mixin) fabric-lifecycle-events-v1.mixins.json:ChunkHolderMixin from mod fabric-lifecycle-events-v1->@Inject::decreaseLevel(Lnet/minecraft/server/world/ServerChunkLoadingManager;Lnet/minecraft/server/world/ChunkLevelType;Lorg/spongepowered/asm/mixin/injection/callback/CallbackInfo;)V doesn't use it's CallbackInfo
[17:19:45] [Server thread/DEBUG] (FabricLoader/Mixin) fabric-lifecycle-events-v1.mixins.json:ChunkHolderMixin from mod fabric-lifecycle-events-v1->@Inject::decreaseLevel(Lnet/minecraft/server/world/ServerChunkLoadingManager;Lnet/minecraft/server/world/ChunkLevelType;Lorg/spongepowered/asm/mixin/injection/callback/CallbackInfo;)V has 0 override(s) in child classes
[17:19:45] [Server thread/DEBUG] (FabricLoader/Mixin) fabric-lifecycle-events-v1.mixins.json:ChunkHolderMixin from mod fabric-lifecycle-events-v1->@Inject::decreaseLevel(Lnet/minecraft/server/world/ServerChunkLoadingManager;Lnet/minecraft/server/world/ChunkLevelType;Lorg/spongepowered/asm/mixin/injection/callback/CallbackInfo;)V won't be passed a CallbackInfo as a result
[17:19:45] [Server thread/DEBUG] (FabricLoader/Mixin) Mixing NoiseConfigMixin from fabric-biome-api-v1.mixins.json into net.minecraft.world.gen.noise.NoiseConfig
[17:19:45] [Server thread/DEBUG] (FabricLoader/Mixin) fabric-biome-api-v1.mixins.json:NoiseConfigMixin from mod fabric-biome-api-v1->@Inject::init(Lnet/minecraft/world/gen/chunk/ChunkGeneratorSettings;Lnet/minecraft/registry/RegistryEntryLookup;JLorg/spongepowered/asm/mixin/injection/callback/CallbackInfo;)V doesn't use it's CallbackInfo
[17:19:45] [Server thread/DEBUG] (FabricLoader/Mixin) Mixing MultiNoiseUtilMultiNoiseSamplerMixin from fabric-biome-api-v1.mixins.json into net.minecraft.world.biome.source.util.MultiNoiseUtil$MultiNoiseSampler
[17:19:45] [Server thread/INFO] (net.minecraft.server.MinecraftServer) Preparing start region for dimension minecraft:overworld
[17:19:45] [Worker-Main-4/DEBUG] (FabricLoader/Mixin) Mixing SerializedChunkMixin from fabric-data-attachment-api-v1.mixins.json into net.minecraft.world.chunk.SerializedChunk
[17:19:45] [Worker-Main-4/DEBUG] (FabricLoader/Mixin) Renaming @Unique field LOGGERLorg/slf4j/Logger; to fd9c000e$fabric-data-attachment-api-v1$LOGGER$0 in fabric-data-attachment-api-v1.mixins.json:SerializedChunkMixin from mod fabric-data-attachment-api-v1
[17:19:45] [Worker-Main-4/DEBUG] (FabricLoader/Mixin) Mixing SerializedChunkMixin from fabric-registry-sync-v0.mixins.json into net.minecraft.world.chunk.SerializedChunk
[17:19:45] [Worker-Main-4/DEBUG] (FabricLoader/Mixin) fabric-data-attachment-api-v1.mixins.json:SerializedChunkMixin from mod fabric-data-attachment-api-v1->@Inject::storeAttachmentNbtData(Lnet/minecraft/world/HeightLimitView;Lnet/minecraft/registry/DynamicRegistryManager;Lnet/minecraft/nbt/NbtCompound;Lorg/spongepowered/asm/mixin/injection/callback/CallbackInfoReturnable;)V does use it's CallbackInfoReturnable
[17:19:45] [Worker-Main-4/DEBUG] (FabricLoader/Mixin) fabric-data-attachment-api-v1.mixins.json:SerializedChunkMixin from mod fabric-data-attachment-api-v1->@Inject::storeAttachmentNbtData(Lnet/minecraft/world/HeightLimitView;Lnet/minecraft/registry/DynamicRegistryManager;Lnet/minecraft/nbt/NbtCompound;Lorg/spongepowered/asm/mixin/injection/callback/CallbackInfoReturnable;)V does use it's CallbackInfoReturnable
[17:19:45] [Worker-Main-4/DEBUG] (FabricLoader/Mixin) fabric-data-attachment-api-v1.mixins.json:SerializedChunkMixin from mod fabric-data-attachment-api-v1->@Inject::setAttachmentDataInChunk(Lnet/minecraft/server/world/ServerWorld;Lnet/minecraft/world/poi/PointOfInterestStorage;Lnet/minecraft/world/storage/StorageKey;Lnet/minecraft/util/math/ChunkPos;Lorg/spongepowered/asm/mixin/injection/callback/CallbackInfoReturnable;)V does use it's CallbackInfoReturnable
[17:19:45] [Worker-Main-4/DEBUG] (FabricLoader/Mixin) fabric-data-attachment-api-v1.mixins.json:SerializedChunkMixin from mod fabric-data-attachment-api-v1->@Inject::setAttachmentDataInChunk(Lnet/minecraft/server/world/ServerWorld;Lnet/minecraft/world/poi/PointOfInterestStorage;Lnet/minecraft/world/storage/StorageKey;Lnet/minecraft/util/math/ChunkPos;Lorg/spongepowered/asm/mixin/injection/callback/CallbackInfoReturnable;)V does use it's CallbackInfoReturnable
[17:19:45] [Worker-Main-4/DEBUG] (FabricLoader/Mixin) fabric-data-attachment-api-v1.mixins.json:SerializedChunkMixin from mod fabric-data-attachment-api-v1->@Inject::storeAttachmentNbtData(Lnet/minecraft/server/world/ServerWorld;Lnet/minecraft/world/chunk/Chunk;Lorg/spongepowered/asm/mixin/injection/callback/CallbackInfoReturnable;)V does use it's CallbackInfoReturnable
[17:19:45] [Worker-Main-4/DEBUG] (FabricLoader/Mixin) fabric-data-attachment-api-v1.mixins.json:SerializedChunkMixin from mod fabric-data-attachment-api-v1->@Inject::writeChunkAttachments(Lorg/spongepowered/asm/mixin/injection/callback/CallbackInfoReturnable;)V does use it's CallbackInfoReturnable
[17:19:45] [Worker-Main-12/DEBUG] (FabricLoader/Mixin) Mixing WrapperProtoChunkMixin from fabric-data-attachment-api-v1.mixins.json into net.minecraft.world.chunk.WrapperProtoChunk
[17:19:45] [Worker-Main-16/DEBUG] (FabricLoader/Mixin) Mixing ChunkSectionMixin from fabric-block-api-v1.mixins.json into net.minecraft.world.chunk.ChunkSection
[17:19:45] [Worker-Main-16/DEBUG] (FabricLoader/Mixin) Mixing ChunkSectionBlockStateCounterMixin from fabric-block-api-v1.mixins.json into net.minecraft.world.chunk.ChunkSection$BlockStateCounter
[17:19:45] [Render thread/INFO] (net.minecraft.server.WorldGenerationProgressLogger) Preparing spawn area: 0%
[17:19:45] [Render thread/INFO] (net.minecraft.server.WorldGenerationProgressLogger) Preparing spawn area: 18%
[17:19:45] [Server thread/DEBUG] (FabricLoader/Mixin) Mixing LandPathNodeMakerMixin from fabric-content-registries-v0.mixins.json into net.minecraft.entity.ai.pathing.LandPathNodeMaker
[17:19:45] [Server thread/DEBUG] (FabricLoader/Mixin) fabric-content-registries-v0.mixins.json:LandPathNodeMakerMixin from mod fabric-content-registries-v0->@Inject::getCommonNodeType(Lnet/minecraft/world/BlockView;Lnet/minecraft/util/math/BlockPos;Lorg/spongepowered/asm/mixin/injection/callback/CallbackInfoReturnable;)V does use it's CallbackInfoReturnable
[17:19:45] [Render thread/INFO] (net.minecraft.server.WorldGenerationProgressLogger) Time elapsed: 583 ms
[17:19:45] [Server thread/DEBUG] (FabricLoader/Mixin) Mixing accessor.EntityTrackerAccessor from fabric-networking-api-v1.mixins.json into net.minecraft.server.world.ServerChunkLoadingManager$EntityTracker
[17:19:45] [Server thread/DEBUG] (FabricLoader/Mixin) Mixing EntityTrackerEntryMixin from fabric-networking-api-v1.mixins.json into net.minecraft.server.network.EntityTrackerEntry
[17:19:45] [Server thread/DEBUG] (FabricLoader/Mixin) fabric-networking-api-v1.mixins.json:EntityTrackerEntryMixin from mod fabric-networking-api-v1->@Inject::onStartTracking(Lnet/minecraft/server/network/ServerPlayerEntity;Lorg/spongepowered/asm/mixin/injection/callback/CallbackInfo;)V doesn't use it's CallbackInfo
[17:19:45] [Server thread/DEBUG] (FabricLoader/Mixin) fabric-networking-api-v1.mixins.json:EntityTrackerEntryMixin from mod fabric-networking-api-v1->@Inject::onStartTracking(Lnet/minecraft/server/network/ServerPlayerEntity;Lorg/spongepowered/asm/mixin/injection/callback/CallbackInfo;)V has 0 override(s) in child classes
[17:19:45] [Server thread/DEBUG] (FabricLoader/Mixin) fabric-networking-api-v1.mixins.json:EntityTrackerEntryMixin from mod fabric-networking-api-v1->@Inject::onStartTracking(Lnet/minecraft/server/network/ServerPlayerEntity;Lorg/spongepowered/asm/mixin/injection/callback/CallbackInfo;)V won't be passed a CallbackInfo as a result
[17:19:45] [Server thread/DEBUG] (FabricLoader/Mixin) fabric-networking-api-v1.mixins.json:EntityTrackerEntryMixin from mod fabric-networking-api-v1->@Inject::onStopTracking(Lnet/minecraft/server/network/ServerPlayerEntity;Lorg/spongepowered/asm/mixin/injection/callback/CallbackInfo;)V doesn't use it's CallbackInfo
[17:19:45] [Server thread/DEBUG] (FabricLoader/Mixin) fabric-networking-api-v1.mixins.json:EntityTrackerEntryMixin from mod fabric-networking-api-v1->@Inject::onStopTracking(Lnet/minecraft/server/network/ServerPlayerEntity;Lorg/spongepowered/asm/mixin/injection/callback/CallbackInfo;)V has 0 override(s) in child classes
[17:19:45] [Server thread/DEBUG] (FabricLoader/Mixin) fabric-networking-api-v1.mixins.json:EntityTrackerEntryMixin from mod fabric-networking-api-v1->@Inject::onStopTracking(Lnet/minecraft/server/network/ServerPlayerEntity;Lorg/spongepowered/asm/mixin/injection/callback/CallbackInfo;)V won't be passed a CallbackInfo as a result
[17:19:45] [Server thread/INFO] (net.minecraft.server.integrated.IntegratedServer) Changing view distance to 12, from 10
[17:19:45] [Server thread/INFO] (net.minecraft.server.integrated.IntegratedServer) Changing simulation distance to 12, from 0
[17:19:45] [Server thread/DEBUG] (FabricLoader/Mixin) Mixing EnchantmentHelperMixin from fabric-item-api-v1.mixins.json into net.minecraft.enchantment.EnchantmentHelper
[17:19:46] [Render thread/DEBUG] (io.netty.channel.MultithreadEventLoopGroup) -Dio.netty.eventLoopThreads: 40
[17:19:46] [Render thread/DEBUG] (io.netty.util.concurrent.GlobalEventExecutor) -Dio.netty.globalEventExecutor.quietPeriodSeconds: 1
[17:19:46] [Render thread/DEBUG] (io.netty.util.internal.InternalThreadLocalMap) -Dio.netty.threadLocalMap.stringBuilder.initialSize: 1024
[17:19:46] [Render thread/DEBUG] (io.netty.util.internal.InternalThreadLocalMap) -Dio.netty.threadLocalMap.stringBuilder.maxSize: 4096
[17:19:46] [Server thread/DEBUG] (FabricLoader/Mixin) Mixing PathContextMixin from fabric-content-registries-v0.mixins.json into net.minecraft.entity.ai.pathing.PathContext
[17:19:46] [Server thread/DEBUG] (FabricLoader/Mixin) fabric-content-registries-v0.mixins.json:PathContextMixin from mod fabric-content-registries-v0->@Inject::onGetNodeType(IIILorg/spongepowered/asm/mixin/injection/callback/CallbackInfoReturnable;)V does use it's CallbackInfoReturnable
[17:19:46] [Render thread/DEBUG] (io.netty.util.internal.PlatformDependent0) -Dio.netty.noUnsafe: false
[17:19:46] [Render thread/DEBUG] (io.netty.util.internal.PlatformDependent0) Java version: 21
[17:19:46] [Render thread/DEBUG] (io.netty.util.internal.PlatformDependent0) sun.misc.Unsafe.theUnsafe: available
[17:19:46] [Render thread/DEBUG] (io.netty.util.internal.PlatformDependent0) sun.misc.Unsafe base methods: all available
[17:19:46] [Render thread/DEBUG] (io.netty.util.internal.PlatformDependent0) sun.misc.Unsafe.storeFence: available
[17:19:46] [Render thread/DEBUG] (io.netty.util.internal.PlatformDependent0) java.nio.Buffer.address: available
[17:19:46] [Render thread/DEBUG] (io.netty.util.internal.PlatformDependent0) direct buffer constructor: unavailable
java.lang.UnsupportedOperationException: Reflective setAccessible(true) disabled
	at knot/io.netty.util.internal.ReflectionUtil.trySetAccessible(ReflectionUtil.java:31) ~[netty-common-4.1.118.Final.jar:?]
	at knot/io.netty.util.internal.PlatformDependent0$5.run(PlatformDependent0.java:332) ~[netty-common-4.1.118.Final.jar:?]
	at java.base/java.security.AccessController.doPrivileged(AccessController.java:319) ~[?:?]
	at knot/io.netty.util.internal.PlatformDependent0.<clinit>(PlatformDependent0.java:325) ~[netty-common-4.1.118.Final.jar:?]
	at knot/io.netty.util.internal.PlatformDependent.isAndroid(PlatformDependent.java:334) ~[netty-common-4.1.118.Final.jar:?]
	at knot/io.netty.util.internal.PlatformDependent.<clinit>(PlatformDependent.java:90) ~[netty-common-4.1.118.Final.jar:?]
	at knot/io.netty.channel.nio.NioEventLoop.<clinit>(NioEventLoop.java:84) ~[netty-transport-4.1.118.Final.jar:?]
	at knot/io.netty.channel.nio.NioEventLoopGroup.newChild(NioEventLoopGroup.java:182) ~[netty-transport-4.1.118.Final.jar:?]
	at knot/io.netty.channel.nio.NioEventLoopGroup.newChild(NioEventLoopGroup.java:38) ~[netty-transport-4.1.118.Final.jar:?]
	at knot/io.netty.util.concurrent.MultithreadEventExecutorGroup.<init>(MultithreadEventExecutorGroup.java:84) ~[netty-common-4.1.118.Final.jar:?]
	at knot/io.netty.util.concurrent.MultithreadEventExecutorGroup.<init>(MultithreadEventExecutorGroup.java:60) ~[netty-common-4.1.118.Final.jar:?]
	at knot/io.netty.util.concurrent.MultithreadEventExecutorGroup.<init>(MultithreadEventExecutorGroup.java:49) ~[netty-common-4.1.118.Final.jar:?]
	at knot/io.netty.channel.MultithreadEventLoopGroup.<init>(MultithreadEventLoopGroup.java:59) ~[netty-transport-4.1.118.Final.jar:?]
	at knot/io.netty.channel.nio.NioEventLoopGroup.<init>(NioEventLoopGroup.java:87) ~[netty-transport-4.1.118.Final.jar:?]
	at knot/io.netty.channel.nio.NioEventLoopGroup.<init>(NioEventLoopGroup.java:82) ~[netty-transport-4.1.118.Final.jar:?]
	at knot/io.netty.channel.nio.NioEventLoopGroup.<init>(NioEventLoopGroup.java:69) ~[netty-transport-4.1.118.Final.jar:?]
	at knot/net.minecraft.server.ServerNetworkIo.method_14348(ServerNetworkIo.java:55) ~[minecraft-merged-bbdd70ac6e-1.21.8-net.fabricmc.yarn.1_21_8.1.21.8+build.1-v2.jar:?]
	at knot/com.google.common.base.Suppliers$NonSerializableMemoizingSupplier.get(Suppliers.java:200) ~[guava-33.3.1-jre.jar:?]
	at knot/net.minecraft.server.ServerNetworkIo.bindLocal(ServerNetworkIo.java:141) ~[minecraft-merged-bbdd70ac6e-1.21.8-net.fabricmc.yarn.1_21_8.1.21.8+build.1-v2.jar:?]
	at knot/net.minecraft.client.MinecraftClient.startIntegratedServer(MinecraftClient.java:2159) ~[minecraft-merged-bbdd70ac6e-1.21.8-net.fabricmc.yarn.1_21_8.1.21.8+build.1-v2.jar:?]
	at knot/net.minecraft.server.integrated.IntegratedServerLoader.start(IntegratedServerLoader.java:411) ~[minecraft-merged-bbdd70ac6e-1.21.8-net.fabricmc.yarn.1_21_8.1.21.8+build.1-v2.jar:?]
	at knot/net.minecraft.server.integrated.IntegratedServerLoader.start(IntegratedServerLoader.java:406) ~[minecraft-merged-bbdd70ac6e-1.21.8-net.fabricmc.yarn.1_21_8.1.21.8+build.1-v2.jar:?]
	at knot/net.minecraft.server.integrated.IntegratedServerLoader.method_57777(IntegratedServerLoader.java:373) ~[minecraft-merged-bbdd70ac6e-1.21.8-net.fabricmc.yarn.1_21_8.1.21.8+build.1-v2.jar:?]
	at java.base/java.util.concurrent.CompletableFuture$UniAccept.tryFire(CompletableFuture.java:718) ~[?:?]
	at java.base/java.util.concurrent.CompletableFuture$Completion.run(CompletableFuture.java:482) ~[?:?]
	at knot/net.minecraft.util.thread.ThreadExecutor.execute(ThreadExecutor.java:110) ~[minecraft-merged-bbdd70ac6e-1.21.8-net.fabricmc.yarn.1_21_8.1.21.8+build.1-v2.jar:?]
	at java.base/java.util.concurrent.CompletableFuture.uniAcceptNow(CompletableFuture.java:754) ~[?:?]
	at java.base/java.util.concurrent.CompletableFuture.uniAcceptStage(CompletableFuture.java:735) ~[?:?]
	at java.base/java.util.concurrent.CompletableFuture.thenAcceptAsync(CompletableFuture.java:2223) ~[?:?]
	at knot/net.minecraft.server.integrated.IntegratedServerLoader.start(IntegratedServerLoader.java:371) ~[minecraft-merged-bbdd70ac6e-1.21.8-net.fabricmc.yarn.1_21_8.1.21.8+build.1-v2.jar:?]
	at knot/net.minecraft.server.integrated.IntegratedServerLoader.checkBackupAndStart(IntegratedServerLoader.java:360) ~[minecraft-merged-bbdd70ac6e-1.21.8-net.fabricmc.yarn.1_21_8.1.21.8+build.1-v2.jar:?]
	at knot/net.minecraft.server.integrated.IntegratedServerLoader.start(IntegratedServerLoader.java:342) ~[minecraft-merged-bbdd70ac6e-1.21.8-net.fabricmc.yarn.1_21_8.1.21.8+build.1-v2.jar:?]
	at knot/net.minecraft.server.integrated.IntegratedServerLoader.start(IntegratedServerLoader.java:314) ~[minecraft-merged-bbdd70ac6e-1.21.8-net.fabricmc.yarn.1_21_8.1.21.8+build.1-v2.jar:?]
	at knot/net.minecraft.server.integrated.IntegratedServerLoader.start(IntegratedServerLoader.java:279) ~[minecraft-merged-bbdd70ac6e-1.21.8-net.fabricmc.yarn.1_21_8.1.21.8+build.1-v2.jar:?]
	at knot/net.minecraft.server.integrated.IntegratedServerLoader.start(IntegratedServerLoader.java:245) ~[minecraft-merged-bbdd70ac6e-1.21.8-net.fabricmc.yarn.1_21_8.1.21.8+build.1-v2.jar:?]
	at knot/net.minecraft.client.gui.screen.world.WorldListWidget$WorldEntry.play(WorldListWidget.java:432) ~[minecraft-merged-bbdd70ac6e-1.21.8-net.fabricmc.yarn.1_21_8.1.21.8+build.1-v2.jar:?]
	at knot/net.minecraft.client.gui.screen.world.WorldListWidget$WorldEntry.mouseClicked(WorldListWidget.java:409) ~[minecraft-merged-bbdd70ac6e-1.21.8-net.fabricmc.yarn.1_21_8.1.21.8+build.1-v2.jar:?]
	at knot/net.minecraft.client.gui.ParentElement.mouseClicked(ParentElement.java:43) ~[minecraft-merged-bbdd70ac6e-1.21.8-net.fabricmc.yarn.1_21_8.1.21.8+build.1-v2.jar:?]
	at knot/net.minecraft.client.gui.widget.ContainerWidget.mouseClicked(ContainerWidget.java:57) ~[minecraft-merged-bbdd70ac6e-1.21.8-net.fabricmc.yarn.1_21_8.1.21.8+build.1-v2.jar:?]
	at knot/net.minecraft.client.gui.ParentElement.mouseClicked(ParentElement.java:43) ~[minecraft-merged-bbdd70ac6e-1.21.8-net.fabricmc.yarn.1_21_8.1.21.8+build.1-v2.jar:?]
	at knot/net.minecraft.client.Mouse.mixinextras$bridge$mouseClicked$39(Mouse.java) ~[minecraft-merged-bbdd70ac6e-1.21.8-net.fabricmc.yarn.1_21_8.1.21.8+build.1-v2.jar:?]
	at knot/net.minecraft.client.Mouse.wrapOperation$znc000$fabric-screen-api-v1$invokeMouseClickedEvents(Mouse.java:545) ~[minecraft-merged-bbdd70ac6e-1.21.8-net.fabricmc.yarn.1_21_8.1.21.8+build.1-v2.jar:?]
	at knot/net.minecraft.client.Mouse.onMouseButton(Mouse.java:120) ~[minecraft-merged-bbdd70ac6e-1.21.8-net.fabricmc.yarn.1_21_8.1.21.8+build.1-v2.jar:?]
	at knot/net.minecraft.client.Mouse.method_22686(Mouse.java:226) ~[minecraft-merged-bbdd70ac6e-1.21.8-net.fabricmc.yarn.1_21_8.1.21.8+build.1-v2.jar:?]
	at knot/net.minecraft.util.thread.ThreadExecutor.execute(ThreadExecutor.java:110) ~[minecraft-merged-bbdd70ac6e-1.21.8-net.fabricmc.yarn.1_21_8.1.21.8+build.1-v2.jar:?]
	at knot/net.minecraft.client.Mouse.method_22684(Mouse.java:226) ~[minecraft-merged-bbdd70ac6e-1.21.8-net.fabricmc.yarn.1_21_8.1.21.8+build.1-v2.jar:?]
	at knot/org.lwjgl.glfw.GLFWMouseButtonCallbackI.callback(GLFWMouseButtonCallbackI.java:43) [lwjgl-glfw-3.3.3.jar:?]
	at knot/org.lwjgl.system.JNI.invokeV(Native Method) ~[lwjgl-3.3.3.jar:?]
	at knot/org.lwjgl.glfw.GLFW.glfwWaitEventsTimeout(GLFW.java:3509) [lwjgl-glfw-3.3.3.jar:?]
	at knot/com.mojang.blaze3d.systems.RenderSystem.limitDisplayFPS(RenderSystem.java:179) [minecraft-merged-bbdd70ac6e-1.21.8-net.fabricmc.yarn.1_21_8.1.21.8+build.1-v2.jar:?]
	at knot/net.minecraft.client.MinecraftClient.render(MinecraftClient.java:1383) [minecraft-merged-bbdd70ac6e-1.21.8-net.fabricmc.yarn.1_21_8.1.21.8+build.1-v2.jar:?]
	at knot/net.minecraft.client.MinecraftClient.run(MinecraftClient.java:947) [minecraft-merged-bbdd70ac6e-1.21.8-net.fabricmc.yarn.1_21_8.1.21.8+build.1-v2.jar:?]
	at knot/net.minecraft.client.main.Main.main(Main.java:265) [minecraft-merged-bbdd70ac6e-1.21.8-net.fabricmc.yarn.1_21_8.1.21.8+build.1-v2.jar:?]
	at net.fabricmc.loader.impl.game.minecraft.MinecraftGameProvider.launch(MinecraftGameProvider.java:480) [fabric-loader-0.16.14.jar:?]
	at net.fabricmc.loader.impl.launch.knot.Knot.launch(Knot.java:74) [fabric-loader-0.16.14.jar:?]
	at net.fabricmc.loader.impl.launch.knot.KnotClient.main(KnotClient.java:23) [fabric-loader-0.16.14.jar:?]
	at net.fabricmc.devlaunchinjector.Main.main(Main.java:86) [dev-launch-injector-0.2.1+build.8.jar:?]
[17:19:46] [Render thread/DEBUG] (io.netty.util.internal.PlatformDependent0) java.nio.Bits.unaligned: available, true
[17:19:46] [Render thread/DEBUG] (io.netty.util.internal.PlatformDependent0) jdk.internal.misc.Unsafe.allocateUninitializedArray(int): unavailable
java.lang.IllegalAccessException: class io.netty.util.internal.PlatformDependent0$7 cannot access class jdk.internal.misc.Unsafe (in module java.base) because module java.base does not export jdk.internal.misc to unnamed module @394a2528
	at java.base/jdk.internal.reflect.Reflection.newIllegalAccessException(Reflection.java:394) ~[?:?]
	at java.base/java.lang.reflect.AccessibleObject.checkAccess(AccessibleObject.java:714) ~[?:?]
	at java.base/java.lang.reflect.Method.invoke(Method.java:571) ~[?:?]
	at knot/io.netty.util.internal.PlatformDependent0$7.run(PlatformDependent0.java:468) ~[netty-common-4.1.118.Final.jar:?]
	at java.base/java.security.AccessController.doPrivileged(AccessController.java:319) ~[?:?]
	at knot/io.netty.util.internal.PlatformDependent0.<clinit>(PlatformDependent0.java:459) ~[netty-common-4.1.118.Final.jar:?]
	at knot/io.netty.util.internal.PlatformDependent.isAndroid(PlatformDependent.java:334) ~[netty-common-4.1.118.Final.jar:?]
	at knot/io.netty.util.internal.PlatformDependent.<clinit>(PlatformDependent.java:90) ~[netty-common-4.1.118.Final.jar:?]
	at knot/io.netty.channel.nio.NioEventLoop.<clinit>(NioEventLoop.java:84) ~[netty-transport-4.1.118.Final.jar:?]
	at knot/io.netty.channel.nio.NioEventLoopGroup.newChild(NioEventLoopGroup.java:182) ~[netty-transport-4.1.118.Final.jar:?]
	at knot/io.netty.channel.nio.NioEventLoopGroup.newChild(NioEventLoopGroup.java:38) ~[netty-transport-4.1.118.Final.jar:?]
	at knot/io.netty.util.concurrent.MultithreadEventExecutorGroup.<init>(MultithreadEventExecutorGroup.java:84) ~[netty-common-4.1.118.Final.jar:?]
	at knot/io.netty.util.concurrent.MultithreadEventExecutorGroup.<init>(MultithreadEventExecutorGroup.java:60) ~[netty-common-4.1.118.Final.jar:?]
	at knot/io.netty.util.concurrent.MultithreadEventExecutorGroup.<init>(MultithreadEventExecutorGroup.java:49) ~[netty-common-4.1.118.Final.jar:?]
	at knot/io.netty.channel.MultithreadEventLoopGroup.<init>(MultithreadEventLoopGroup.java:59) ~[netty-transport-4.1.118.Final.jar:?]
	at knot/io.netty.channel.nio.NioEventLoopGroup.<init>(NioEventLoopGroup.java:87) ~[netty-transport-4.1.118.Final.jar:?]
	at knot/io.netty.channel.nio.NioEventLoopGroup.<init>(NioEventLoopGroup.java:82) ~[netty-transport-4.1.118.Final.jar:?]
	at knot/io.netty.channel.nio.NioEventLoopGroup.<init>(NioEventLoopGroup.java:69) ~[netty-transport-4.1.118.Final.jar:?]
	at knot/net.minecraft.server.ServerNetworkIo.method_14348(ServerNetworkIo.java:55) ~[minecraft-merged-bbdd70ac6e-1.21.8-net.fabricmc.yarn.1_21_8.1.21.8+build.1-v2.jar:?]
	at knot/com.google.common.base.Suppliers$NonSerializableMemoizingSupplier.get(Suppliers.java:200) ~[guava-33.3.1-jre.jar:?]
	at knot/net.minecraft.server.ServerNetworkIo.bindLocal(ServerNetworkIo.java:141) ~[minecraft-merged-bbdd70ac6e-1.21.8-net.fabricmc.yarn.1_21_8.1.21.8+build.1-v2.jar:?]
	at knot/net.minecraft.client.MinecraftClient.startIntegratedServer(MinecraftClient.java:2159) ~[minecraft-merged-bbdd70ac6e-1.21.8-net.fabricmc.yarn.1_21_8.1.21.8+build.1-v2.jar:?]
	at knot/net.minecraft.server.integrated.IntegratedServerLoader.start(IntegratedServerLoader.java:411) ~[minecraft-merged-bbdd70ac6e-1.21.8-net.fabricmc.yarn.1_21_8.1.21.8+build.1-v2.jar:?]
	at knot/net.minecraft.server.integrated.IntegratedServerLoader.start(IntegratedServerLoader.java:406) ~[minecraft-merged-bbdd70ac6e-1.21.8-net.fabricmc.yarn.1_21_8.1.21.8+build.1-v2.jar:?]
	at knot/net.minecraft.server.integrated.IntegratedServerLoader.method_57777(IntegratedServerLoader.java:373) ~[minecraft-merged-bbdd70ac6e-1.21.8-net.fabricmc.yarn.1_21_8.1.21.8+build.1-v2.jar:?]
	at java.base/java.util.concurrent.CompletableFuture$UniAccept.tryFire(CompletableFuture.java:718) ~[?:?]
	at java.base/java.util.concurrent.CompletableFuture$Completion.run(CompletableFuture.java:482) ~[?:?]
	at knot/net.minecraft.util.thread.ThreadExecutor.execute(ThreadExecutor.java:110) ~[minecraft-merged-bbdd70ac6e-1.21.8-net.fabricmc.yarn.1_21_8.1.21.8+build.1-v2.jar:?]
	at java.base/java.util.concurrent.CompletableFuture.uniAcceptNow(CompletableFuture.java:754) ~[?:?]
	at java.base/java.util.concurrent.CompletableFuture.uniAcceptStage(CompletableFuture.java:735) ~[?:?]
	at java.base/java.util.concurrent.CompletableFuture.thenAcceptAsync(CompletableFuture.java:2223) ~[?:?]
	at knot/net.minecraft.server.integrated.IntegratedServerLoader.start(IntegratedServerLoader.java:371) ~[minecraft-merged-bbdd70ac6e-1.21.8-net.fabricmc.yarn.1_21_8.1.21.8+build.1-v2.jar:?]
	at knot/net.minecraft.server.integrated.IntegratedServerLoader.checkBackupAndStart(IntegratedServerLoader.java:360) ~[minecraft-merged-bbdd70ac6e-1.21.8-net.fabricmc.yarn.1_21_8.1.21.8+build.1-v2.jar:?]
	at knot/net.minecraft.server.integrated.IntegratedServerLoader.start(IntegratedServerLoader.java:342) ~[minecraft-merged-bbdd70ac6e-1.21.8-net.fabricmc.yarn.1_21_8.1.21.8+build.1-v2.jar:?]
	at knot/net.minecraft.server.integrated.IntegratedServerLoader.start(IntegratedServerLoader.java:314) ~[minecraft-merged-bbdd70ac6e-1.21.8-net.fabricmc.yarn.1_21_8.1.21.8+build.1-v2.jar:?]
	at knot/net.minecraft.server.integrated.IntegratedServerLoader.start(IntegratedServerLoader.java:279) ~[minecraft-merged-bbdd70ac6e-1.21.8-net.fabricmc.yarn.1_21_8.1.21.8+build.1-v2.jar:?]
	at knot/net.minecraft.server.integrated.IntegratedServerLoader.start(IntegratedServerLoader.java:245) ~[minecraft-merged-bbdd70ac6e-1.21.8-net.fabricmc.yarn.1_21_8.1.21.8+build.1-v2.jar:?]
	at knot/net.minecraft.client.gui.screen.world.WorldListWidget$WorldEntry.play(WorldListWidget.java:432) ~[minecraft-merged-bbdd70ac6e-1.21.8-net.fabricmc.yarn.1_21_8.1.21.8+build.1-v2.jar:?]
	at knot/net.minecraft.client.gui.screen.world.WorldListWidget$WorldEntry.mouseClicked(WorldListWidget.java:409) ~[minecraft-merged-bbdd70ac6e-1.21.8-net.fabricmc.yarn.1_21_8.1.21.8+build.1-v2.jar:?]
	at knot/net.minecraft.client.gui.ParentElement.mouseClicked(ParentElement.java:43) ~[minecraft-merged-bbdd70ac6e-1.21.8-net.fabricmc.yarn.1_21_8.1.21.8+build.1-v2.jar:?]
	at knot/net.minecraft.client.gui.widget.ContainerWidget.mouseClicked(ContainerWidget.java:57) ~[minecraft-merged-bbdd70ac6e-1.21.8-net.fabricmc.yarn.1_21_8.1.21.8+build.1-v2.jar:?]
	at knot/net.minecraft.client.gui.ParentElement.mouseClicked(ParentElement.java:43) ~[minecraft-merged-bbdd70ac6e-1.21.8-net.fabricmc.yarn.1_21_8.1.21.8+build.1-v2.jar:?]
	at knot/net.minecraft.client.Mouse.mixinextras$bridge$mouseClicked$39(Mouse.java) ~[minecraft-merged-bbdd70ac6e-1.21.8-net.fabricmc.yarn.1_21_8.1.21.8+build.1-v2.jar:?]
	at knot/net.minecraft.client.Mouse.wrapOperation$znc000$fabric-screen-api-v1$invokeMouseClickedEvents(Mouse.java:545) ~[minecraft-merged-bbdd70ac6e-1.21.8-net.fabricmc.yarn.1_21_8.1.21.8+build.1-v2.jar:?]
	at knot/net.minecraft.client.Mouse.onMouseButton(Mouse.java:120) ~[minecraft-merged-bbdd70ac6e-1.21.8-net.fabricmc.yarn.1_21_8.1.21.8+build.1-v2.jar:?]
	at knot/net.minecraft.client.Mouse.method_22686(Mouse.java:226) ~[minecraft-merged-bbdd70ac6e-1.21.8-net.fabricmc.yarn.1_21_8.1.21.8+build.1-v2.jar:?]
	at knot/net.minecraft.util.thread.ThreadExecutor.execute(ThreadExecutor.java:110) ~[minecraft-merged-bbdd70ac6e-1.21.8-net.fabricmc.yarn.1_21_8.1.21.8+build.1-v2.jar:?]
	at knot/net.minecraft.client.Mouse.method_22684(Mouse.java:226) ~[minecraft-merged-bbdd70ac6e-1.21.8-net.fabricmc.yarn.1_21_8.1.21.8+build.1-v2.jar:?]
	at knot/org.lwjgl.glfw.GLFWMouseButtonCallbackI.callback(GLFWMouseButtonCallbackI.java:43) [lwjgl-glfw-3.3.3.jar:?]
	at knot/org.lwjgl.system.JNI.invokeV(Native Method) ~[lwjgl-3.3.3.jar:?]
	at knot/org.lwjgl.glfw.GLFW.glfwWaitEventsTimeout(GLFW.java:3509) [lwjgl-glfw-3.3.3.jar:?]
	at knot/com.mojang.blaze3d.systems.RenderSystem.limitDisplayFPS(RenderSystem.java:179) [minecraft-merged-bbdd70ac6e-1.21.8-net.fabricmc.yarn.1_21_8.1.21.8+build.1-v2.jar:?]
	at knot/net.minecraft.client.MinecraftClient.render(MinecraftClient.java:1383) [minecraft-merged-bbdd70ac6e-1.21.8-net.fabricmc.yarn.1_21_8.1.21.8+build.1-v2.jar:?]
	at knot/net.minecraft.client.MinecraftClient.run(MinecraftClient.java:947) [minecraft-merged-bbdd70ac6e-1.21.8-net.fabricmc.yarn.1_21_8.1.21.8+build.1-v2.jar:?]
	at knot/net.minecraft.client.main.Main.main(Main.java:265) [minecraft-merged-bbdd70ac6e-1.21.8-net.fabricmc.yarn.1_21_8.1.21.8+build.1-v2.jar:?]
	at net.fabricmc.loader.impl.game.minecraft.MinecraftGameProvider.launch(MinecraftGameProvider.java:480) [fabric-loader-0.16.14.jar:?]
	at net.fabricmc.loader.impl.launch.knot.Knot.launch(Knot.java:74) [fabric-loader-0.16.14.jar:?]
	at net.fabricmc.loader.impl.launch.knot.KnotClient.main(KnotClient.java:23) [fabric-loader-0.16.14.jar:?]
	at net.fabricmc.devlaunchinjector.Main.main(Main.java:86) [dev-launch-injector-0.2.1+build.8.jar:?]
[17:19:46] [Render thread/DEBUG] (io.netty.util.internal.PlatformDependent0) java.nio.DirectByteBuffer.<init>(long, {int,long}): unavailable
[17:19:46] [Render thread/DEBUG] (io.netty.util.internal.PlatformDependent) sun.misc.Unsafe: available
[17:19:46] [Render thread/DEBUG] (io.netty.util.internal.PlatformDependent) -Dio.netty.tmpdir: C:\Users\Simon\AppData\Local\Temp (java.io.tmpdir)
[17:19:46] [Render thread/DEBUG] (io.netty.util.internal.PlatformDependent) -Dio.netty.bitMode: 64 (sun.arch.data.model)
[17:19:46] [Render thread/DEBUG] (io.netty.util.internal.PlatformDependent) Platform: Windows
[17:19:46] [Render thread/DEBUG] (io.netty.util.internal.PlatformDependent) -Dio.netty.maxDirectMemory: -1 bytes
[17:19:46] [Render thread/DEBUG] (io.netty.util.internal.PlatformDependent) -Dio.netty.uninitializedArrayAllocationThreshold: -1
[17:19:46] [Render thread/DEBUG] (io.netty.util.internal.CleanerJava9) java.nio.ByteBuffer.cleaner(): available
[17:19:46] [Render thread/DEBUG] (io.netty.util.internal.PlatformDependent) -Dio.netty.noPreferDirect: false
[17:19:46] [Render thread/DEBUG] (io.netty.channel.nio.NioEventLoop) -Dio.netty.noKeySetOptimization: false
[17:19:46] [Render thread/DEBUG] (io.netty.channel.nio.NioEventLoop) -Dio.netty.selectorAutoRebuildThreshold: 512
[17:19:46] [Render thread/DEBUG] (io.netty.util.internal.PlatformDependent) org.jctools-core.MpscChunkedArrayQueue: available
[17:19:46] [Render thread/DEBUG] (io.netty.channel.DefaultChannelId) -Dio.netty.processId: 42660 (auto-detected)
[17:19:46] [Render thread/DEBUG] (io.netty.util.NetUtil) -Djava.net.preferIPv4Stack: false
[17:19:46] [Render thread/DEBUG] (io.netty.util.NetUtil) -Djava.net.preferIPv6Addresses: false
[17:19:46] [Render thread/DEBUG] (io.netty.util.NetUtilInitializations) Loopback interface: loopback_0 (Software Loopback Interface 1, 0:0:0:0:0:0:0:1)
[17:19:46] [Render thread/DEBUG] (io.netty.util.NetUtil) Failed to get SOMAXCONN from sysctl and file \proc\sys\net\core\somaxconn. Default: 200
[17:19:46] [Render thread/DEBUG] (io.netty.channel.DefaultChannelId) -Dio.netty.machineId: d8:5e:d3:ff:fe:86:a6:97 (auto-detected)
[17:19:46] [Render thread/DEBUG] (io.netty.buffer.PooledByteBufAllocator) -Dio.netty.allocator.numHeapArenas: 40
[17:19:46] [Render thread/DEBUG] (io.netty.buffer.PooledByteBufAllocator) -Dio.netty.allocator.numDirectArenas: 40
[17:19:46] [Render thread/DEBUG] (io.netty.buffer.PooledByteBufAllocator) -Dio.netty.allocator.pageSize: 8192
[17:19:46] [Render thread/DEBUG] (io.netty.buffer.PooledByteBufAllocator) -Dio.netty.allocator.maxOrder: 9
[17:19:46] [Render thread/DEBUG] (io.netty.buffer.PooledByteBufAllocator) -Dio.netty.allocator.chunkSize: 4194304
[17:19:46] [Render thread/DEBUG] (io.netty.buffer.PooledByteBufAllocator) -Dio.netty.allocator.smallCacheSize: 256
[17:19:46] [Render thread/DEBUG] (io.netty.buffer.PooledByteBufAllocator) -Dio.netty.allocator.normalCacheSize: 64
[17:19:46] [Render thread/DEBUG] (io.netty.buffer.PooledByteBufAllocator) -Dio.netty.allocator.maxCachedBufferCapacity: 32768
[17:19:46] [Render thread/DEBUG] (io.netty.buffer.PooledByteBufAllocator) -Dio.netty.allocator.cacheTrimInterval: 8192
[17:19:46] [Render thread/DEBUG] (io.netty.buffer.PooledByteBufAllocator) -Dio.netty.allocator.cacheTrimIntervalMillis: 0
[17:19:46] [Render thread/DEBUG] (io.netty.buffer.PooledByteBufAllocator) -Dio.netty.allocator.useCacheForAllThreads: false
[17:19:46] [Render thread/DEBUG] (io.netty.buffer.PooledByteBufAllocator) -Dio.netty.allocator.maxCachedByteBuffersPerChunk: 1023
[17:19:46] [Render thread/DEBUG] (io.netty.buffer.PooledByteBufAllocator) -Dio.netty.allocator.disableCacheFinalizersForFastThreadLocalThreads: false
[17:19:46] [Render thread/DEBUG] (io.netty.buffer.ByteBufUtil) -Dio.netty.allocator.type: pooled
[17:19:46] [Render thread/DEBUG] (io.netty.buffer.ByteBufUtil) -Dio.netty.threadLocalDirectBufferSize: 0
[17:19:46] [Render thread/DEBUG] (io.netty.buffer.ByteBufUtil) -Dio.netty.maxThreadLocalCharBufferSize: 16384
[17:19:46] [Render thread/DEBUG] (io.netty.bootstrap.ChannelInitializerExtensions) -Dio.netty.bootstrap.extensions: null
[17:19:46] [Render thread/DEBUG] (FabricLoader/Mixin) Mixing ingredient.EncoderHandlerMixin from fabric-recipe-api-v1.mixins.json into net.minecraft.network.handler.EncoderHandler
[17:19:46] [Render thread/DEBUG] (FabricLoader/Mixin) fabric-recipe-api-v1.mixins.json:ingredient.EncoderHandlerMixin from mod fabric-recipe-api-v1->@Inject::capturePacketEncoder(Lio/netty/channel/ChannelHandlerContext;Lnet/minecraft/network/packet/Packet;Lio/netty/buffer/ByteBuf;Lorg/spongepowered/asm/mixin/injection/callback/CallbackInfo;)V doesn't use it's CallbackInfo
[17:19:46] [Render thread/DEBUG] (FabricLoader/Mixin) fabric-recipe-api-v1.mixins.json:ingredient.EncoderHandlerMixin from mod fabric-recipe-api-v1->@Inject::capturePacketEncoder(Lio/netty/channel/ChannelHandlerContext;Lnet/minecraft/network/packet/Packet;Lio/netty/buffer/ByteBuf;Lorg/spongepowered/asm/mixin/injection/callback/CallbackInfo;)V has 0 override(s) in child classes
[17:19:46] [Render thread/DEBUG] (FabricLoader/Mixin) fabric-recipe-api-v1.mixins.json:ingredient.EncoderHandlerMixin from mod fabric-recipe-api-v1->@Inject::capturePacketEncoder(Lio/netty/channel/ChannelHandlerContext;Lnet/minecraft/network/packet/Packet;Lio/netty/buffer/ByteBuf;Lorg/spongepowered/asm/mixin/injection/callback/CallbackInfo;)V won't be passed a CallbackInfo as a result
[17:19:46] [Render thread/DEBUG] (FabricLoader/Mixin) fabric-recipe-api-v1.mixins.json:ingredient.EncoderHandlerMixin from mod fabric-recipe-api-v1->@Inject::releasePacketEncoder(Lio/netty/channel/ChannelHandlerContext;Lnet/minecraft/network/packet/Packet;Lio/netty/buffer/ByteBuf;Lorg/spongepowered/asm/mixin/injection/callback/CallbackInfo;)V doesn't use it's CallbackInfo
[17:19:46] [Render thread/DEBUG] (FabricLoader/Mixin) fabric-recipe-api-v1.mixins.json:ingredient.EncoderHandlerMixin from mod fabric-recipe-api-v1->@Inject::releasePacketEncoder(Lio/netty/channel/ChannelHandlerContext;Lnet/minecraft/network/packet/Packet;Lio/netty/buffer/ByteBuf;Lorg/spongepowered/asm/mixin/injection/callback/CallbackInfo;)V has 0 override(s) in child classes
[17:19:46] [Render thread/DEBUG] (FabricLoader/Mixin) fabric-recipe-api-v1.mixins.json:ingredient.EncoderHandlerMixin from mod fabric-recipe-api-v1->@Inject::releasePacketEncoder(Lio/netty/channel/ChannelHandlerContext;Lnet/minecraft/network/packet/Packet;Lio/netty/buffer/ByteBuf;Lorg/spongepowered/asm/mixin/injection/callback/CallbackInfo;)V won't be passed a CallbackInfo as a result
[17:19:46] [Render thread/DEBUG] (FabricLoader/Mixin) fabric-recipe-api-v1.mixins.json:ingredient.EncoderHandlerMixin from mod fabric-recipe-api-v1->@Inject::releasePacketEncoder(Lio/netty/channel/ChannelHandlerContext;Lnet/minecraft/network/packet/Packet;Lio/netty/buffer/ByteBuf;Lorg/spongepowered/asm/mixin/injection/callback/CallbackInfo;)V doesn't use it's CallbackInfo
[17:19:46] [Render thread/DEBUG] (FabricLoader/Mixin) fabric-recipe-api-v1.mixins.json:ingredient.EncoderHandlerMixin from mod fabric-recipe-api-v1->@Inject::releasePacketEncoder(Lio/netty/channel/ChannelHandlerContext;Lnet/minecraft/network/packet/Packet;Lio/netty/buffer/ByteBuf;Lorg/spongepowered/asm/mixin/injection/callback/CallbackInfo;)V has 0 override(s) in child classes
[17:19:46] [Render thread/DEBUG] (FabricLoader/Mixin) fabric-recipe-api-v1.mixins.json:ingredient.EncoderHandlerMixin from mod fabric-recipe-api-v1->@Inject::releasePacketEncoder(Lio/netty/channel/ChannelHandlerContext;Lnet/minecraft/network/packet/Packet;Lio/netty/buffer/ByteBuf;Lorg/spongepowered/asm/mixin/injection/callback/CallbackInfo;)V won't be passed a CallbackInfo as a result
[17:19:46] [Render thread/DEBUG] (FabricLoader/Mixin) Mixing PacketCodecDispatcherMixin from fabric-networking-api-v1.mixins.json into net.minecraft.network.handler.PacketCodecDispatcher
[17:19:46] [Render thread/DEBUG] (FabricLoader/Mixin) fabric-networking-api-v1.mixins.json:PacketCodecDispatcherMixin from mod fabric-networking-api-v1->@Inject::encode(Lio/netty/buffer/ByteBuf;Ljava/lang/Object;Lorg/spongepowered/asm/mixin/injection/callback/CallbackInfo;)V doesn't use it's CallbackInfo
[17:19:46] [Render thread/DEBUG] (FabricLoader/Mixin) fabric-networking-api-v1.mixins.json:PacketCodecDispatcherMixin from mod fabric-networking-api-v1->@Inject::encode(Lio/netty/buffer/ByteBuf;Ljava/lang/Object;Lorg/spongepowered/asm/mixin/injection/callback/CallbackInfo;)V has 0 override(s) in child classes
[17:19:46] [Render thread/DEBUG] (FabricLoader/Mixin) fabric-networking-api-v1.mixins.json:PacketCodecDispatcherMixin from mod fabric-networking-api-v1->@Inject::encode(Lio/netty/buffer/ByteBuf;Ljava/lang/Object;Lorg/spongepowered/asm/mixin/injection/callback/CallbackInfo;)V won't be passed a CallbackInfo as a result
[17:19:46] [Render thread/DEBUG] (FabricLoader/Mixin) Mixing LoginQueryResponseC2SPacketMixin from fabric-networking-api-v1.mixins.json into net.minecraft.network.packet.c2s.login.LoginQueryResponseC2SPacket
[17:19:46] [Render thread/DEBUG] (FabricLoader/Mixin) fabric-networking-api-v1.mixins.json:LoginQueryResponseC2SPacketMixin from mod fabric-networking-api-v1->@Inject::readResponse(ILnet/minecraft/network/PacketByteBuf;Lorg/spongepowered/asm/mixin/injection/callback/CallbackInfoReturnable;)V does use it's CallbackInfoReturnable
[17:19:46] [Render thread/DEBUG] (FabricLoader/Mixin) Mixing LoginQueryRequestS2CPacketMixin from fabric-networking-api-v1.mixins.json into net.minecraft.network.packet.s2c.login.LoginQueryRequestS2CPacket
[17:19:46] [Render thread/DEBUG] (FabricLoader/Mixin) fabric-networking-api-v1.mixins.json:LoginQueryRequestS2CPacketMixin from mod fabric-networking-api-v1->@Inject::readPayload(Lnet/minecraft/util/Identifier;Lnet/minecraft/network/PacketByteBuf;Lorg/spongepowered/asm/mixin/injection/callback/CallbackInfoReturnable;)V does use it's CallbackInfoReturnable
[17:19:46] [Render thread/DEBUG] (io.netty.util.Recycler) -Dio.netty.recycler.maxCapacityPerThread: 4096
[17:19:46] [Render thread/DEBUG] (io.netty.util.Recycler) -Dio.netty.recycler.ratio: 8
[17:19:46] [Render thread/DEBUG] (io.netty.util.Recycler) -Dio.netty.recycler.chunkSize: 32
[17:19:46] [Render thread/DEBUG] (io.netty.util.Recycler) -Dio.netty.recycler.blocking: false
[17:19:46] [Render thread/DEBUG] (io.netty.util.Recycler) -Dio.netty.recycler.batchFastThreadLocalOnly: true
[17:19:46] [Netty Local Client IO #0/DEBUG] (io.netty.buffer.AbstractByteBuf) -Dio.netty.buffer.checkAccessible: true
[17:19:46] [Netty Local Client IO #0/DEBUG] (io.netty.buffer.AbstractByteBuf) -Dio.netty.buffer.checkBounds: true
[17:19:46] [Netty Local Client IO #0/DEBUG] (io.netty.util.ResourceLeakDetectorFactory) Loaded default ResourceLeakDetector: io.netty.util.ResourceLeakDetector@16a510c5
[17:19:46] [Netty Local Client IO #0/DEBUG] (FabricLoader/Mixin) Mixing VarIntsAccessor from fabric-data-attachment-api-v1.mixins.json into net.minecraft.network.encoding.VarInts
[17:19:46] [Netty Local Client IO #0/DEBUG] (FabricLoader/Mixin) Renaming @Accessor method getMaxByteSize()I to getMaxByteSize$fabric-data-attachment-api-v1_$md$9c000e$0 in fabric-data-attachment-api-v1.mixins.json:VarIntsAccessor from mod fabric-data-attachment-api-v1
[17:19:46] [Netty Server IO #1/DEBUG] (FabricLoader/Mixin) Mixing ServerLoginNetworkHandlerMixin from fabric-networking-api-v1.mixins.json into net.minecraft.server.network.ServerLoginNetworkHandler
[17:19:46] [Netty Server IO #1/DEBUG] (FabricLoader/Mixin) Mixing accessor.ServerLoginNetworkHandlerAccessor from fabric-networking-api-v1.mixins.json into net.minecraft.server.network.ServerLoginNetworkHandler
[17:19:46] [Netty Server IO #1/DEBUG] (FabricLoader/Mixin) fabric-networking-api-v1.mixins.json:ServerLoginNetworkHandlerMixin from mod fabric-networking-api-v1->@Inject::initAddon(Lorg/spongepowered/asm/mixin/injection/callback/CallbackInfo;)V doesn't use it's CallbackInfo
[17:19:46] [Netty Server IO #1/DEBUG] (FabricLoader/Mixin) fabric-networking-api-v1.mixins.json:ServerLoginNetworkHandlerMixin from mod fabric-networking-api-v1->@Inject::initAddon(Lorg/spongepowered/asm/mixin/injection/callback/CallbackInfo;)V has 0 override(s) in child classes
[17:19:46] [Netty Server IO #1/DEBUG] (FabricLoader/Mixin) fabric-networking-api-v1.mixins.json:ServerLoginNetworkHandlerMixin from mod fabric-networking-api-v1->@Inject::initAddon(Lorg/spongepowered/asm/mixin/injection/callback/CallbackInfo;)V won't be passed a CallbackInfo as a result
[17:19:46] [Netty Server IO #1/DEBUG] (FabricLoader/Mixin) fabric-networking-api-v1.mixins.json:ServerLoginNetworkHandlerMixin from mod fabric-networking-api-v1->@Inject::handleCustomPayloadReceivedAsync(Lnet/minecraft/network/packet/c2s/login/LoginQueryResponseC2SPacket;Lorg/spongepowered/asm/mixin/injection/callback/CallbackInfo;)V does use it's CallbackInfo
[17:19:46] [Netty Local Client IO #0/DEBUG] (FabricLoader/Mixin) Mixing SelectKnownPacksC2SPacketMixin from fabric-resource-loader-v0.mixins.json into net.minecraft.network.packet.c2s.config.SelectKnownPacksC2SPacket
[17:19:46] [Netty Local Client IO #0/DEBUG] (FabricLoader/Mixin) Mixing CustomPayloadS2CPacketMixin from fabric-networking-api-v1.mixins.json into net.minecraft.network.packet.s2c.common.CustomPayloadS2CPacket
[17:19:46] [Netty Local Client IO #0/DEBUG] (FabricLoader/Mixin) Renaming synthetic method lambda$wrapConfigCodec$1(Lnet/minecraft/network/PacketByteBuf;Lnet/minecraft/util/Identifier;)Lnet/minecraft/network/packet/CustomPayload$Type; to md9c000e$fabric-networking-api-v1$lambda$wrapConfigCodec$1$0 in fabric-networking-api-v1.mixins.json:CustomPayloadS2CPacketMixin from mod fabric-networking-api-v1
[17:19:46] [Netty Local Client IO #0/DEBUG] (FabricLoader/Mixin) Renaming synthetic method lambda$wrapPlayCodec$0(Lnet/minecraft/network/RegistryByteBuf;Lnet/minecraft/util/Identifier;)Lnet/minecraft/network/packet/CustomPayload$Type; to md9c000e$fabric-networking-api-v1$lambda$wrapPlayCodec$0$1 in fabric-networking-api-v1.mixins.json:CustomPayloadS2CPacketMixin from mod fabric-networking-api-v1
[17:19:46] [Netty Local Client IO #0/DEBUG] (FabricLoader/Mixin) Mixing SerializableRegistriesMixin from fabric-registry-sync-v0.mixins.json into net.minecraft.registry.SerializableRegistries
[17:19:46] [Netty Local Client IO #0/DEBUG] (FabricLoader/Mixin) fabric-registry-sync-v0.mixins.json:SerializableRegistriesMixin from mod fabric-registry-sync-v0->@Inject::filterNonSyncedEntries(Lnet/minecraft/registry/DynamicRegistryManager$Entry;Lorg/spongepowered/asm/mixin/injection/callback/CallbackInfoReturnable;)V does use it's CallbackInfoReturnable
[17:19:46] [Netty Local Client IO #0/DEBUG] (FabricLoader/Mixin) fabric-registry-sync-v0.mixins.json:SerializableRegistriesMixin from mod fabric-registry-sync-v0->@Inject::filterNonSyncedEntriesAgain(Ljava/util/Set;Lnet/minecraft/registry/RegistryLoader$Entry;Lcom/mojang/serialization/DynamicOps;Ljava/util/function/BiConsumer;Lnet/minecraft/registry/Registry;Lorg/spongepowered/asm/mixin/injection/callback/CallbackInfo;)V does use it's CallbackInfo
[17:19:46] [Netty Local Client IO #0/DEBUG] (FabricLoader/Mixin) Mixing ClientRegistriesMixin from fabric-registry-sync-v0.client.mixins.json into net.minecraft.client.network.ClientRegistries
[17:19:46] [Netty Local Client IO #0/DEBUG] (FabricLoader/Mixin) Renaming synthetic method lambda$skipEmptyRegistries$0(Ljava/util/Map;Lnet/minecraft/registry/RegistryLoader$Entry;)Z to md9c000e$fabric-registry-sync-v0$lambda$skipEmptyRegistries$0$0 in fabric-registry-sync-v0.client.mixins.json:ClientRegistriesMixin from mod fabric-registry-sync-v0
[17:19:46] [Netty Local Client IO #0/DEBUG] (ClientPlayNetworkAddon for Player592) Handling inbound packet from channel with name "minecraft:register"
[17:19:46] [Netty Server IO #1/DEBUG] (ServerConfigurationNetworkAddon for Player592) Handling inbound packet from channel with name "minecraft:register"
[17:19:46] [Netty Local Client IO #0/DEBUG] (ClientPlayNetworkAddon for Player592) Handling inbound packet from channel with name "minecraft:brand"
[17:19:46] [Netty Server IO #1/DEBUG] (FabricLoader/Mixin) Mixing SynchronizeRegistriesTaskMixin from fabric-resource-loader-v0.mixins.json into net.minecraft.server.network.SynchronizeRegistriesTask
[17:19:46] [Netty Server IO #1/DEBUG] (FabricLoader/Mixin) fabric-resource-loader-v0.mixins.json:SynchronizeRegistriesTaskMixin from mod fabric-resource-loader-v0->@Inject::onSelectKnownPacks(Ljava/util/List;Ljava/util/function/Consumer;Lorg/spongepowered/asm/mixin/injection/callback/CallbackInfo;)V does use it's CallbackInfo
[17:19:46] [Netty Server IO #1/DEBUG] (FabricLoader/Mixin) fabric-resource-loader-v0.mixins.json:SynchronizeRegistriesTaskMixin from mod fabric-resource-loader-v0->@Inject::syncRegistryAndTags(Ljava/util/function/Consumer;Ljava/util/Set;Lorg/spongepowered/asm/mixin/injection/callback/CallbackInfo;)V doesn't use it's CallbackInfo
[17:19:46] [Netty Server IO #1/DEBUG] (FabricLoader/Mixin) fabric-resource-loader-v0.mixins.json:SynchronizeRegistriesTaskMixin from mod fabric-resource-loader-v0->@Inject::syncRegistryAndTags(Ljava/util/function/Consumer;Ljava/util/Set;Lorg/spongepowered/asm/mixin/injection/callback/CallbackInfo;)V has 0 override(s) in child classes
[17:19:46] [Netty Server IO #1/DEBUG] (FabricLoader/Mixin) fabric-resource-loader-v0.mixins.json:SynchronizeRegistriesTaskMixin from mod fabric-resource-loader-v0->@Inject::syncRegistryAndTags(Ljava/util/function/Consumer;Ljava/util/Set;Lorg/spongepowered/asm/mixin/injection/callback/CallbackInfo;)V won't be passed a CallbackInfo as a result
[17:19:46] [Netty Server IO #1/DEBUG] (FabricLoader/Mixin) fabric-resource-loader-v0.mixins.json:SynchronizeRegistriesTaskMixin from mod fabric-resource-loader-v0->@Inject::sendPacket(Ljava/util/function/Consumer;Lorg/spongepowered/asm/mixin/injection/callback/CallbackInfo;)V does use it's CallbackInfo
[17:19:46] [Netty Local Client IO #0/DEBUG] (ClientPlayNetworkAddon for Player592) Handling inbound packet from channel with name "c:version"
[17:19:46] [Netty Local Client IO #0/DEBUG] (ClientPlayNetworkAddon for Player592) Negotiated common packet version 1
[17:19:46] [Netty Server IO #1/DEBUG] (ServerConfigurationNetworkAddon for Player592) Handling inbound packet from channel with name "c:version"
[17:19:46] [Netty Server IO #1/DEBUG] (ServerConfigurationNetworkAddon for Player592) Negotiated common packet version 1
[17:19:46] [Netty Local Client IO #0/DEBUG] (ClientPlayNetworkAddon for Player592) Handling inbound packet from channel with name "c:register"
[17:19:46] [Netty Local Client IO #0/DEBUG] (fabric-networking-api-v1) Received accepted channels from the server
[17:19:46] [Render thread/DEBUG] (ClientPlayNetworkAddon for Player592) Handling inbound packet from channel with name "minecraft:brand"
[17:19:46] [Netty Server IO #1/DEBUG] (ServerConfigurationNetworkAddon for Player592) Handling inbound packet from channel with name "c:register"
[17:19:46] [Netty Server IO #1/DEBUG] (fabric-networking-api-v1) Received accepted channels from the client for play phase
[17:19:46] [Netty Local Client IO #0/DEBUG] (ClientPlayNetworkAddon for Player592) Handling inbound packet from channel with name "fabric:accepted_attachments_v1"
[17:19:46] [Netty Server IO #1/DEBUG] (ServerConfigurationNetworkAddon for Player592) Handling inbound packet from channel with name "fabric:accepted_attachments_v1"
[17:19:46] [Netty Local Client IO #0/DEBUG] (ClientPlayNetworkAddon for Player592) Handling inbound packet from channel with name "fabric:custom_ingredient_sync"
[17:19:46] [Netty Server IO #1/DEBUG] (ServerConfigurationNetworkAddon for Player592) Handling inbound packet from channel with name "fabric:custom_ingredient_sync"
[17:19:46] [Render thread/DEBUG] (FabricLoader/Mixin) Mixing ClientDataPackManagerMixin from fabric-resource-loader-v0.client.mixins.json into net.minecraft.client.resource.ClientDataPackManager
[17:19:46] [Render thread/DEBUG] (net.fabricmc.fabric.impl.resource.loader.ModResourcePackUtil) [Fabric] Starting internal pack sorting with: []
[17:19:46] [Render thread/DEBUG] (net.fabricmc.fabric.impl.resource.loader.ModResourcePackUtil) [Fabric] Removed all internal packs, result: []
[17:19:46] [Render thread/DEBUG] (net.fabricmc.fabric.impl.resource.loader.ModResourcePackUtil) [Fabric] Final sorting result: []
[17:19:46] [Render thread/DEBUG] (net.fabricmc.fabric.impl.resource.loader.ModResourcePackUtil) [Fabric] Starting internal pack sorting with: [vanilla, fabric-convention-tags-v2, fabric-gametest-api-v1]
[17:19:46] [Render thread/DEBUG] (net.fabricmc.fabric.impl.resource.loader.ModResourcePackUtil) [Fabric] Removed all internal packs, result: [vanilla, fabric-convention-tags-v2, fabric-gametest-api-v1]
[17:19:46] [Render thread/DEBUG] (net.fabricmc.fabric.impl.resource.loader.ModResourcePackUtil) [Fabric] Final sorting result: [vanilla, fabric-convention-tags-v2, fabric-gametest-api-v1]
[17:19:46] [Server thread/DEBUG] (SynchronizeRegistriesTaskMixin) Synchronizing registries with common known packs: [minecraft:core:1.21.8, fabric:fabric-gametest-api-v1:3.1.10+39ce47f52c, fabric:fabric-convention-tags-v2:2.15.6+eb5df52f2c]
[17:19:46] [Render thread/DEBUG] (FabricLoader/Mixin) Mixing ClientRegistriesDynamicRegistriesAccessor from fabric-registry-sync-v0.client.mixins.json into net.minecraft.client.network.ClientRegistries$DynamicRegistries
[17:19:46] [Render thread/DEBUG] (FabricLoader/Mixin) Mixing ClientCommandSourceMixin from fabric-command-api-v2.client.mixins.json into net.minecraft.client.network.ClientCommandSource
[17:19:46] [Server thread/DEBUG] (FabricLoader/Mixin) Mixing PlayerAdvancementTrackerMixin from fabric-events-interaction-v0.mixins.json into net.minecraft.advancement.PlayerAdvancementTracker
[17:19:46] [Server thread/DEBUG] (FabricLoader/Mixin) fabric-events-interaction-v0.mixins.json:PlayerAdvancementTrackerMixin from mod fabric-events-interaction-v0->@Inject::preventOwnerOverride(Lnet/minecraft/server/network/ServerPlayerEntity;Lorg/spongepowered/asm/mixin/injection/callback/CallbackInfo;)V does use it's CallbackInfo
[17:19:46] [Server thread/DEBUG] (FabricLoader/Mixin) fabric-events-interaction-v0.mixins.json:PlayerAdvancementTrackerMixin from mod fabric-events-interaction-v0->@Inject::preventGrantCriterion(Lnet/minecraft/advancement/AdvancementEntry;Ljava/lang/String;Lorg/spongepowered/asm/mixin/injection/callback/CallbackInfoReturnable;)V does use it's CallbackInfoReturnable
[17:19:46] [Server thread/INFO] (net.minecraft.server.PlayerManager) Player592[local:E:bb548cf1] logged in with entity id 58 at (12.140719607102612, 107.62530253314092, -20.02263001817208)
[17:19:46] [Server thread/DEBUG] (FabricLoader/Mixin) Mixing ChunkDataSenderMixin from fabric-data-attachment-api-v1.mixins.json into net.minecraft.server.network.ChunkDataSender
[17:19:46] [Render thread/DEBUG] (FabricLoader/Mixin) Mixing ClientPlayerInteractionManagerMixin from fabric-item-api-v1.client.mixins.json into net.minecraft.client.network.ClientPlayerInteractionManager
[17:19:46] [Render thread/DEBUG] (FabricLoader/Mixin) Mixing ClientPlayerInteractionManagerMixin from fabric-events-interaction-v0.client.mixins.json into net.minecraft.client.network.ClientPlayerInteractionManager
[17:19:46] [Render thread/DEBUG] (FabricLoader/Mixin) Renaming synthetic method lambda$interactItem$2(Lnet/minecraft/util/Hand;Lnet/minecraft/entity/player/PlayerEntity;I)Lnet/minecraft/network/packet/Packet; to md9c000e$fabric-events-interaction-v0$lambda$interactItem$2$0 in fabric-events-interaction-v0.client.mixins.json:ClientPlayerInteractionManagerMixin from mod fabric-events-interaction-v0
[17:19:46] [Render thread/DEBUG] (FabricLoader/Mixin) Renaming synthetic method lambda$interactBlock$1(Lnet/minecraft/util/Hand;Lnet/minecraft/util/hit/BlockHitResult;I)Lnet/minecraft/network/packet/Packet; to md9c000e$fabric-events-interaction-v0$lambda$interactBlock$1$1 in fabric-events-interaction-v0.client.mixins.json:ClientPlayerInteractionManagerMixin from mod fabric-events-interaction-v0
[17:19:46] [Render thread/DEBUG] (FabricLoader/Mixin) Renaming synthetic method lambda$fabric_fireAttackBlockCallback$0(Lnet/minecraft/util/math/BlockPos;Lnet/minecraft/util/math/Direction;I)Lnet/minecraft/network/packet/Packet; to md9c000e$fabric-events-interaction-v0$lambda$fabric_fireAttackBlockCallback$0$2 in fabric-events-interaction-v0.client.mixins.json:ClientPlayerInteractionManagerMixin from mod fabric-events-interaction-v0
[17:19:46] [Render thread/DEBUG] (FabricLoader/Mixin) fabric-events-interaction-v0.client.mixins.json:ClientPlayerInteractionManagerMixin from mod fabric-events-interaction-v0->@Inject::attackBlock(Lnet/minecraft/util/math/BlockPos;Lnet/minecraft/util/math/Direction;Lorg/spongepowered/asm/mixin/injection/callback/CallbackInfoReturnable;)V does use it's CallbackInfoReturnable
[17:19:46] [Render thread/DEBUG] (FabricLoader/Mixin) fabric-events-interaction-v0.client.mixins.json:ClientPlayerInteractionManagerMixin from mod fabric-events-interaction-v0->@Inject::method_2902(Lnet/minecraft/util/math/BlockPos;Lnet/minecraft/util/math/Direction;Lorg/spongepowered/asm/mixin/injection/callback/CallbackInfoReturnable;)V does use it's CallbackInfoReturnable
[17:19:46] [Render thread/DEBUG] (FabricLoader/Mixin) fabric-events-interaction-v0.client.mixins.json:ClientPlayerInteractionManagerMixin from mod fabric-events-interaction-v0->@Inject::fabric$onBlockBroken(Lnet/minecraft/util/math/BlockPos;Lorg/spongepowered/asm/mixin/injection/callback/CallbackInfoReturnable;)V doesn't use it's CallbackInfoReturnable
[17:19:46] [Render thread/DEBUG] (FabricLoader/Mixin) fabric-events-interaction-v0.client.mixins.json:ClientPlayerInteractionManagerMixin from mod fabric-events-interaction-v0->@Inject::fabric$onBlockBroken(Lnet/minecraft/util/math/BlockPos;Lorg/spongepowered/asm/mixin/injection/callback/CallbackInfoReturnable;)V has 0 override(s) in child classes
[17:19:46] [Render thread/DEBUG] (FabricLoader/Mixin) fabric-events-interaction-v0.client.mixins.json:ClientPlayerInteractionManagerMixin from mod fabric-events-interaction-v0->@Inject::fabric$onBlockBroken(Lnet/minecraft/util/math/BlockPos;Lorg/spongepowered/asm/mixin/injection/callback/CallbackInfoReturnable;)V won't be passed a CallbackInfoReturnable as a result
[17:19:46] [Render thread/DEBUG] (FabricLoader/Mixin) fabric-events-interaction-v0.client.mixins.json:ClientPlayerInteractionManagerMixin from mod fabric-events-interaction-v0->@Inject::interactBlock(Lnet/minecraft/client/network/ClientPlayerEntity;Lnet/minecraft/util/Hand;Lnet/minecraft/util/hit/BlockHitResult;Lorg/spongepowered/asm/mixin/injection/callback/CallbackInfoReturnable;)V does use it's CallbackInfoReturnable
[17:19:46] [Render thread/DEBUG] (FabricLoader/Mixin) fabric-events-interaction-v0.client.mixins.json:ClientPlayerInteractionManagerMixin from mod fabric-events-interaction-v0->@Inject::interactItem(Lnet/minecraft/entity/player/PlayerEntity;Lnet/minecraft/util/Hand;Lorg/spongepowered/asm/mixin/injection/callback/CallbackInfoReturnable;)V does use it's CallbackInfoReturnable
[17:19:46] [Render thread/DEBUG] (FabricLoader/Mixin) fabric-events-interaction-v0.client.mixins.json:ClientPlayerInteractionManagerMixin from mod fabric-events-interaction-v0->@Inject::attackEntity(Lnet/minecraft/entity/player/PlayerEntity;Lnet/minecraft/entity/Entity;Lorg/spongepowered/asm/mixin/injection/callback/CallbackInfo;)V does use it's CallbackInfo
[17:19:46] [Render thread/DEBUG] (FabricLoader/Mixin) Mixing ClientChunkManagerMixin from fabric-lifecycle-events-v1.client.mixins.json into net.minecraft.client.world.ClientChunkManager
[17:19:46] [Render thread/DEBUG] (FabricLoader/Mixin) fabric-lifecycle-events-v1.client.mixins.json:ClientChunkManagerMixin from mod fabric-lifecycle-events-v1->@Inject::onChunkLoad(IILnet/minecraft/network/PacketByteBuf;Ljava/util/Map;Ljava/util/function/Consumer;Lorg/spongepowered/asm/mixin/injection/callback/CallbackInfoReturnable;)V does use it's CallbackInfoReturnable
[17:19:46] [Render thread/DEBUG] (FabricLoader/Mixin) fabric-lifecycle-events-v1.client.mixins.json:ClientChunkManagerMixin from mod fabric-lifecycle-events-v1->@Inject::onChunkUnload(IILnet/minecraft/network/PacketByteBuf;Ljava/util/Map;Ljava/util/function/Consumer;Lorg/spongepowered/asm/mixin/injection/callback/CallbackInfoReturnable;)V doesn't use it's CallbackInfoReturnable
[17:19:46] [Render thread/DEBUG] (FabricLoader/Mixin) fabric-lifecycle-events-v1.client.mixins.json:ClientChunkManagerMixin from mod fabric-lifecycle-events-v1->@Inject::onChunkUnload(IILnet/minecraft/network/PacketByteBuf;Ljava/util/Map;Ljava/util/function/Consumer;Lorg/spongepowered/asm/mixin/injection/callback/CallbackInfoReturnable;)V has 0 override(s) in child classes
[17:19:46] [Render thread/DEBUG] (FabricLoader/Mixin) fabric-lifecycle-events-v1.client.mixins.json:ClientChunkManagerMixin from mod fabric-lifecycle-events-v1->@Inject::onChunkUnload(IILnet/minecraft/network/PacketByteBuf;Ljava/util/Map;Ljava/util/function/Consumer;Lorg/spongepowered/asm/mixin/injection/callback/CallbackInfoReturnable;)V won't be passed a CallbackInfoReturnable as a result
[17:19:46] [Render thread/DEBUG] (FabricLoader/Mixin) fabric-lifecycle-events-v1.client.mixins.json:ClientChunkManagerMixin from mod fabric-lifecycle-events-v1->@Inject::onChunkUnload(Lnet/minecraft/util/math/ChunkPos;Lorg/spongepowered/asm/mixin/injection/callback/CallbackInfo;)V doesn't use it's CallbackInfo
[17:19:46] [Render thread/DEBUG] (FabricLoader/Mixin) fabric-lifecycle-events-v1.client.mixins.json:ClientChunkManagerMixin from mod fabric-lifecycle-events-v1->@Inject::onChunkUnload(Lnet/minecraft/util/math/ChunkPos;Lorg/spongepowered/asm/mixin/injection/callback/CallbackInfo;)V has 0 override(s) in child classes
[17:19:46] [Render thread/DEBUG] (FabricLoader/Mixin) fabric-lifecycle-events-v1.client.mixins.json:ClientChunkManagerMixin from mod fabric-lifecycle-events-v1->@Inject::onChunkUnload(Lnet/minecraft/util/math/ChunkPos;Lorg/spongepowered/asm/mixin/injection/callback/CallbackInfo;)V won't be passed a CallbackInfo as a result
[17:19:46] [Render thread/DEBUG] (FabricLoader/Mixin) fabric-lifecycle-events-v1.client.mixins.json:ClientChunkManagerMixin from mod fabric-lifecycle-events-v1->@Inject::onUpdateLoadDistance(ILorg/spongepowered/asm/mixin/injection/callback/CallbackInfo;)V doesn't use it's CallbackInfo
[17:19:46] [Render thread/DEBUG] (FabricLoader/Mixin) fabric-lifecycle-events-v1.client.mixins.json:ClientChunkManagerMixin from mod fabric-lifecycle-events-v1->@Inject::onUpdateLoadDistance(ILorg/spongepowered/asm/mixin/injection/callback/CallbackInfo;)V has 0 override(s) in child classes
[17:19:46] [Render thread/DEBUG] (FabricLoader/Mixin) fabric-lifecycle-events-v1.client.mixins.json:ClientChunkManagerMixin from mod fabric-lifecycle-events-v1->@Inject::onUpdateLoadDistance(ILorg/spongepowered/asm/mixin/injection/callback/CallbackInfo;)V won't be passed a CallbackInfo as a result
[17:19:46] [Render thread/DEBUG] (FabricLoader/Mixin) Mixing ClientWorldClientEntityHandlerMixin from fabric-lifecycle-events-v1.client.mixins.json into net.minecraft.client.world.ClientWorld$ClientEntityHandler
[17:19:46] [Render thread/DEBUG] (FabricLoader/Mixin) fabric-lifecycle-events-v1.client.mixins.json:ClientWorldClientEntityHandlerMixin from mod fabric-lifecycle-events-v1->@Inject::invokeLoadEntity(Lnet/minecraft/entity/Entity;Lorg/spongepowered/asm/mixin/injection/callback/CallbackInfo;)V doesn't use it's CallbackInfo
[17:19:46] [Render thread/DEBUG] (FabricLoader/Mixin) fabric-lifecycle-events-v1.client.mixins.json:ClientWorldClientEntityHandlerMixin from mod fabric-lifecycle-events-v1->@Inject::invokeUnloadEntity(Lnet/minecraft/entity/Entity;Lorg/spongepowered/asm/mixin/injection/callback/CallbackInfo;)V doesn't use it's CallbackInfo
[17:19:46] [Server thread/INFO] (net.minecraft.server.MinecraftServer) Player592 joined the game
[17:19:46] [Render thread/DEBUG] (FabricLoader/Mixin) Mixing DimensionEffectsAccessor from fabric-rendering-v1.mixins.json into net.minecraft.client.render.DimensionEffects
[17:19:46] [Render thread/DEBUG] (FabricLoader/Mixin) Renaming @Accessor method getIdentifierMap()Lit/unimi/dsi/fastutil/objects/Object2ObjectMap; to getIdentifierMap$fabric-rendering-v1_$md$9c000e$0 in fabric-rendering-v1.mixins.json:DimensionEffectsAccessor from mod fabric-rendering-v1
[17:19:46] [Render thread/DEBUG] (FabricLoader/Mixin) Mixing SectionBuilderMixin from fabric-renderer-indigo.mixins.json into net.minecraft.client.render.chunk.SectionBuilder
[17:19:46] [Render thread/DEBUG] (FabricLoader/Mixin) Renaming synthetic method lambda$hookBuild$0(Ljava/util/Map;Lnet/minecraft/client/render/chunk/BlockBufferAllocatorStorage;Lnet/minecraft/client/render/BlockRenderLayer;)Lnet/minecraft/client/render/BufferBuilder; to md9c000e$fabric-renderer-indigo$lambda$hookBuild$0$0 in fabric-renderer-indigo.mixins.json:SectionBuilderMixin from mod fabric-renderer-indigo
[17:19:46] [Render thread/DEBUG] (FabricLoader/Mixin) fabric-renderer-indigo.mixins.json:SectionBuilderMixin from mod fabric-renderer-indigo->@Inject::hookBuild(Lnet/minecraft/util/math/ChunkSectionPos;Lnet/minecraft/client/render/chunk/ChunkRendererRegion;Lcom/mojang/blaze3d/systems/VertexSorter;Lnet/minecraft/client/render/chunk/BlockBufferAllocatorStorage;Lorg/spongepowered/asm/mixin/injection/callback/CallbackInfoReturnable;)V doesn't use it's CallbackInfoReturnable
[17:19:46] [Render thread/DEBUG] (FabricLoader/Mixin) fabric-renderer-indigo.mixins.json:SectionBuilderMixin from mod fabric-renderer-indigo->@Inject::hookBuild(Lnet/minecraft/util/math/ChunkSectionPos;Lnet/minecraft/client/render/chunk/ChunkRendererRegion;Lcom/mojang/blaze3d/systems/VertexSorter;Lnet/minecraft/client/render/chunk/BlockBufferAllocatorStorage;Lorg/spongepowered/asm/mixin/injection/callback/CallbackInfoReturnable;)V has 0 override(s) in child classes
[17:19:46] [Render thread/DEBUG] (FabricLoader/Mixin) fabric-renderer-indigo.mixins.json:SectionBuilderMixin from mod fabric-renderer-indigo->@Inject::hookBuild(Lnet/minecraft/util/math/ChunkSectionPos;Lnet/minecraft/client/render/chunk/ChunkRendererRegion;Lcom/mojang/blaze3d/systems/VertexSorter;Lnet/minecraft/client/render/chunk/BlockBufferAllocatorStorage;Lorg/spongepowered/asm/mixin/injection/callback/CallbackInfoReturnable;)V won't be passed a CallbackInfoReturnable as a result
[17:19:46] [Render thread/DEBUG] (FabricLoader/Mixin) fabric-renderer-indigo.mixins.json:SectionBuilderMixin from mod fabric-renderer-indigo->@Inject::hookBuildReturn(Lnet/minecraft/util/math/ChunkSectionPos;Lnet/minecraft/client/render/chunk/ChunkRendererRegion;Lcom/mojang/blaze3d/systems/VertexSorter;Lnet/minecraft/client/render/chunk/BlockBufferAllocatorStorage;Lorg/spongepowered/asm/mixin/injection/callback/CallbackInfoReturnable;)V doesn't use it's CallbackInfoReturnable
[17:19:46] [Render thread/DEBUG] (FabricLoader/Mixin) fabric-renderer-indigo.mixins.json:SectionBuilderMixin from mod fabric-renderer-indigo->@Inject::hookBuildReturn(Lnet/minecraft/util/math/ChunkSectionPos;Lnet/minecraft/client/render/chunk/ChunkRendererRegion;Lcom/mojang/blaze3d/systems/VertexSorter;Lnet/minecraft/client/render/chunk/BlockBufferAllocatorStorage;Lorg/spongepowered/asm/mixin/injection/callback/CallbackInfoReturnable;)V has 0 override(s) in child classes
[17:19:46] [Render thread/DEBUG] (FabricLoader/Mixin) fabric-renderer-indigo.mixins.json:SectionBuilderMixin from mod fabric-renderer-indigo->@Inject::hookBuildReturn(Lnet/minecraft/util/math/ChunkSectionPos;Lnet/minecraft/client/render/chunk/ChunkRendererRegion;Lcom/mojang/blaze3d/systems/VertexSorter;Lnet/minecraft/client/render/chunk/BlockBufferAllocatorStorage;Lorg/spongepowered/asm/mixin/injection/callback/CallbackInfoReturnable;)V won't be passed a CallbackInfoReturnable as a result
[17:19:46] [Render thread/DEBUG] (FabricLoader/Mixin) Mixing RenderLayersMixin from fabric-rendering-v1.mixins.json into net.minecraft.client.render.RenderLayers
[17:19:46] [Render thread/DEBUG] (FabricLoader/Mixin) fabric-rendering-v1.mixins.json:RenderLayersMixin from mod fabric-rendering-v1->@Inject::onInitialize(Lorg/spongepowered/asm/mixin/injection/callback/CallbackInfo;)V doesn't use it's CallbackInfo
[17:19:46] [Server thread/INFO] (net.minecraft.server.MinecraftServer) Player592 has made the advancement [Acquire Hardware]
[17:19:46] [Render thread/DEBUG] (FabricLoader/Mixin) Mixing HangingSignEditScreenMixin from fabric-object-builder-v1.client.mixins.json into net.minecraft.client.gui.screen.ingame.HangingSignEditScreen
[17:19:46] [Render thread/DEBUG] (FabricLoader/Mixin) Renaming synthetic method lambda$init$0(Ljava/lang/String;)Ljava/lang/String; to md9c000e$fabric-object-builder-api-v1$lambda$init$0$0 in fabric-object-builder-v1.client.mixins.json:HangingSignEditScreenMixin from mod fabric-object-builder-api-v1
[17:19:46] [Netty Server IO #1/DEBUG] (ServerPlayNetworkAddon for literal{Player592}[style={clickEvent=SuggestCommand[command=/tell Player592 ],hoverEvent=ShowEntity[entity=net.minecraft.text.HoverEvent$EntityContent@1813fc0b],insertion=Player592}]) Handling inbound packet from channel with name "minecraft:register"
[17:19:46] [Render thread/INFO] (net.minecraft.client.gui.hud.ChatHud) [System] [CHAT] Player592 has made the advancement [Acquire Hardware]
[17:19:46] [Render thread/INFO] (net.minecraft.advancement.AdvancementManager) Loaded 41 advancements
[17:19:46] [Render thread/DEBUG] (FabricLoader/Mixin) Mixing ChunkRendererRegionBuilderMixin from fabric-block-view-api-v2.client.mixins.json into net.minecraft.client.render.chunk.ChunkRendererRegionBuilder
[17:19:46] [Render thread/DEBUG] (FabricLoader/Mixin) fabric-block-view-api-v2.client.mixins.json:ChunkRendererRegionBuilderMixin from mod fabric-block-view-api-v2->@Inject::copyDataForChunk(Lnet/minecraft/world/World;JLorg/spongepowered/asm/mixin/injection/callback/CallbackInfoReturnable;)V doesn't use it's CallbackInfoReturnable
[17:19:46] [Render thread/DEBUG] (FabricLoader/Mixin) fabric-block-view-api-v2.client.mixins.json:ChunkRendererRegionBuilderMixin from mod fabric-block-view-api-v2->@Inject::copyDataForChunk(Lnet/minecraft/world/World;JLorg/spongepowered/asm/mixin/injection/callback/CallbackInfoReturnable;)V has 0 override(s) in child classes
[17:19:46] [Render thread/DEBUG] (FabricLoader/Mixin) fabric-block-view-api-v2.client.mixins.json:ChunkRendererRegionBuilderMixin from mod fabric-block-view-api-v2->@Inject::copyDataForChunk(Lnet/minecraft/world/World;JLorg/spongepowered/asm/mixin/injection/callback/CallbackInfoReturnable;)V won't be passed a CallbackInfoReturnable as a result
[17:19:46] [Render thread/DEBUG] (FabricLoader/Mixin) fabric-block-view-api-v2.client.mixins.json:ChunkRendererRegionBuilderMixin from mod fabric-block-view-api-v2->@Inject::createDataMap(Lnet/minecraft/world/World;JLorg/spongepowered/asm/mixin/injection/callback/CallbackInfoReturnable;)V does use it's CallbackInfoReturnable
[17:19:47] [Render thread/INFO] (net.minecraft.client.gl.DynamicUniformStorage) Resizing Dynamic Transforms UBO, capacity limit of 2 reached during a single frame. New capacity will be 4.
[17:19:47] [Render thread/DEBUG] (com.mojang.blaze3d.systems.RenderSystem) Growing IndexBuffer: Old limit 0, new limit 144.
[17:19:47] [Render thread/DEBUG] (com.mojang.blaze3d.systems.RenderSystem) Growing IndexBuffer: Old limit 10080, new limit 440064.
[17:19:47] [Render thread/INFO] (net.minecraft.client.gl.DynamicUniformStorage) Resizing Dynamic Transforms UBO, capacity limit of 4 reached during a single frame. New capacity will be 8.
[17:19:47] [Render thread/DEBUG] (FabricLoader/Mixin) Mixing ChunkRendererRegionMixin from fabric-block-view-api-v2.client.mixins.json into net.minecraft.client.render.chunk.ChunkRendererRegion
[17:19:47] [Render thread/DEBUG] (FabricLoader/Mixin) Mixing ChunkRendererRegionMixin from fabric-renderer-indigo.mixins.json into net.minecraft.client.render.chunk.ChunkRendererRegion
[17:19:47] [Render thread/INFO] (net.minecraft.client.gl.DynamicUniformStorage) Resizing Dynamic Transforms UBO, capacity limit of 8 reached during a single frame. New capacity will be 16.
[17:19:47] [Render thread/INFO] (net.minecraft.client.gl.DynamicUniformStorage) Resizing Dynamic Transforms UBO, capacity limit of 16 reached during a single frame. New capacity will be 32.
[17:19:47] [Render thread/INFO] (net.minecraft.client.gl.DynamicUniformStorage) Resizing Dynamic Transforms UBO, capacity limit of 32 reached during a single frame. New capacity will be 64.
[17:19:47] [Render thread/INFO] (net.minecraft.client.gl.DynamicUniformStorage) Resizing Dynamic Transforms UBO, capacity limit of 64 reached during a single frame. New capacity will be 128.
[17:19:47] [Render thread/INFO] (net.minecraft.client.gl.DynamicUniformStorage) Resizing Dynamic Transforms UBO, capacity limit of 128 reached during a single frame. New capacity will be 256.
[17:19:47] [Render thread/INFO] (net.minecraft.client.gl.DynamicUniformStorage) Resizing Dynamic Transforms UBO, capacity limit of 256 reached during a single frame. New capacity will be 512.
[17:19:48] [Render thread/DEBUG] (FabricLoader/Mixin) Mixing AccessorGridWidget from mixins.modmenu.json into net.minecraft.client.gui.widget.GridWidget
[17:19:48] [Server thread/INFO] (net.minecraft.server.integrated.IntegratedServer) Saving and pausing game...
[17:19:48] [Server thread/INFO] (net.minecraft.server.MinecraftServer) Saving chunks for level 'ServerLevel[test]'/minecraft:overworld
[17:19:48] [Server thread/INFO] (net.minecraft.server.MinecraftServer) Saving chunks for level 'ServerLevel[test]'/minecraft:the_end
[17:19:48] [Server thread/INFO] (net.minecraft.server.MinecraftServer) Saving chunks for level 'ServerLevel[test]'/minecraft:the_nether
[17:20:04] [Server thread/INFO] (net.minecraft.server.network.ServerPlayNetworkHandler) Player592 lost connection: Disconnected
[17:20:04] [Server thread/INFO] (net.minecraft.server.MinecraftServer) Player592 left the game
[17:20:04] [Server thread/INFO] (net.minecraft.server.network.ServerCommonNetworkHandler) Stopping singleplayer server as player logged out
[17:20:04] [Server thread/INFO] (net.minecraft.server.MinecraftServer) Stopping server
[17:20:04] [Server thread/INFO] (net.minecraft.server.MinecraftServer) Saving players
[17:20:04] [Server thread/INFO] (net.minecraft.server.MinecraftServer) Saving worlds
[17:20:04] [Server thread/INFO] (net.minecraft.server.MinecraftServer) Saving chunks for level 'ServerLevel[test]'/minecraft:overworld
[17:20:04] [Server thread/INFO] (net.minecraft.server.MinecraftServer) Saving chunks for level 'ServerLevel[test]'/minecraft:the_end
[17:20:04] [Server thread/INFO] (net.minecraft.server.MinecraftServer) Saving chunks for level 'ServerLevel[test]'/minecraft:the_nether
[17:20:04] [Server thread/INFO] (net.minecraft.server.MinecraftServer) ThreadedAnvilChunkStorage (test): All chunks are saved
[17:20:04] [Server thread/INFO] (net.minecraft.server.MinecraftServer) ThreadedAnvilChunkStorage (DIM1): All chunks are saved
[17:20:04] [Server thread/INFO] (net.minecraft.server.MinecraftServer) ThreadedAnvilChunkStorage (DIM-1): All chunks are saved
[17:20:04] [Server thread/INFO] (net.minecraft.server.MinecraftServer) ThreadedAnvilChunkStorage: All dimensions are saved
[17:20:05] [Render thread/INFO] (net.minecraft.client.MinecraftClient) Stopping!
